{"type":"FeatureCollection","origin":{"lat":47.67700824285714,"lon":-122.31422615714287},"units":"metres, x east, y south","attribution":"Map data \u00a9 OpenStreetMap contributors, ODbL","features":[{"type":"Feature","properties":{"kind":"road","name":"14th Avenue Northeast","on_campus":false,"highway":"residential","sport":null,"levels":null,"id":6345429},"geometry":{"type":"LineString","coordinates":[[84.6,277.3],[82.1,270.5],[81.8,269.9],[81.9,233.5],[81.3,146.5],[81.3,143.8],[81.3,133.6],[81.2,123.8],[81.2,121.3],[81.0,61.4],[81.0,53.7]]}},{"type":"Feature","properties":{"kind":"road","name":"14th Avenue Northeast","on_campus":false,"highway":"residential","sport":null,"levels":null,"id":6345443},"geometry":{"type":"LineString","coordinates":[[75.9,-269.7],[75.7,-275.5],[75.6,-278.2],[73.2,-366.7]]}},{"type":"Feature","properties":{"kind":"road","name":"Northeast 67th Street","on_campus":false,"highway":"residential","sport":null,"levels":null,"id":6345498},"geometry":{"type":"LineString","coordinates":[[-440.9,-34.0],[-434.2,-33.9],[-430.5,-33.9],[-276.8,-32.4],[-248.0,-32.2],[-247.3,-32.2],[-236.7,-32.0],[-229.6,-32.1],[-228.1,-32.1],[-122.9,-32.6],[-120.2,-32.6],[-111.6,-32.7]]}},{"type":"Feature","properties":{"kind":"road","name":"Northeast 69th Street","on_campus":false,"highway":"residential","sport":null,"levels":null,"id":6381677},"geometry":{"type":"LineString","coordinates":[[-437.8,-195.0],[-431.6,-194.9],[-430.3,-194.9],[-355.5,-194.2],[-298.2,-193.6],[-290.2,-193.6],[-250.1,-193.2],[-249.5,-193.2],[-238.1,-193.0],[-231.7,-193.1],[-229.4,-193.1],[-121.4,-193.3],[-119.7,-193.3],[-112.8,-193.3]]}},{"type":"Feature","properties":{"kind":"road","name":"Brooklyn Avenue Northeast","on_campus":false,"highway":"residential","sport":null,"levels":null,"id":6389645},"geometry":{"type":"LineString","coordinates":[[-15.7,-270.7],[-15.8,-276.7],[-15.9,-282.3],[-17.1,-367.1]]}},{"type":"Feature","properties":{"kind":"road","name":"16th Avenue Northeast","on_campus":false,"highway":"residential","sport":null,"levels":null,"id":6419733},"geometry":{"type":"LineString","coordinates":[[252.2,248.3],[252.1,240.9],[251.9,146.5],[251.9,144.6],[251.9,133.7],[251.7,124.8],[251.7,122.7],[248.7,-56.2],[248.7,-58.5],[248.6,-60.8]]}},{"type":"Feature","properties":{"kind":"road","name":"12th Avenue Northeast","on_campus":false,"highway":"primary","sport":null,"levels":null,"id":6429459},"geometry":{"type":"LineString","coordinates":[[-111.6,-32.7],[-111.6,-40.7],[-112.0,-75.6],[-112.1,-106.4],[-112.3,-114.2],[-112.3,-119.7],[-112.8,-188.1],[-112.8,-193.3],[-112.8,-199.0],[-113.2,-243.5],[-110.5,-264.4],[-109.6,-271.7],[-108.7,-279.6],[-107.3,-292.6],[-107.4,-303.3],[-108.1,-348.6],[-108.4,-419.8],[-108.5,-424.9],[-107.6,-431.2],[-106.5,-439.2]]}},{"type":"Feature","properties":{"kind":"road","name":"Northeast 66th Street","on_campus":false,"highway":"residential","sport":null,"levels":null,"id":6476512},"geometry":{"type":"LineString","coordinates":[[-438.5,47.6],[-425.1,47.8],[-423.5,47.8],[-277.0,49.6],[-250.3,49.9],[-248.0,49.8],[-235.7,48.1],[-229.0,47.0],[-226.0,46.8],[-194.5,46.8],[-157.6,46.9],[-122.7,46.9],[-119.4,46.9],[-110.2,46.9]]}},{"type":"Feature","properties":{"kind":"road","name":"Northeast 68th Street","on_campus":false,"highway":"residential","sport":null,"levels":null,"id":6508196},"geometry":{"type":"LineString","coordinates":[[168.7,-65.5],[177.1,-65.6],[180.1,-65.7],[204.3,-66.0],[241.5,-66.5],[243.0,-66.5]]}},{"type":"Feature","properties":{"kind":"road","name":"Northeast 68th Street","on_campus":false,"highway":"residential","sport":null,"levels":null,"id":6508219},"geometry":{"type":"LineString","coordinates":[[-439.1,-115.3],[-432.4,-115.2],[-430.1,-115.1],[-356.9,-113.9],[-297.3,-112.8],[-251.3,-112.0],[-248.0,-112.0],[-238.2,-111.8],[-230.6,-112.0],[-226.5,-112.2],[-216.4,-112.5],[-120.4,-114.1],[-118.5,-114.1],[-112.3,-114.2]]}},{"type":"Feature","properties":{"kind":"road","name":null,"on_campus":false,"highway":"service","sport":null,"levels":null,"id":6554005},"geometry":{"type":"LineString","coordinates":[[35.5,133.1],[35.6,141.5],[35.7,156.0],[36.2,246.4],[37.8,250.5]]}},{"type":"Feature","properties":{"kind":"road","name":null,"on_campus":false,"highway":"service","sport":null,"levels":null,"id":6554032},"geometry":{"type":"LineString","coordinates":[[37.8,250.5],[74.2,236.5],[81.9,233.5]]}},{"type":"Feature","properties":{"kind":"road","name":null,"on_campus":false,"highway":"service","sport":null,"levels":null,"id":6554045},"geometry":{"type":"LineString","coordinates":[[81.9,233.5],[88.7,230.9],[128.9,215.4],[163.9,202.0],[171.7,202.0]]}},{"type":"Feature","properties":{"kind":"road","name":null,"on_campus":false,"highway":"service","sport":null,"levels":null,"id":6554065},"geometry":{"type":"LineString","coordinates":[[126.1,134.0],[126.1,142.4],[126.2,146.1],[126.3,162.1],[126.5,208.9],[128.9,215.4]]}},{"type":"Feature","properties":{"kind":"road","name":null,"on_campus":false,"highway":"service","sport":null,"levels":null,"id":6555086},"geometry":{"type":"LineString","coordinates":[[578.9,435.6],[570.6,435.5],[569.4,435.5],[338.5,312.1],[332.6,309.0],[326.6,305.9],[307.3,296.0],[302.9,294.1],[299.8,293.0],[296.5,292.5],[293.2,292.2],[179.1,292.2],[172.0,292.2],[164.2,292.2],[-2.0,355.4],[-8.9,355.4]]}},{"type":"Feature","properties":{"kind":"road","name":null,"on_campus":false,"highway":"service","sport":null,"levels":null,"id":6555569},"geometry":{"type":"LineString","coordinates":[[212.7,248.9],[212.7,241.4],[211.7,142.6],[211.6,134.1]]}},{"type":"Feature","properties":{"kind":"road","name":null,"on_campus":false,"highway":"service","sport":null,"levels":null,"id":6555659},"geometry":{"type":"LineString","coordinates":[[372.2,132.4],[372.2,140.3],[372.3,239.2],[372.3,246.7]]}},{"type":"Feature","properties":{"kind":"road","name":null,"on_campus":false,"highway":"service","sport":null,"levels":null,"id":6556103},"geometry":{"type":"LineString","coordinates":[[291.6,133.4],[291.6,141.5],[291.8,240.3],[291.8,248.0]]}},{"type":"Feature","properties":{"kind":"road","name":"Brooklyn Avenue Northeast","on_campus":false,"highway":"residential","sport":null,"levels":null,"id":7970605},"geometry":{"type":"LineString","coordinates":[[-9.5,222.4],[-9.5,216.3],[-9.2,144.7],[-9.2,142.0],[-9.2,132.2],[-9.2,122.8],[-9.3,120.4],[-10.0,59.5],[-10.1,53.1]]}},{"type":"Feature","properties":{"kind":"road","name":"17th Avenue Northeast","on_campus":false,"highway":"residential","sport":null,"levels":null,"id":7978629},"geometry":{"type":"LineString","coordinates":[[334.2,265.5],[333.2,268.3],[332.9,269.4],[332.7,271.2],[332.6,309.0],[332.5,336.2],[332.0,340.0],[331.0,343.7],[330.2,345.7],[329.7,346.7],[326.8,352.3]]}},{"type":"Feature","properties":{"kind":"road","name":null,"on_campus":false,"highway":"service","sport":null,"levels":null,"id":7991941},"geometry":{"type":"LineString","coordinates":[[-52.1,131.6],[-52.1,140.6],[-52.1,180.6],[-52.0,216.3],[-52.0,222.7],[-52.0,231.5],[-51.9,269.4],[-51.9,306.7],[-51.9,315.1]]}},{"type":"Feature","properties":{"kind":"road","name":null,"on_campus":false,"highway":"service","sport":null,"levels":null,"id":7991944},"geometry":{"type":"LineString","coordinates":[[-52.0,361.2],[-62.0,361.1],[-63.9,360.8],[-65.6,359.9],[-66.7,358.6],[-67.2,356.9],[-67.3,355.1],[-67.4,322.9],[-67.4,314.8],[-67.4,306.7],[-67.4,274.5],[-67.4,273.1],[-67.1,271.9],[-66.4,270.8],[-65.4,270.1],[-64.1,269.7],[-62.3,269.5],[-51.9,269.4]]}},{"type":"Feature","properties":{"kind":"road","name":null,"on_campus":false,"highway":"service","sport":null,"levels":null,"id":7991946},"geometry":{"type":"LineString","coordinates":[[-149.5,303.9],[-149.5,272.6]]}},{"type":"Feature","properties":{"kind":"road","name":null,"on_campus":false,"highway":"footway","sport":null,"levels":null,"id":8013899},"geometry":{"type":"LineString","coordinates":[[261.2,364.2],[237.3,354.3],[189.8,345.5],[183.5,343.0]]}},{"type":"Feature","properties":{"kind":"road","name":"Brooklyn Avenue Northeast","on_campus":false,"highway":"residential","sport":null,"levels":null,"id":8165745},"geometry":{"type":"LineString","coordinates":[[-9.0,266.1],[-8.9,305.3],[-8.9,307.8]]}},{"type":"Feature","properties":{"kind":"road","name":"Brooklyn Avenue Northeast","on_campus":false,"highway":"residential","sport":null,"levels":null,"id":8165746},"geometry":{"type":"LineString","coordinates":[[-9.0,266.1],[-9.4,231.5],[-9.5,222.4]]}},{"type":"Feature","properties":{"kind":"road","name":null,"on_campus":false,"highway":"service","sport":null,"levels":null,"id":8165897},"geometry":{"type":"LineString","coordinates":[[37.8,250.5],[-2.3,266.0],[-9.0,266.1]]}},{"type":"Feature","properties":{"kind":"road","name":"17th Avenue Northeast","on_campus":false,"highway":"residential","sport":null,"levels":null,"id":8165898},"geometry":{"type":"LineString","coordinates":[[332.2,133.1],[332.3,140.7],[332.4,145.4],[332.9,239.8],[333.0,243.7]]}},{"type":"Feature","properties":{"kind":"road","name":"15th Avenue Northeast","on_campus":false,"highway":"secondary","sport":null,"levels":null,"id":8591564},"geometry":{"type":"LineString","coordinates":[[171.9,334.7],[172.0,324.8],[172.0,292.2],[172.1,257.2],[172.1,249.2]]}},{"type":"Feature","properties":{"kind":"campus","name":"Roosevelt High School","on_campus":true,"highway":null,"sport":null,"levels":null,"id":10648924},"geometry":{"type":"Polygon","coordinates":[[[-100.1,40.1],[-100.8,-105.6],[162.3,-105.6],[164.3,46.5],[1.2,44.5],[-26.8,40.1],[-100.1,40.1]]]}},{"type":"Feature","properties":{"kind":"road","name":null,"on_campus":false,"highway":"residential","sport":null,"levels":null,"id":13515659},"geometry":{"type":"LineString","coordinates":[[322.2,251.9],[322.9,254.2],[323.0,254.5],[324.4,256.7],[326.4,258.7],[326.9,259.1],[334.2,265.5],[337.5,267.0],[338.3,267.2],[342.0,268.0],[344.6,268.2],[346.1,268.3],[349.7,267.7],[351.8,266.2],[353.2,264.4],[355.3,259.8],[356.5,256.2],[356.7,255.4],[356.8,252.3],[355.9,249.6],[353.8,246.8],[350.8,245.3],[339.8,245.1],[338.2,244.8],[335.7,244.1],[333.0,243.7],[330.3,243.9],[328.1,244.6],[327.2,245.2],[325.8,246.1],[323.8,248.2],[322.7,250.0],[322.2,251.9]]}},{"type":"Feature","properties":{"kind":"road","name":"Northeast 70th Street","on_campus":false,"highway":"residential","sport":null,"levels":null,"id":32123212},"geometry":{"type":"LineString","coordinates":[[-109.6,-271.7],[-100.1,-271.6],[-87.5,-272.0],[-81.5,-273.4],[-66.9,-269.9],[-61.4,-271.2],[-42.8,-273.3],[-31.0,-270.8],[-15.7,-270.7],[26.1,-270.2],[75.9,-269.7],[86.4,-267.7],[102.9,-271.4],[123.7,-267.7],[131.6,-268.8],[150.5,-268.8],[155.0,-268.8],[157.2,-268.6],[165.9,-267.3]]}},{"type":"Feature","properties":{"kind":"road","name":null,"on_campus":false,"highway":"service","sport":null,"levels":null,"id":37623346},"geometry":{"type":"LineString","coordinates":[[-62.5,-356.9],[-61.4,-277.3],[-61.4,-271.2]]}},{"type":"Feature","properties":{"kind":"road","name":"15th Avenue Northeast","on_campus":false,"highway":"secondary","sport":null,"levels":null,"id":39294439},"geometry":{"type":"LineString","coordinates":[[172.0,349.5],[172.1,346.3],[171.9,334.7]]}},{"type":"Feature","properties":{"kind":"parking","name":null,"on_campus":false,"highway":null,"sport":null,"levels":null,"id":39849836},"geometry":{"type":"Polygon","coordinates":[[[-251.3,-182.8],[-350.2,-184.7],[-351.3,-121.7],[-250.4,-120.4],[-251.3,-182.8]]]}},{"type":"Feature","properties":{"kind":"building","name":"Cedar Crossing","on_campus":false,"highway":null,"sport":null,"levels":"7","id":39849840},"geometry":{"type":"Polygon","coordinates":[[[-227.9,38.4],[-205.0,38.2],[-205.1,33.8],[-203.6,33.7],[-202.8,30.4],[-201.4,30.3],[-198.9,30.3],[-198.9,29.6],[-195.5,29.6],[-196.9,38.2],[-173.8,37.9],[-173.8,36.8],[-171.2,36.8],[-171.2,37.9],[-157.7,37.7],[-152.2,37.7],[-152.2,36.7],[-150.4,36.7],[-150.6,26.0],[-148.7,26.0],[-149.2,-23.2],[-158.9,-23.1],[-158.9,-22.2],[-183.0,-21.9],[-182.9,-20.2],[-192.2,-20.1],[-228.5,-19.8],[-228.3,2.5],[-226.7,2.5],[-226.7,6.3],[-228.3,6.3],[-228.2,12.5],[-226.6,12.5],[-226.6,16.2],[-228.1,16.3],[-228.1,22.6],[-226.5,22.6],[-226.4,26.4],[-228.1,26.4],[-227.9,38.4]]]}},{"type":"Feature","properties":{"kind":"road","name":null,"on_campus":false,"highway":"service","sport":null,"levels":null,"id":39852321},"geometry":{"type":"LineString","coordinates":[[-107.3,242.6],[-115.5,242.6],[-120.8,242.6]]}},{"type":"Feature","properties":{"kind":"road","name":null,"on_campus":false,"highway":"service","sport":null,"levels":null,"id":39852330},"geometry":{"type":"LineString","coordinates":[[-151.0,257.4],[-120.8,257.3],[-120.8,242.6],[-151.0,242.7],[-151.0,257.4]]}},{"type":"Feature","properties":{"kind":"road","name":null,"on_campus":false,"highway":"service","sport":null,"levels":null,"id":39852336},"geometry":{"type":"LineString","coordinates":[[-151.1,223.0],[-151.0,231.5],[-151.0,242.7]]}},{"type":"Feature","properties":{"kind":"road","name":null,"on_campus":false,"highway":"service","sport":null,"levels":null,"id":39852339},"geometry":{"type":"LineString","coordinates":[[-172.3,223.1],[-172.3,231.5],[-172.3,233.4]]}},{"type":"Feature","properties":{"kind":"road","name":null,"on_campus":false,"highway":"service","sport":null,"levels":null,"id":39852347},"geometry":{"type":"LineString","coordinates":[[-172.3,233.4],[-172.2,269.8]]}},{"type":"Feature","properties":{"kind":"parking","name":null,"on_campus":false,"highway":null,"sport":null,"levels":null,"id":39852380},"geometry":{"type":"Polygon","coordinates":[[[-159.4,214.8],[-171.6,194.5],[-171.8,172.1],[-168.8,162.8],[-153.9,154.3],[-120.6,154.1],[-120.5,161.2],[-118.3,161.2],[-118.3,163.1],[-118.2,203.7],[-118.1,211.6],[-119.7,213.1],[-121.2,214.6],[-128.8,214.6],[-149.2,214.7],[-154.3,214.8],[-159.4,214.8]]]}},{"type":"Feature","properties":{"kind":"road","name":null,"on_campus":false,"highway":"service","sport":null,"levels":null,"id":39852382},"geometry":{"type":"LineString","coordinates":[[-108.6,157.8],[-117.4,157.8],[-118.8,157.8],[-120.5,157.8],[-142.1,157.9]]}},{"type":"Feature","properties":{"kind":"parking","name":null,"on_campus":false,"highway":null,"sport":null,"levels":null,"id":39852390},"geometry":{"type":"Polygon","coordinates":[[[-117.3,233.0],[-117.2,266.2],[-189.9,266.5],[-190.0,233.3],[-117.3,233.0]]]}},{"type":"Feature","properties":{"kind":"road","name":null,"on_campus":false,"highway":"service","sport":null,"levels":null,"id":39852394},"geometry":{"type":"LineString","coordinates":[[-259.4,-152.4],[-279.1,-152.7],[-356.1,-154.0]]}},{"type":"Feature","properties":{"kind":"road","name":null,"on_campus":false,"highway":"service","sport":null,"levels":null,"id":39852406},"geometry":{"type":"LineString","coordinates":[[-356.5,-131.9],[-297.4,-130.9],[-259.8,-130.2]]}},{"type":"Feature","properties":{"kind":"road","name":null,"on_campus":false,"highway":"service","sport":null,"levels":null,"id":53616290},"geometry":{"type":"LineString","coordinates":[[-112.0,-75.6],[-102.8,-75.7],[-100.9,-75.7],[-91.5,-75.8]]}},{"type":"Feature","properties":{"kind":"road","name":null,"on_campus":false,"highway":"service","sport":null,"levels":null,"id":53616291},"geometry":{"type":"LineString","coordinates":[[-91.5,-75.8],[-25.9,-76.4],[-26.1,-94.2],[-91.7,-93.7],[-91.5,-75.8]]}},{"type":"Feature","properties":{"kind":"road","name":null,"on_campus":false,"highway":"service","sport":null,"levels":null,"id":53616292},"geometry":{"type":"LineString","coordinates":[[-91.5,-75.8],[-91.4,-59.1],[-56.0,-59.5]]}},{"type":"Feature","properties":{"kind":"parking","name":null,"on_campus":true,"highway":null,"sport":null,"levels":null,"id":53616293},"geometry":{"type":"Polygon","coordinates":[[[-94.2,-101.9],[-94.1,-96.1],[-98.1,-96.1],[-97.7,-53.9],[-93.9,-53.9],[-93.8,-50.5],[-20.8,-51.2],[-20.8,-57.9],[-15.0,-57.9],[-15.4,-97.4],[-19.9,-97.4],[-20.0,-102.6],[-94.2,-101.9]]]}},{"type":"Feature","properties":{"kind":"pitch","name":null,"on_campus":true,"highway":null,"sport":"american_football","levels":null,"id":53616304},"geometry":{"type":"Polygon","coordinates":[[[-71.6,-28.1],[-70.8,20.8],[39.1,19.0],[38.3,-29.9],[-71.6,-28.1]]]}},{"type":"Feature","properties":{"kind":"road","name":"Northeast 63rd Street","on_campus":false,"highway":"residential","sport":null,"levels":null,"id":74654074},"geometry":{"type":"LineString","coordinates":[[172.1,249.2],[179.9,249.1],[212.7,248.9],[245.9,248.4],[252.2,248.3]]}},{"type":"Feature","properties":{"kind":"parking","name":null,"on_campus":false,"highway":null,"sport":null,"levels":null,"id":114723748},"geometry":{"type":"Polygon","coordinates":[[[-185.9,357.1],[-186.2,323.9],[-192.3,324.0],[-192.0,357.1],[-185.9,357.1]]]}},{"type":"Feature","properties":{"kind":"road","name":null,"on_campus":false,"highway":"service","sport":null,"levels":null,"id":114723750},"geometry":{"type":"LineString","coordinates":[[-182.0,315.0],[-182.0,322.9],[-182.0,346.5],[-182.0,353.9]]}},{"type":"Feature","properties":{"kind":"parking","name":null,"on_campus":false,"highway":null,"sport":null,"levels":null,"id":114723751},"geometry":{"type":"Polygon","coordinates":[[[-123.7,327.0],[-141.8,326.9],[-141.9,354.4],[-148.2,354.4],[-148.2,360.1],[-123.8,360.2],[-123.7,327.0]]]}},{"type":"Feature","properties":{"kind":"building","name":"U.S. Bank","on_campus":false,"highway":null,"sport":null,"levels":null,"id":114723752},"geometry":{"type":"Polygon","coordinates":[[[-143.9,324.0],[-143.9,343.4],[-143.2,343.4],[-143.2,346.8],[-143.2,352.5],[-151.8,352.5],[-151.8,346.8],[-151.8,343.8],[-171.5,343.7],[-171.5,342.3],[-173.5,342.3],[-173.5,336.3],[-171.5,336.3],[-171.5,323.9],[-143.9,324.0]]]}},{"type":"Feature","properties":{"kind":"road","name":null,"on_campus":false,"highway":"service","sport":null,"levels":null,"id":114723753},"geometry":{"type":"LineString","coordinates":[[-107.5,349.8],[-115.7,349.6],[-133.0,349.4]]}},{"type":"Feature","properties":{"kind":"building","name":"Roosevelt Square","on_campus":false,"highway":null,"sport":null,"levels":"1","id":114724907},"geometry":{"type":"Polygon","coordinates":[[[-190.8,142.0],[-188.1,142.0],[-187.0,142.0],[-175.0,142.0],[-121.7,142.0],[-118.4,145.3],[-118.4,152.7],[-120.6,152.7],[-120.6,154.1],[-120.5,157.8],[-120.5,161.2],[-118.3,161.2],[-118.3,163.1],[-118.2,203.7],[-118.1,211.6],[-119.7,213.1],[-121.2,214.6],[-128.8,214.6],[-149.2,214.7],[-154.3,214.8],[-159.4,214.8],[-166.1,214.8],[-176.9,214.9],[-188.0,214.9],[-207.5,215.0],[-227.6,215.1],[-227.9,146.1],[-223.4,141.9],[-190.8,142.0]]]}},{"type":"Feature","properties":{"kind":"road","name":"Northeast 64th Street","on_campus":false,"highway":"residential","sport":null,"levels":null,"id":158274497},"geometry":{"type":"LineString","coordinates":[[-330.9,223.4],[-328.2,223.4],[-283.9,223.5],[-244.1,223.4],[-239.7,223.4],[-235.6,223.4],[-227.9,223.3],[-207.5,223.3],[-193.0,223.2],[-187.9,223.2],[-172.3,223.1],[-161.9,223.1],[-151.1,223.0],[-117.7,222.9],[-116.5,222.9],[-107.3,222.9],[-100.7,222.9],[-98.4,222.8],[-61.6,222.7],[-52.0,222.7],[-17.1,222.4],[-9.5,222.4]]}},{"type":"Feature","properties":{"kind":"road","name":"Brooklyn Avenue Northeast","on_campus":false,"highway":"residential","sport":null,"levels":null,"id":158781005},"geometry":{"type":"LineString","coordinates":[[-8.4,398.1],[-8.4,396.3],[-8.9,355.4],[-8.8,321.8],[-8.8,320.4]]}},{"type":"Feature","properties":{"kind":"road","name":"Northeast 62nd Street","on_campus":false,"highway":"residential","sport":null,"levels":null,"id":158781188},"geometry":{"type":"LineString","coordinates":[[326.8,352.3],[316.5,346.6],[304.8,340.2],[296.8,336.7],[288.4,334.2],[281.1,333.2],[266.5,332.3],[188.9,331.6],[183.5,331.5],[171.9,334.7]]}},{"type":"Feature","properties":{"kind":"road","name":"Northeast 63rd Street","on_campus":false,"highway":"residential","sport":null,"levels":null,"id":158781194},"geometry":{"type":"LineString","coordinates":[[-330.2,314.0],[-328.3,314.0],[-284.3,314.7],[-247.6,315.0],[-245.2,315.0],[-241.3,315.1],[-235.1,315.1],[-228.9,315.1],[-226.4,315.1],[-194.6,315.0],[-182.0,315.0],[-149.5,314.9],[-133.0,314.8],[-118.4,314.8],[-115.8,314.8],[-107.4,314.8],[-100.4,314.8],[-97.1,314.8],[-67.4,314.8],[-51.9,315.1],[-19.1,314.5],[-15.3,314.4]]}},{"type":"Feature","properties":{"kind":"road","name":"Northeast 63rd Street","on_campus":false,"highway":"residential","sport":null,"levels":null,"id":158781209},"geometry":{"type":"LineString","coordinates":[[-3.0,311.9],[-0.1,310.7],[75.7,280.9],[84.6,277.3],[89.0,275.7],[160.1,249.1],[163.3,249.2],[172.1,249.2]]}},{"type":"Feature","properties":{"kind":"building","name":null,"on_campus":false,"highway":null,"sport":null,"levels":null,"id":220914204},"geometry":{"type":"Polygon","coordinates":[[[192.5,302.7],[192.7,321.0],[189.7,321.0],[189.7,322.2],[186.0,322.3],[186.0,321.0],[182.2,321.0],[182.1,316.2],[183.0,316.2],[182.9,302.8],[192.5,302.7]]]}},{"type":"Feature","properties":{"kind":"building","name":null,"on_campus":false,"highway":null,"sport":null,"levels":null,"id":220914205},"geometry":{"type":"Polygon","coordinates":[[[184.6,261.6],[192.1,261.8],[192.1,263.6],[195.8,263.6],[195.8,264.4],[200.9,264.3],[200.9,270.4],[195.9,270.5],[195.9,273.3],[191.7,273.3],[191.7,273.9],[184.6,273.7],[184.6,261.6]]]}},{"type":"Feature","properties":{"kind":"building","name":null,"on_campus":false,"highway":null,"sport":null,"levels":null,"id":220914206},"geometry":{"type":"Polygon","coordinates":[[[194.6,320.9],[194.4,303.7],[196.1,303.7],[196.1,302.5],[199.5,302.4],[199.5,303.6],[203.8,303.6],[203.9,320.8],[194.6,320.9]]]}},{"type":"Feature","properties":{"kind":"building","name":null,"on_campus":false,"highway":null,"sport":null,"levels":null,"id":220914207},"geometry":{"type":"Polygon","coordinates":[[[206.3,320.7],[205.9,303.0],[215.3,302.8],[215.8,320.4],[206.3,320.7]]]}},{"type":"Feature","properties":{"kind":"building","name":null,"on_campus":false,"highway":null,"sport":null,"levels":null,"id":220914208},"geometry":{"type":"Polygon","coordinates":[[[215.0,263.7],[215.0,265.8],[215.9,265.8],[216.0,270.0],[216.4,270.0],[216.6,275.5],[215.9,275.6],[216.0,281.4],[215.5,281.4],[215.6,284.9],[215.2,284.9],[215.3,287.0],[209.8,287.1],[209.7,284.7],[210.7,284.6],[210.6,282.8],[207.5,282.9],[207.4,281.7],[206.9,281.7],[206.8,276.8],[206.3,276.8],[206.1,270.2],[206.7,270.2],[206.5,263.9],[215.0,263.7]]]}},{"type":"Feature","properties":{"kind":"building","name":null,"on_campus":false,"highway":null,"sport":null,"levels":null,"id":220914209},"geometry":{"type":"Polygon","coordinates":[[[218.5,318.4],[218.5,305.9],[222.9,305.8],[222.9,308.7],[228.3,308.7],[228.3,318.4],[224.4,318.4],[224.4,320.6],[219.3,320.6],[219.3,318.4],[218.5,318.4]]]}},{"type":"Feature","properties":{"kind":"building","name":null,"on_campus":false,"highway":null,"sport":null,"levels":null,"id":220914210},"geometry":{"type":"Polygon","coordinates":[[[231.4,318.9],[231.3,308.7],[237.5,308.7],[237.5,310.1],[239.8,310.1],[239.8,319.8],[233.7,319.8],[233.7,318.8],[231.4,318.9]]]}},{"type":"Feature","properties":{"kind":"building","name":null,"on_campus":false,"highway":null,"sport":null,"levels":null,"id":220914211},"geometry":{"type":"Polygon","coordinates":[[[231.2,262.6],[239.8,262.5],[239.9,269.5],[240.6,270.4],[240.5,272.4],[239.9,273.2],[240.0,276.2],[240.4,276.2],[240.4,278.3],[237.6,278.3],[237.6,277.1],[231.0,277.0],[231.2,262.6]]]}},{"type":"Feature","properties":{"kind":"building","name":null,"on_campus":false,"highway":null,"sport":null,"levels":null,"id":220914212},"geometry":{"type":"Polygon","coordinates":[[[242.4,309.8],[252.5,309.8],[252.4,318.0],[249.8,318.0],[249.8,319.8],[242.3,319.7],[242.4,309.8]]]}},{"type":"Feature","properties":{"kind":"building","name":null,"on_campus":false,"highway":null,"sport":null,"levels":null,"id":220914213},"geometry":{"type":"Polygon","coordinates":[[[242.4,261.8],[251.7,261.9],[251.6,264.2],[252.5,264.2],[252.2,281.8],[245.0,281.7],[245.0,280.0],[242.1,280.0],[242.4,261.8]]]}},{"type":"Feature","properties":{"kind":"building","name":null,"on_campus":false,"highway":null,"sport":null,"levels":null,"id":220914214},"geometry":{"type":"Polygon","coordinates":[[[255.1,305.3],[255.1,298.6],[264.4,298.5],[264.5,305.2],[255.1,305.3]]]}},{"type":"Feature","properties":{"kind":"building","name":null,"on_campus":false,"highway":null,"sport":null,"levels":null,"id":220914215},"geometry":{"type":"Polygon","coordinates":[[[264.5,276.9],[259.4,276.8],[259.5,274.9],[256.2,274.9],[256.4,263.6],[264.7,263.8],[264.5,276.9]]]}},{"type":"Feature","properties":{"kind":"building","name":null,"on_campus":false,"highway":null,"sport":null,"levels":null,"id":220914216},"geometry":{"type":"Polygon","coordinates":[[[276.2,278.5],[266.4,278.6],[267.3,263.1],[271.4,263.1],[271.4,261.8],[276.9,261.7],[276.2,278.5]]]}},{"type":"Feature","properties":{"kind":"building","name":null,"on_campus":false,"highway":null,"sport":null,"levels":null,"id":220914217},"geometry":{"type":"Polygon","coordinates":[[[289.8,318.8],[289.1,318.8],[289.1,320.2],[281.2,320.2],[281.2,318.7],[280.4,318.7],[280.3,305.8],[289.7,305.7],[289.8,318.8]]]}},{"type":"Feature","properties":{"kind":"building","name":null,"on_campus":false,"highway":null,"sport":null,"levels":null,"id":220914218},"geometry":{"type":"Polygon","coordinates":[[[302.2,318.8],[298.4,319.0],[298.5,320.6],[295.8,320.7],[295.7,319.1],[293.6,319.2],[293.6,318.4],[291.8,318.6],[291.5,313.9],[291.0,314.0],[290.7,309.6],[291.6,309.5],[291.2,302.9],[301.3,302.3],[302.2,318.8]]]}},{"type":"Feature","properties":{"kind":"building","name":null,"on_campus":false,"highway":null,"sport":null,"levels":null,"id":220914219},"geometry":{"type":"Polygon","coordinates":[[[278.4,270.7],[278.4,267.9],[278.7,263.0],[283.5,263.0],[283.5,261.2],[286.9,261.2],[286.9,263.0],[287.6,263.0],[287.6,266.9],[288.3,266.9],[288.3,271.6],[287.6,271.6],[287.6,277.1],[283.9,277.1],[284.0,279.8],[278.4,279.7],[278.4,270.7]]]}},{"type":"Feature","properties":{"kind":"building","name":null,"on_campus":false,"highway":null,"sport":null,"levels":null,"id":220914220},"geometry":{"type":"Polygon","coordinates":[[[300.0,279.4],[291.6,279.7],[291.6,278.2],[289.7,278.3],[289.3,270.8],[289.1,265.0],[299.1,264.8],[300.0,279.4]]]}},{"type":"Feature","properties":{"kind":"building","name":null,"on_campus":false,"highway":null,"sport":null,"levels":null,"id":220914221},"geometry":{"type":"Polygon","coordinates":[[[312.8,279.5],[312.1,279.5],[312.1,281.2],[306.2,281.3],[306.2,282.8],[306.6,282.8],[306.6,288.5],[302.6,288.5],[302.5,282.8],[303.8,282.8],[303.8,281.3],[302.7,281.3],[302.7,275.0],[302.1,275.0],[302.1,269.4],[303.6,269.4],[303.6,263.3],[308.4,263.3],[308.4,264.0],[312.7,264.0],[312.8,279.5]]]}},{"type":"Feature","properties":{"kind":"building","name":null,"on_campus":false,"highway":null,"sport":null,"levels":null,"id":220914222},"geometry":{"type":"Polygon","coordinates":[[[356.6,344.7],[363.1,344.7],[363.1,336.2],[365.1,336.2],[365.1,332.1],[371.7,332.1],[371.7,335.5],[377.1,335.5],[377.1,343.0],[369.9,343.0],[369.9,344.4],[370.8,344.4],[370.8,355.6],[367.4,355.6],[367.4,358.1],[360.0,358.0],[360.0,356.4],[356.5,356.4],[356.6,344.7]]]}},{"type":"Feature","properties":{"kind":"building","name":null,"on_campus":false,"highway":null,"sport":null,"levels":null,"id":220914223},"geometry":{"type":"Polygon","coordinates":[[[388.6,269.7],[388.2,269.7],[388.3,270.8],[383.3,270.9],[383.3,271.7],[378.6,271.8],[378.5,269.6],[373.2,269.8],[373.1,268.5],[371.3,268.6],[371.1,261.4],[373.3,261.3],[373.3,260.6],[378.0,260.5],[378.0,260.0],[379.9,260.0],[379.9,259.1],[383.6,259.0],[383.7,260.4],[388.4,260.3],[388.6,269.7]]]}},{"type":"Feature","properties":{"kind":"building","name":null,"on_campus":false,"highway":null,"sport":null,"levels":null,"id":220914224},"geometry":{"type":"Polygon","coordinates":[[[371.0,310.5],[360.6,310.7],[360.4,299.9],[361.1,299.9],[361.0,295.3],[365.7,295.2],[365.7,293.6],[370.6,293.5],[371.0,310.5]]]}},{"type":"Feature","properties":{"kind":"building","name":null,"on_campus":false,"highway":null,"sport":null,"levels":null,"id":220914225},"geometry":{"type":"Polygon","coordinates":[[[386.6,363.4],[382.7,363.4],[382.7,364.1],[380.3,364.1],[380.3,363.1],[374.7,363.1],[374.7,346.9],[384.5,346.8],[384.5,345.6],[386.6,345.6],[386.6,363.4]]]}},{"type":"Feature","properties":{"kind":"building","name":null,"on_campus":false,"highway":null,"sport":null,"levels":null,"id":220914226},"geometry":{"type":"Polygon","coordinates":[[[385.3,318.2],[380.2,318.1],[380.1,320.5],[374.9,320.4],[375.0,318.0],[373.7,318.0],[374.1,302.3],[379.5,302.4],[379.5,301.1],[385.7,301.3],[385.3,318.2]]]}},{"type":"Feature","properties":{"kind":"building","name":null,"on_campus":false,"highway":null,"sport":null,"levels":null,"id":220914227},"geometry":{"type":"Polygon","coordinates":[[[403.4,278.7],[398.4,278.8],[398.4,276.9],[393.4,277.0],[393.2,263.3],[394.6,263.3],[394.6,261.0],[402.2,260.9],[402.2,263.2],[403.2,263.2],[403.4,278.7]]]}},{"type":"Feature","properties":{"kind":"building","name":null,"on_campus":false,"highway":null,"sport":null,"levels":null,"id":220914228},"geometry":{"type":"Polygon","coordinates":[[[387.2,355.8],[396.7,355.7],[396.8,368.1],[398.5,368.0],[398.5,372.1],[390.9,372.2],[390.9,370.5],[387.4,370.5],[387.2,355.8]]]}},{"type":"Feature","properties":{"kind":"building","name":null,"on_campus":false,"highway":null,"sport":null,"levels":null,"id":220914229},"geometry":{"type":"Polygon","coordinates":[[[397.4,322.0],[393.7,322.0],[393.7,323.4],[391.5,323.4],[391.5,325.5],[388.7,325.5],[388.7,323.2],[387.6,323.2],[387.6,311.2],[387.9,311.2],[387.9,307.0],[388.8,307.0],[388.8,305.1],[396.5,305.1],[396.5,307.0],[397.4,307.0],[397.4,322.0]]]}},{"type":"Feature","properties":{"kind":"building","name":null,"on_campus":false,"highway":null,"sport":null,"levels":null,"id":220914315},"geometry":{"type":"Polygon","coordinates":[[[308.3,332.9],[308.2,330.9],[305.7,331.0],[305.6,327.0],[309.1,326.9],[309.0,323.3],[311.1,323.2],[311.1,322.2],[314.1,322.1],[314.1,322.7],[323.5,322.5],[323.6,326.4],[323.9,326.4],[324.1,332.4],[308.3,332.9]]]}},{"type":"Feature","properties":{"kind":"building","name":null,"on_campus":false,"highway":null,"sport":null,"levels":null,"id":220914318},"geometry":{"type":"Polygon","coordinates":[[[354.5,337.6],[354.6,338.6],[355.0,338.6],[355.1,342.3],[354.5,342.3],[354.8,350.0],[345.3,350.3],[345.1,343.6],[344.3,343.6],[344.1,337.9],[354.5,337.6]]]}},{"type":"Feature","properties":{"kind":"building","name":null,"on_campus":false,"highway":null,"sport":null,"levels":null,"id":220914323},"geometry":{"type":"Polygon","coordinates":[[[304.4,305.8],[311.9,305.7],[312.0,307.0],[315.3,306.9],[315.3,306.3],[321.1,306.2],[321.2,309.4],[322.7,309.3],[322.8,313.8],[321.3,313.8],[321.4,318.1],[315.1,318.1],[315.1,316.2],[311.8,316.2],[311.8,317.3],[304.5,317.4],[304.4,305.8]]]}},{"type":"Feature","properties":{"kind":"building","name":null,"on_campus":false,"highway":null,"sport":null,"levels":null,"id":220914330},"geometry":{"type":"Polygon","coordinates":[[[185.4,288.3],[185.3,283.1],[184.7,283.1],[184.6,281.2],[185.4,281.2],[185.4,280.4],[200.8,280.1],[201.0,288.0],[185.4,288.3]]]}},{"type":"Feature","properties":{"kind":"building","name":null,"on_campus":false,"highway":null,"sport":null,"levels":null,"id":220914331},"geometry":{"type":"Polygon","coordinates":[[[354.4,310.5],[345.8,310.8],[345.5,306.0],[345.2,306.0],[345.1,304.2],[345.8,304.2],[345.6,300.4],[353.9,300.0],[354.4,310.5]]]}},{"type":"Feature","properties":{"kind":"building","name":null,"on_campus":false,"highway":null,"sport":null,"levels":null,"id":220914341},"geometry":{"type":"Polygon","coordinates":[[[315.0,267.3],[323.6,267.3],[323.6,272.0],[324.3,272.0],[324.3,280.4],[323.3,280.4],[323.3,279.0],[321.0,279.0],[321.0,281.2],[321.7,281.2],[321.7,283.9],[320.7,283.9],[320.7,284.7],[319.8,284.7],[319.8,286.0],[320.3,286.0],[320.3,288.4],[315.6,288.4],[315.6,283.2],[315.1,283.2],[315.0,267.3]]]}},{"type":"Feature","properties":{"kind":"building","name":null,"on_campus":false,"highway":null,"sport":null,"levels":null,"id":220914411},"geometry":{"type":"Polygon","coordinates":[[[290.2,295.2],[294.6,294.8],[294.6,296.0],[299.7,295.6],[300.2,301.4],[298.8,301.5],[298.9,302.2],[296.5,302.3],[296.4,301.7],[290.7,302.2],[290.2,295.2]]]}},{"type":"Feature","properties":{"kind":"building","name":null,"on_campus":false,"highway":null,"sport":null,"levels":null,"id":220914424},"geometry":{"type":"Polygon","coordinates":[[[217.8,300.2],[217.6,294.5],[222.7,294.4],[222.9,300.1],[217.8,300.2]]]}},{"type":"Feature","properties":{"kind":"building","name":null,"on_campus":false,"highway":null,"sport":null,"levels":null,"id":220914434},"geometry":{"type":"Polygon","coordinates":[[[212.4,301.2],[212.4,295.0],[216.4,294.9],[216.5,301.1],[212.4,301.2]]]}},{"type":"Feature","properties":{"kind":"building","name":null,"on_campus":false,"highway":null,"sport":null,"levels":null,"id":220914437},"geometry":{"type":"Polygon","coordinates":[[[277.6,318.7],[268.1,318.6],[268.3,304.3],[277.7,304.4],[277.6,318.7]]]}},{"type":"Feature","properties":{"kind":"building","name":null,"on_campus":false,"highway":null,"sport":null,"levels":null,"id":220914439},"geometry":{"type":"Polygon","coordinates":[[[371.4,321.8],[365.4,321.9],[365.3,318.4],[371.3,318.3],[371.4,321.8]]]}},{"type":"Feature","properties":{"kind":"building","name":null,"on_campus":false,"highway":null,"sport":null,"levels":null,"id":220914445},"geometry":{"type":"Polygon","coordinates":[[[323.1,289.7],[323.2,293.7],[314.0,293.8],[314.0,289.9],[323.1,289.7]]]}},{"type":"Feature","properties":{"kind":"building","name":null,"on_campus":false,"highway":null,"sport":null,"levels":null,"id":220914451},"geometry":{"type":"Polygon","coordinates":[[[278.8,301.2],[278.6,294.7],[286.2,294.4],[286.4,301.0],[278.8,301.2]]]}},{"type":"Feature","properties":{"kind":"building","name":null,"on_campus":false,"highway":null,"sport":null,"levels":null,"id":220914460},"geometry":{"type":"Polygon","coordinates":[[[392.7,338.4],[392.7,334.9],[397.8,334.9],[397.8,338.4],[392.7,338.4]]]}},{"type":"Feature","properties":{"kind":"building","name":null,"on_campus":false,"highway":null,"sport":null,"levels":null,"id":220914466},"geometry":{"type":"Polygon","coordinates":[[[295.4,283.4],[295.6,289.4],[291.4,289.5],[291.4,288.7],[288.0,288.8],[287.8,283.7],[295.4,283.4]]]}},{"type":"Feature","properties":{"kind":"building","name":null,"on_campus":false,"highway":null,"sport":null,"levels":null,"id":220914468},"geometry":{"type":"Polygon","coordinates":[[[344.2,295.3],[344.0,290.1],[345.6,290.1],[345.4,285.4],[350.6,285.1],[350.7,287.0],[355.0,286.8],[355.4,294.7],[344.2,295.3]]]}},{"type":"Feature","properties":{"kind":"building","name":null,"on_campus":false,"highway":null,"sport":null,"levels":null,"id":220924934},"geometry":{"type":"Polygon","coordinates":[[[275.9,227.4],[275.9,229.5],[282.0,229.4],[282.2,235.5],[276.0,235.6],[276.1,237.1],[270.7,237.3],[270.8,238.5],[267.9,238.6],[267.7,234.5],[265.4,234.6],[265.3,231.9],[264.3,231.9],[264.3,229.9],[265.5,229.8],[265.4,227.7],[275.9,227.4]]]}},{"type":"Feature","properties":{"kind":"building","name":null,"on_campus":false,"highway":null,"sport":null,"levels":null,"id":220924935},"geometry":{"type":"Polygon","coordinates":[[[365.1,226.5],[365.2,237.1],[347.0,237.3],[346.9,226.6],[365.1,226.5]]]}},{"type":"Feature","properties":{"kind":"building","name":null,"on_campus":false,"highway":null,"sport":null,"levels":null,"id":220924939},"geometry":{"type":"Polygon","coordinates":[[[237.4,228.0],[237.4,228.5],[239.4,228.4],[239.6,234.0],[237.5,234.1],[237.6,237.5],[233.5,237.6],[233.6,238.1],[227.5,238.3],[227.4,237.6],[222.0,237.7],[221.8,231.4],[223.0,231.4],[222.9,228.4],[237.4,228.0]]]}},{"type":"Feature","properties":{"kind":"building","name":null,"on_campus":false,"highway":null,"sport":null,"levels":null,"id":220924940},"geometry":{"type":"Polygon","coordinates":[[[320.6,226.9],[320.9,238.6],[306.2,239.0],[305.9,227.3],[320.6,226.9]]]}},{"type":"Feature","properties":{"kind":"building","name":null,"on_campus":false,"highway":null,"sport":null,"levels":null,"id":220924941},"geometry":{"type":"Polygon","coordinates":[[[384.8,237.0],[384.8,227.0],[391.5,227.0],[391.5,226.0],[396.1,226.0],[396.1,227.0],[402.4,227.0],[402.4,237.0],[384.8,237.0]]]}},{"type":"Feature","properties":{"kind":"building","name":null,"on_campus":false,"highway":null,"sport":null,"levels":null,"id":220924946},"geometry":{"type":"Polygon","coordinates":[[[187.4,226.5],[187.4,217.9],[195.4,217.9],[195.4,217.2],[202.3,217.3],[202.3,217.7],[205.4,217.7],[205.4,219.9],[207.3,219.9],[207.3,224.3],[205.5,224.3],[205.5,226.6],[187.4,226.5]]]}},{"type":"Feature","properties":{"kind":"building","name":null,"on_campus":false,"highway":null,"sport":null,"levels":null,"id":220924947},"geometry":{"type":"Polygon","coordinates":[[[268.2,225.3],[268.5,215.6],[281.6,215.9],[281.4,222.1],[282.3,222.1],[282.2,225.7],[268.2,225.3]]]}},{"type":"Feature","properties":{"kind":"building","name":null,"on_campus":false,"highway":null,"sport":null,"levels":null,"id":220924948},"geometry":{"type":"Polygon","coordinates":[[[365.3,215.2],[365.4,225.3],[346.7,225.6],[346.6,215.4],[365.3,215.2]]]}},{"type":"Feature","properties":{"kind":"building","name":null,"on_campus":false,"highway":null,"sport":null,"levels":null,"id":220924951},"geometry":{"type":"Polygon","coordinates":[[[239.1,216.4],[239.1,224.8],[235.5,224.8],[235.5,226.0],[222.4,226.1],[222.4,223.4],[220.2,223.5],[219.2,222.0],[218.2,222.0],[218.2,217.3],[222.8,217.2],[222.8,216.6],[239.1,216.4]]]}},{"type":"Feature","properties":{"kind":"building","name":null,"on_campus":false,"highway":null,"sport":null,"levels":null,"id":220924952},"geometry":{"type":"Polygon","coordinates":[[[318.2,215.6],[318.3,224.9],[300.2,225.1],[300.1,222.0],[298.4,222.0],[298.4,221.5],[295.1,221.5],[295.1,215.9],[318.2,215.6]]]}},{"type":"Feature","properties":{"kind":"building","name":null,"on_campus":false,"highway":null,"sport":null,"levels":null,"id":220924953},"geometry":{"type":"Polygon","coordinates":[[[385.4,224.3],[385.3,214.3],[402.1,214.2],[402.2,224.2],[385.4,224.3]]]}},{"type":"Feature","properties":{"kind":"building","name":null,"on_campus":false,"highway":null,"sport":null,"levels":null,"id":220924957},"geometry":{"type":"Polygon","coordinates":[[[265.2,213.9],[265.2,202.7],[273.4,202.7],[273.4,203.5],[280.8,203.5],[284.8,206.2],[284.8,211.5],[281.0,213.9],[265.2,213.9]]]}},{"type":"Feature","properties":{"kind":"building","name":null,"on_campus":false,"highway":null,"sport":null,"levels":null,"id":220924958},"geometry":{"type":"Polygon","coordinates":[[[364.4,203.1],[364.5,212.6],[363.3,212.7],[363.3,213.4],[354.3,213.5],[354.2,212.6],[347.4,212.7],[347.3,206.6],[348.7,206.5],[348.7,203.2],[364.4,203.1]]]}},{"type":"Feature","properties":{"kind":"building","name":null,"on_campus":false,"highway":null,"sport":null,"levels":null,"id":220924960},"geometry":{"type":"Polygon","coordinates":[[[202.3,204.7],[202.2,209.9],[204.1,209.9],[204.1,213.7],[192.8,213.7],[192.8,214.5],[188.7,214.5],[188.7,210.0],[187.5,210.0],[187.6,204.6],[202.3,204.7]]]}},{"type":"Feature","properties":{"kind":"building","name":null,"on_campus":false,"highway":null,"sport":null,"levels":null,"id":220924961},"geometry":{"type":"Polygon","coordinates":[[[266.8,201.1],[266.8,199.9],[265.2,200.0],[265.1,197.1],[263.6,197.2],[263.5,195.6],[265.1,195.6],[265.1,192.4],[266.8,192.3],[266.8,191.7],[280.6,191.4],[280.7,196.1],[282.7,196.1],[283.7,196.7],[283.7,199.8],[282.9,200.7],[266.8,201.1]]]}},{"type":"Feature","properties":{"kind":"building","name":null,"on_campus":false,"highway":null,"sport":null,"levels":null,"id":220924970},"geometry":{"type":"Polygon","coordinates":[[[224.9,212.9],[224.9,211.9],[222.8,211.9],[222.8,210.7],[215.1,210.7],[215.0,204.8],[220.8,204.8],[220.8,205.3],[224.5,205.3],[224.5,204.4],[236.2,204.4],[236.3,212.9],[224.9,212.9]]]}},{"type":"Feature","properties":{"kind":"building","name":null,"on_campus":false,"highway":null,"sport":null,"levels":null,"id":220924971},"geometry":{"type":"Polygon","coordinates":[[[319.9,203.5],[320.1,212.7],[309.3,213.0],[309.4,215.1],[302.1,215.3],[302.0,212.4],[303.4,212.3],[303.2,204.0],[319.9,203.5]]]}},{"type":"Feature","properties":{"kind":"building","name":null,"on_campus":false,"highway":null,"sport":null,"levels":null,"id":220924972},"geometry":{"type":"Polygon","coordinates":[[[402.1,201.9],[402.3,212.7],[395.8,212.8],[395.8,213.4],[392.4,213.5],[392.4,212.7],[387.3,212.8],[387.2,208.8],[385.8,208.8],[385.7,206.3],[387.6,206.2],[387.6,202.1],[402.1,201.9]]]}},{"type":"Feature","properties":{"kind":"building","name":null,"on_campus":false,"highway":null,"sport":null,"levels":null,"id":220924980},"geometry":{"type":"Polygon","coordinates":[[[187.0,201.7],[186.8,193.0],[202.1,192.7],[202.2,195.5],[204.1,195.5],[204.2,201.4],[187.0,201.7]]]}},{"type":"Feature","properties":{"kind":"building","name":null,"on_campus":false,"highway":null,"sport":null,"levels":null,"id":220924981},"geometry":{"type":"Polygon","coordinates":[[[347.1,200.3],[347.3,190.7],[360.2,190.9],[360.0,200.5],[347.1,200.3]]]}},{"type":"Feature","properties":{"kind":"building","name":null,"on_campus":false,"highway":null,"sport":null,"levels":null,"id":220924987},"geometry":{"type":"Polygon","coordinates":[[[239.3,192.4],[239.5,201.0],[224.3,201.3],[224.3,200.9],[221.1,201.0],[221.0,197.7],[223.1,197.6],[223.1,194.8],[224.3,194.8],[224.3,192.7],[239.3,192.4]]]}},{"type":"Feature","properties":{"kind":"building","name":null,"on_campus":false,"highway":null,"sport":null,"levels":null,"id":220924988},"geometry":{"type":"Polygon","coordinates":[[[317.9,191.0],[318.0,200.1],[314.2,200.1],[314.2,200.9],[304.6,201.0],[304.5,191.2],[317.9,191.0]]]}},{"type":"Feature","properties":{"kind":"building","name":null,"on_campus":false,"highway":null,"sport":null,"levels":null,"id":220924993},"geometry":{"type":"Polygon","coordinates":[[[280.4,179.7],[280.4,180.9],[282.2,180.9],[282.2,181.6],[282.6,181.6],[282.6,183.6],[281.9,183.6],[282.0,186.5],[280.7,186.5],[280.7,189.3],[276.0,189.3],[276.0,189.8],[270.4,189.9],[270.4,189.4],[265.1,189.4],[265.1,187.8],[263.5,187.8],[263.5,185.5],[265.1,185.5],[265.0,180.0],[280.4,179.7]]]}},{"type":"Feature","properties":{"kind":"building","name":null,"on_campus":false,"highway":null,"sport":null,"levels":null,"id":220924994},"geometry":{"type":"Polygon","coordinates":[[[384.0,187.5],[383.9,178.4],[401.3,178.3],[401.4,187.4],[384.0,187.5]]]}},{"type":"Feature","properties":{"kind":"building","name":null,"on_campus":false,"highway":null,"sport":null,"levels":null,"id":220924995},"geometry":{"type":"Polygon","coordinates":[[[202.0,180.3],[202.1,184.0],[203.4,183.9],[203.4,186.8],[201.9,186.9],[202.0,189.1],[194.3,189.3],[194.4,191.7],[190.9,191.8],[190.8,189.3],[187.2,189.4],[186.9,180.7],[202.0,180.3]]]}},{"type":"Feature","properties":{"kind":"building","name":null,"on_campus":false,"highway":null,"sport":null,"levels":null,"id":220924996},"geometry":{"type":"Polygon","coordinates":[[[346.3,189.3],[346.4,185.4],[344.9,185.4],[345.0,183.0],[346.4,183.1],[346.5,178.4],[353.3,178.6],[354.2,178.1],[356.8,178.1],[357.3,178.6],[363.2,178.7],[363.1,183.8],[361.6,183.8],[361.5,189.6],[346.3,189.3]]]}},{"type":"Feature","properties":{"kind":"building","name":null,"on_campus":false,"highway":null,"sport":null,"levels":null,"id":220925003},"geometry":{"type":"Polygon","coordinates":[[[226.4,188.3],[226.2,179.7],[239.1,179.4],[239.3,188.0],[226.4,188.3]]]}},{"type":"Feature","properties":{"kind":"building","name":null,"on_campus":false,"highway":null,"sport":null,"levels":null,"id":220925004},"geometry":{"type":"Polygon","coordinates":[[[318.7,179.1],[318.9,188.6],[306.4,188.8],[306.4,187.8],[303.8,187.8],[303.7,179.4],[318.7,179.1]]]}},{"type":"Feature","properties":{"kind":"building","name":null,"on_campus":false,"highway":null,"sport":null,"levels":null,"id":220925010},"geometry":{"type":"Polygon","coordinates":[[[188.3,177.7],[188.3,176.2],[188.0,176.2],[188.0,174.4],[188.3,174.4],[188.3,173.5],[187.7,173.5],[187.7,168.8],[192.3,168.8],[192.3,168.4],[196.9,168.4],[196.9,168.6],[201.2,168.6],[201.3,169.3],[200.6,169.3],[200.6,177.6],[188.3,177.7]]]}},{"type":"Feature","properties":{"kind":"building","name":null,"on_campus":false,"highway":null,"sport":null,"levels":null,"id":220925011},"geometry":{"type":"Polygon","coordinates":[[[265.2,177.5],[265.1,167.7],[283.6,167.4],[283.7,177.2],[265.2,177.5]]]}},{"type":"Feature","properties":{"kind":"building","name":null,"on_campus":false,"highway":null,"sport":null,"levels":null,"id":220925012},"geometry":{"type":"Polygon","coordinates":[[[365.0,166.9],[364.9,175.4],[361.9,175.4],[361.9,176.3],[346.6,176.2],[346.7,166.7],[365.0,166.9]]]}},{"type":"Feature","properties":{"kind":"building","name":null,"on_campus":false,"highway":null,"sport":null,"levels":null,"id":220925013},"geometry":{"type":"Polygon","coordinates":[[[303.7,176.1],[303.5,166.6],[319.8,166.4],[319.9,175.9],[303.7,176.1]]]}},{"type":"Feature","properties":{"kind":"building","name":null,"on_campus":false,"highway":null,"sport":null,"levels":null,"id":220925014},"geometry":{"type":"Polygon","coordinates":[[[387.6,176.1],[387.8,169.6],[383.2,169.5],[383.2,166.3],[387.8,166.4],[387.8,165.5],[399.8,165.8],[399.6,176.3],[387.6,176.1]]]}},{"type":"Feature","properties":{"kind":"building","name":null,"on_campus":false,"highway":null,"sport":null,"levels":null,"id":220925021},"geometry":{"type":"Polygon","coordinates":[[[215.2,179.3],[215.1,176.1],[220.9,175.9],[220.9,174.0],[225.7,173.8],[225.7,171.1],[225.0,171.1],[225.0,169.1],[225.7,169.1],[225.7,167.8],[236.4,167.6],[236.6,176.8],[226.6,177.1],[226.7,179.1],[215.2,179.3]]]}},{"type":"Feature","properties":{"kind":"building","name":null,"on_campus":false,"highway":null,"sport":null,"levels":null,"id":220925025},"geometry":{"type":"Polygon","coordinates":[[[398.6,153.9],[398.7,160.4],[398.0,160.5],[398.0,163.5],[386.8,163.7],[386.6,154.1],[398.6,153.9]]]}},{"type":"Feature","properties":{"kind":"building","name":null,"on_campus":false,"highway":null,"sport":null,"levels":null,"id":220925027},"geometry":{"type":"Polygon","coordinates":[[[188.1,165.8],[188.1,160.8],[187.5,160.8],[187.5,157.3],[188.4,157.3],[188.4,157.0],[191.4,157.0],[191.4,156.6],[195.6,156.6],[195.6,157.0],[202.4,156.9],[202.5,165.7],[188.1,165.8]]]}},{"type":"Feature","properties":{"kind":"building","name":null,"on_campus":false,"highway":null,"sport":null,"levels":null,"id":220925028},"geometry":{"type":"Polygon","coordinates":[[[265.2,164.2],[265.1,155.1],[277.5,155.0],[277.6,164.1],[265.2,164.2]]]}},{"type":"Feature","properties":{"kind":"building","name":null,"on_campus":false,"highway":null,"sport":null,"levels":null,"id":220925029},"geometry":{"type":"Polygon","coordinates":[[[346.3,163.5],[346.6,157.4],[347.6,157.4],[347.7,153.9],[363.5,154.4],[363.2,164.2],[346.3,163.5]]]}},{"type":"Feature","properties":{"kind":"building","name":null,"on_campus":false,"highway":null,"sport":null,"levels":null,"id":220925032},"geometry":{"type":"Polygon","coordinates":[[[221.6,165.4],[221.6,164.6],[220.6,164.7],[220.5,162.2],[221.8,162.2],[221.6,156.4],[239.1,155.9],[239.3,164.9],[221.6,165.4]]]}},{"type":"Feature","properties":{"kind":"building","name":null,"on_campus":false,"highway":null,"sport":null,"levels":null,"id":220925033},"geometry":{"type":"Polygon","coordinates":[[[302.9,165.2],[302.9,161.1],[301.7,161.1],[301.7,157.4],[303.0,157.4],[302.9,154.2],[317.3,154.1],[317.3,157.6],[320.3,157.6],[320.3,161.7],[317.4,161.7],[317.4,165.1],[302.9,165.2]]]}},{"type":"Feature","properties":{"kind":"building","name":null,"on_campus":false,"highway":null,"sport":null,"levels":null,"id":220925036},"geometry":{"type":"Polygon","coordinates":[[[264.6,153.5],[264.5,143.6],[280.9,143.3],[281.0,153.2],[264.6,153.5]]]}},{"type":"Feature","properties":{"kind":"building","name":null,"on_campus":false,"highway":null,"sport":null,"levels":null,"id":220925038},"geometry":{"type":"Polygon","coordinates":[[[319.4,143.1],[319.9,152.5],[305.6,153.2],[305.5,151.8],[302.9,151.9],[302.6,145.1],[303.6,143.9],[319.4,143.1]]]}},{"type":"Feature","properties":{"kind":"building","name":null,"on_campus":false,"highway":null,"sport":null,"levels":null,"id":220925039},"geometry":{"type":"Polygon","coordinates":[[[378.7,151.9],[378.7,142.6],[396.3,142.7],[396.3,146.1],[398.3,146.1],[398.3,152.0],[378.7,151.9]]]}},{"type":"Feature","properties":{"kind":"building","name":null,"on_campus":false,"highway":null,"sport":null,"levels":null,"id":220925042},"geometry":{"type":"Polygon","coordinates":[[[360.5,142.6],[360.5,143.6],[368.3,143.6],[368.4,152.7],[359.7,152.8],[359.7,152.5],[347.4,152.5],[347.4,142.6],[360.5,142.6]]]}},{"type":"Feature","properties":{"kind":"building","name":null,"on_campus":false,"highway":null,"sport":null,"levels":null,"id":220925047},"geometry":{"type":"Polygon","coordinates":[[[187.3,239.2],[187.2,234.3],[186.1,234.4],[186.1,232.1],[187.2,232.0],[187.1,230.0],[189.9,229.9],[189.9,228.9],[192.8,228.8],[192.9,230.0],[200.6,229.8],[200.7,233.6],[199.2,233.7],[199.4,238.9],[187.3,239.2]]]}},{"type":"Feature","properties":{"kind":"building","name":null,"on_campus":false,"highway":null,"sport":null,"levels":null,"id":220925048},"geometry":{"type":"Polygon","coordinates":[[[243.8,143.2],[243.9,151.1],[241.6,151.1],[241.6,152.9],[239.2,152.9],[239.2,153.8],[217.1,154.2],[216.9,143.7],[243.8,143.2]]]}},{"type":"Feature","properties":{"kind":"building","name":null,"on_campus":false,"highway":null,"sport":null,"levels":null,"id":220925051},"geometry":{"type":"Polygon","coordinates":[[[374.5,206.2],[379.2,206.2],[379.2,213.4],[374.5,213.4],[374.5,206.2]]]}},{"type":"Feature","properties":{"kind":"building","name":null,"on_campus":false,"highway":null,"sport":null,"levels":null,"id":220925052},"geometry":{"type":"Polygon","coordinates":[[[215.3,192.0],[219.1,192.0],[219.2,197.7],[215.4,197.7],[215.3,192.0]]]}},{"type":"Feature","properties":{"kind":"building","name":null,"on_campus":false,"highway":null,"sport":null,"levels":null,"id":220925053},"geometry":{"type":"Polygon","coordinates":[[[290.1,166.2],[284.0,166.3],[283.9,159.4],[290.1,159.4],[290.1,166.2]]]}},{"type":"Feature","properties":{"kind":"building","name":null,"on_campus":false,"highway":null,"sport":null,"levels":null,"id":220925056},"geometry":{"type":"Polygon","coordinates":[[[286.3,211.7],[290.9,211.5],[291.3,221.2],[286.7,221.3],[286.3,211.7]]]}},{"type":"Feature","properties":{"kind":"building","name":null,"on_campus":false,"highway":null,"sport":null,"levels":null,"id":220925057},"geometry":{"type":"Polygon","coordinates":[[[367.5,171.1],[371.6,171.3],[371.4,178.1],[367.3,178.0],[367.5,171.1]]]}},{"type":"Feature","properties":{"kind":"building","name":null,"on_campus":false,"highway":null,"sport":null,"levels":null,"id":220925065},"geometry":{"type":"Polygon","coordinates":[[[283.8,186.4],[290.9,186.4],[290.9,190.3],[283.8,190.2],[283.8,186.4]]]}},{"type":"Feature","properties":{"kind":"building","name":null,"on_campus":false,"highway":null,"sport":null,"levels":null,"id":220925066},"geometry":{"type":"Polygon","coordinates":[[[211.6,191.9],[207.1,192.0],[207.0,186.2],[211.4,186.1],[211.6,191.9]]]}},{"type":"Feature","properties":{"kind":"building","name":null,"on_campus":false,"highway":null,"sport":null,"levels":null,"id":220925074},"geometry":{"type":"Polygon","coordinates":[[[192.2,154.8],[192.1,143.7],[211.5,143.5],[211.6,154.6],[192.2,154.8]]]}},{"type":"Feature","properties":{"kind":"building","name":null,"on_campus":false,"highway":null,"sport":null,"levels":null,"id":220925078},"geometry":{"type":"Polygon","coordinates":[[[206.6,228.6],[211.6,228.4],[211.8,234.5],[206.7,234.6],[206.6,228.6]]]}},{"type":"Feature","properties":{"kind":"building","name":null,"on_campus":false,"highway":null,"sport":null,"levels":null,"id":220925082},"geometry":{"type":"Polygon","coordinates":[[[217.7,228.8],[221.2,231.2],[218.5,235.2],[214.9,232.7],[217.7,228.8]]]}},{"type":"Feature","properties":{"kind":"building","name":null,"on_campus":false,"highway":null,"sport":null,"levels":null,"id":220925089},"geometry":{"type":"Polygon","coordinates":[[[365.2,164.9],[365.0,159.4],[368.0,159.3],[368.0,158.1],[371.8,158.0],[372.0,164.7],[365.2,164.9]]]}},{"type":"Feature","properties":{"kind":"building","name":null,"on_campus":false,"highway":null,"sport":null,"levels":null,"id":220925283},"geometry":{"type":"Polygon","coordinates":[[[180.6,-41.4],[180.5,-50.6],[188.0,-50.6],[188.1,-43.3],[189.2,-43.3],[189.3,-37.7],[187.7,-37.7],[180.7,-37.6],[180.6,-38.2],[180.1,-38.2],[180.0,-41.4],[180.6,-41.4]]]}},{"type":"Feature","properties":{"kind":"building","name":null,"on_campus":false,"highway":null,"sport":null,"levels":null,"id":220925284},"geometry":{"type":"Polygon","coordinates":[[[197.6,-50.6],[197.8,-34.6],[196.8,-34.6],[196.9,-30.5],[189.9,-30.4],[189.9,-35.1],[190.3,-35.1],[190.2,-50.5],[197.6,-50.6]]]}},{"type":"Feature","properties":{"kind":"building","name":null,"on_campus":false,"highway":null,"sport":null,"levels":null,"id":220925286},"geometry":{"type":"Polygon","coordinates":[[[208.5,-48.3],[208.7,-37.6],[207.4,-37.6],[207.4,-35.4],[202.8,-35.4],[202.8,-37.6],[200.9,-37.6],[200.8,-45.5],[202.5,-45.6],[202.5,-48.2],[208.5,-48.3]]]}},{"type":"Feature","properties":{"kind":"building","name":null,"on_campus":false,"highway":null,"sport":null,"levels":null,"id":220925287},"geometry":{"type":"Polygon","coordinates":[[[262.3,96.6],[267.7,96.5],[267.8,98.8],[268.6,98.8],[268.6,100.7],[272.7,100.6],[272.9,115.1],[269.8,115.1],[269.9,117.1],[263.2,117.2],[263.2,114.9],[262.6,114.9],[262.3,96.6]]]}},{"type":"Feature","properties":{"kind":"building","name":null,"on_campus":false,"highway":null,"sport":null,"levels":null,"id":220925288},"geometry":{"type":"Polygon","coordinates":[[[286.9,98.9],[286.9,105.4],[287.7,105.4],[287.7,110.1],[287.2,110.1],[287.2,114.8],[286.7,114.8],[286.7,117.2],[277.2,117.2],[277.2,110.5],[276.7,110.5],[276.8,104.5],[277.0,104.5],[277.1,98.9],[286.9,98.9]]]}},{"type":"Feature","properties":{"kind":"building","name":null,"on_campus":false,"highway":null,"sport":null,"levels":null,"id":220925289},"geometry":{"type":"Polygon","coordinates":[[[302.2,116.9],[291.0,116.9],[290.7,101.9],[302.0,102.2],[302.2,116.9]]]}},{"type":"Feature","properties":{"kind":"building","name":null,"on_campus":false,"highway":null,"sport":null,"levels":null,"id":220925290},"geometry":{"type":"Polygon","coordinates":[[[307.7,116.9],[308.0,103.4],[318.3,103.6],[318.1,112.3],[318.8,112.4],[318.7,117.1],[307.7,116.9]]]}},{"type":"Feature","properties":{"kind":"building","name":null,"on_campus":false,"highway":null,"sport":null,"levels":null,"id":220925291},"geometry":{"type":"Polygon","coordinates":[[[361.0,-41.8],[347.7,-41.4],[347.6,-47.3],[345.8,-47.2],[345.7,-52.8],[351.5,-52.9],[351.6,-51.4],[362.6,-51.7],[362.8,-43.8],[360.9,-43.8],[361.0,-41.8]]]}},{"type":"Feature","properties":{"kind":"building","name":null,"on_campus":false,"highway":null,"sport":null,"levels":null,"id":220925298},"geometry":{"type":"Polygon","coordinates":[[[346.8,96.6],[359.2,96.3],[359.4,106.0],[347.0,106.2],[346.8,96.6]]]}},{"type":"Feature","properties":{"kind":"building","name":null,"on_campus":false,"highway":null,"sport":null,"levels":null,"id":220925301},"geometry":{"type":"Polygon","coordinates":[[[364.9,78.8],[364.9,89.5],[351.5,89.4],[351.5,87.3],[350.5,87.3],[350.6,84.9],[349.6,84.9],[349.6,82.7],[347.4,82.7],[347.4,79.1],[349.1,79.1],[349.1,78.7],[364.9,78.8]]]}},{"type":"Feature","properties":{"kind":"building","name":null,"on_campus":false,"highway":null,"sport":null,"levels":null,"id":220925305},"geometry":{"type":"Polygon","coordinates":[[[317.7,87.7],[318.0,94.6],[313.7,94.7],[313.8,95.3],[309.1,95.3],[309.1,94.7],[300.6,94.7],[300.5,91.3],[300.0,91.3],[299.3,90.5],[299.2,89.9],[299.5,88.8],[300.4,88.5],[300.4,87.7],[317.7,87.7]]]}},{"type":"Feature","properties":{"kind":"building","name":null,"on_campus":false,"highway":null,"sport":null,"levels":null,"id":220925309},"geometry":{"type":"Polygon","coordinates":[[[263.3,90.3],[263.3,86.8],[262.5,86.8],[262.5,81.5],[271.0,81.5],[271.0,80.5],[274.1,80.5],[274.1,81.3],[278.1,81.3],[278.1,90.3],[263.3,90.3]]]}},{"type":"Feature","properties":{"kind":"building","name":null,"on_campus":false,"highway":null,"sport":null,"levels":null,"id":220925310},"geometry":{"type":"Polygon","coordinates":[[[383.3,76.7],[398.4,76.6],[398.5,84.4],[392.3,84.4],[392.3,85.0],[387.3,85.1],[387.3,84.5],[384.1,84.5],[384.1,80.0],[383.3,80.0],[383.3,76.7]]]}},{"type":"Feature","properties":{"kind":"building","name":null,"on_campus":false,"highway":null,"sport":null,"levels":null,"id":220925314},"geometry":{"type":"Polygon","coordinates":[[[317.4,77.8],[317.5,82.0],[319.0,81.9],[319.1,85.9],[317.7,85.9],[317.8,86.7],[304.7,87.1],[304.6,82.2],[303.1,82.3],[303.0,78.2],[317.4,77.8]]]}},{"type":"Feature","properties":{"kind":"building","name":null,"on_campus":false,"highway":null,"sport":null,"levels":null,"id":220925317},"geometry":{"type":"Polygon","coordinates":[[[265.4,78.3],[265.3,69.8],[279.5,69.5],[279.7,78.1],[265.4,78.3]]]}},{"type":"Feature","properties":{"kind":"building","name":null,"on_campus":false,"highway":null,"sport":null,"levels":null,"id":220925318},"geometry":{"type":"Polygon","coordinates":[[[349.0,76.6],[349.0,72.8],[349.8,72.8],[349.8,71.7],[346.2,71.8],[346.2,68.2],[350.7,68.1],[350.7,66.7],[355.0,66.7],[355.0,67.3],[363.0,67.2],[363.1,76.4],[349.0,76.6]]]}},{"type":"Feature","properties":{"kind":"building","name":null,"on_campus":false,"highway":null,"sport":null,"levels":null,"id":220925320},"geometry":{"type":"Polygon","coordinates":[[[396.5,74.1],[381.8,74.4],[381.6,65.8],[394.6,65.5],[394.7,69.7],[396.4,69.7],[396.5,74.1]]]}},{"type":"Feature","properties":{"kind":"building","name":null,"on_campus":false,"highway":null,"sport":null,"levels":null,"id":220925324},"geometry":{"type":"Polygon","coordinates":[[[299.9,75.6],[299.9,74.1],[298.6,74.1],[298.5,70.3],[299.9,70.3],[299.8,66.1],[318.4,65.4],[318.7,74.9],[299.9,75.6]]]}},{"type":"Feature","properties":{"kind":"building","name":null,"on_campus":false,"highway":null,"sport":null,"levels":null,"id":220925327},"geometry":{"type":"Polygon","coordinates":[[[266.0,67.6],[265.7,61.0],[264.5,61.0],[264.3,58.0],[269.1,57.9],[269.0,56.7],[271.7,56.6],[271.8,58.3],[279.1,58.0],[279.5,67.1],[266.0,67.6]]]}},{"type":"Feature","properties":{"kind":"building","name":null,"on_campus":false,"highway":null,"sport":null,"levels":null,"id":220925328},"geometry":{"type":"Polygon","coordinates":[[[350.6,64.6],[350.6,63.6],[348.3,63.7],[348.3,60.4],[345.2,60.4],[345.1,54.0],[347.1,54.0],[347.1,57.9],[348.3,57.9],[348.2,55.6],[350.0,55.6],[350.0,55.0],[354.6,54.9],[354.6,54.5],[360.8,54.4],[360.8,54.8],[366.3,54.7],[366.4,64.4],[350.6,64.6]]]}},{"type":"Feature","properties":{"kind":"building","name":null,"on_campus":false,"highway":null,"sport":null,"levels":null,"id":220925329},"geometry":{"type":"Polygon","coordinates":[[[318.0,55.9],[318.0,61.1],[317.3,61.1],[317.3,65.1],[302.0,65.2],[302.0,56.0],[318.0,55.9]]]}},{"type":"Feature","properties":{"kind":"building","name":null,"on_campus":false,"highway":null,"sport":null,"levels":null,"id":220925331},"geometry":{"type":"Polygon","coordinates":[[[382.7,49.4],[397.2,49.4],[397.2,55.3],[395.2,55.3],[395.2,61.4],[385.1,61.4],[385.1,57.5],[382.6,57.5],[382.7,49.4]]]}},{"type":"Feature","properties":{"kind":"building","name":null,"on_campus":false,"highway":null,"sport":null,"levels":null,"id":220925333},"geometry":{"type":"Polygon","coordinates":[[[280.8,44.6],[280.8,43.1],[283.5,43.0],[283.6,46.2],[283.1,46.2],[283.3,52.8],[281.4,52.8],[281.4,54.5],[270.4,54.8],[270.4,53.7],[265.4,53.8],[265.3,46.4],[268.4,46.4],[268.3,44.9],[280.8,44.6]]]}},{"type":"Feature","properties":{"kind":"building","name":null,"on_campus":false,"highway":null,"sport":null,"levels":null,"id":220925335},"geometry":{"type":"Polygon","coordinates":[[[219.9,57.2],[219.5,48.4],[236.5,47.7],[236.8,56.4],[219.9,57.2]]]}},{"type":"Feature","properties":{"kind":"building","name":null,"on_campus":false,"highway":null,"sport":null,"levels":null,"id":220925336},"geometry":{"type":"Polygon","coordinates":[[[315.8,45.2],[316.0,50.7],[317.8,50.7],[317.9,54.4],[303.1,54.9],[303.0,53.9],[299.9,54.0],[299.8,51.3],[299.3,51.3],[299.1,45.8],[315.8,45.2]]]}},{"type":"Feature","properties":{"kind":"building","name":null,"on_campus":false,"highway":null,"sport":null,"levels":null,"id":220925338},"geometry":{"type":"Polygon","coordinates":[[[348.8,52.5],[348.5,43.4],[353.5,43.2],[353.4,41.4],[359.4,41.2],[359.5,43.6],[364.7,43.4],[365.0,51.8],[348.8,52.5]]]}},{"type":"Feature","properties":{"kind":"building","name":null,"on_campus":false,"highway":null,"sport":null,"levels":null,"id":220925341},"geometry":{"type":"Polygon","coordinates":[[[265.5,42.9],[265.2,35.1],[282.8,34.4],[283.2,42.2],[265.5,42.9]]]}},{"type":"Feature","properties":{"kind":"building","name":null,"on_campus":false,"highway":null,"sport":null,"levels":null,"id":220925342},"geometry":{"type":"Polygon","coordinates":[[[234.4,34.7],[234.5,35.8],[235.9,35.7],[236.0,40.2],[234.8,40.2],[235.0,45.5],[218.2,46.1],[218.1,42.4],[215.4,42.5],[215.2,35.3],[234.4,34.7]]]}},{"type":"Feature","properties":{"kind":"building","name":null,"on_campus":false,"highway":null,"sport":null,"levels":null,"id":220925343},"geometry":{"type":"Polygon","coordinates":[[[303.9,43.4],[304.0,35.3],[307.5,35.3],[307.6,34.1],[311.4,34.1],[311.4,35.3],[315.6,35.4],[315.6,43.5],[303.9,43.4]]]}},{"type":"Feature","properties":{"kind":"building","name":null,"on_campus":false,"highway":null,"sport":null,"levels":null,"id":220925344},"geometry":{"type":"Polygon","coordinates":[[[399.5,43.0],[385.3,43.2],[385.3,41.9],[383.9,41.9],[383.8,36.1],[385.3,36.1],[385.2,33.2],[399.3,33.0],[399.5,43.0]]]}},{"type":"Feature","properties":{"kind":"building","name":null,"on_campus":false,"highway":null,"sport":null,"levels":null,"id":220925347},"geometry":{"type":"Polygon","coordinates":[[[265.9,32.2],[265.6,22.7],[282.3,22.1],[282.7,31.8],[265.9,32.2]]]}},{"type":"Feature","properties":{"kind":"building","name":null,"on_campus":false,"highway":null,"sport":null,"levels":null,"id":220925348},"geometry":{"type":"Polygon","coordinates":[[[362.2,25.2],[362.2,24.4],[366.6,24.4],[366.5,34.4],[365.3,34.4],[365.3,34.9],[360.6,34.9],[360.6,35.5],[355.7,35.5],[355.7,34.7],[348.0,34.7],[348.0,25.0],[362.2,25.2]]]}},{"type":"Feature","properties":{"kind":"building","name":null,"on_campus":false,"highway":null,"sport":null,"levels":null,"id":220925351},"geometry":{"type":"Polygon","coordinates":[[[399.1,32.0],[384.8,31.9],[384.9,23.9],[399.2,24.0],[399.1,32.0]]]}},{"type":"Feature","properties":{"kind":"building","name":null,"on_campus":false,"highway":null,"sport":null,"levels":null,"id":220925353},"geometry":{"type":"Polygon","coordinates":[[[236.6,21.0],[237.1,30.8],[233.5,31.0],[233.6,32.5],[228.0,32.8],[228.0,31.8],[219.0,32.2],[218.6,21.8],[236.6,21.0]]]}},{"type":"Feature","properties":{"kind":"building","name":null,"on_campus":false,"highway":null,"sport":null,"levels":null,"id":220925354},"geometry":{"type":"Polygon","coordinates":[[[318.0,21.0],[318.3,31.1],[303.7,31.4],[303.5,26.0],[302.6,26.0],[302.6,23.6],[303.4,23.6],[303.3,21.3],[318.0,21.0]]]}},{"type":"Feature","properties":{"kind":"building","name":null,"on_campus":false,"highway":null,"sport":null,"levels":null,"id":220925358},"geometry":{"type":"Polygon","coordinates":[[[365.3,12.5],[365.3,14.9],[367.6,14.8],[367.7,21.3],[365.4,21.3],[365.4,22.5],[350.0,22.8],[350.0,18.0],[347.5,18.0],[347.4,12.8],[365.3,12.5]]]}},{"type":"Feature","properties":{"kind":"building","name":null,"on_campus":false,"highway":null,"sport":null,"levels":null,"id":220925360},"geometry":{"type":"Polygon","coordinates":[[[381.4,8.0],[397.1,7.6],[397.3,16.4],[395.1,16.4],[395.1,19.7],[381.7,20.0],[381.4,8.0]]]}},{"type":"Feature","properties":{"kind":"building","name":null,"on_campus":false,"highway":null,"sport":null,"levels":null,"id":220925361},"geometry":{"type":"Polygon","coordinates":[[[265.5,17.6],[265.4,13.8],[260.1,13.9],[260.1,12.3],[264.2,12.2],[264.1,10.5],[260.0,10.6],[259.9,7.0],[266.4,6.9],[266.5,8.9],[281.8,8.6],[282.0,17.3],[265.5,17.6]]]}},{"type":"Feature","properties":{"kind":"building","name":null,"on_campus":false,"highway":null,"sport":null,"levels":null,"id":220925363},"geometry":{"type":"Polygon","coordinates":[[[211.2,7.9],[216.8,7.8],[216.8,8.8],[219.7,8.7],[219.6,7.3],[223.4,7.2],[223.5,8.3],[230.1,8.2],[230.2,13.9],[220.8,14.1],[220.9,17.7],[216.2,17.8],[216.2,20.7],[211.4,20.8],[211.2,7.9]]]}},{"type":"Feature","properties":{"kind":"building","name":null,"on_campus":false,"highway":null,"sport":null,"levels":null,"id":220925364},"geometry":{"type":"Polygon","coordinates":[[[317.5,6.9],[317.6,17.6],[309.4,17.7],[309.4,17.1],[301.8,17.2],[301.8,8.0],[305.8,8.0],[305.8,7.0],[317.5,6.9]]]}},{"type":"Feature","properties":{"kind":"building","name":null,"on_campus":false,"highway":null,"sport":null,"levels":null,"id":220925370},"geometry":{"type":"Polygon","coordinates":[[[320.4,-5.1],[320.5,0.1],[318.5,0.2],[318.6,4.7],[303.5,5.1],[303.2,-4.7],[320.4,-5.1]]]}},{"type":"Feature","properties":{"kind":"building","name":null,"on_campus":false,"highway":null,"sport":null,"levels":null,"id":220925372},"geometry":{"type":"Polygon","coordinates":[[[265.2,6.0],[264.9,-1.6],[263.5,-1.5],[263.5,-3.8],[265.2,-3.8],[265.2,-5.5],[279.1,-6.1],[279.2,-4.9],[281.7,-5.1],[281.8,-3.0],[279.1,-2.9],[279.4,5.4],[265.2,6.0]]]}},{"type":"Feature","properties":{"kind":"building","name":null,"on_campus":false,"highway":null,"sport":null,"levels":null,"id":220925377},"geometry":{"type":"Polygon","coordinates":[[[236.5,-8.5],[236.6,0.7],[231.4,0.8],[231.4,1.4],[227.0,1.5],[227.0,1.1],[222.3,1.2],[222.3,0.1],[218.5,0.1],[218.5,-8.3],[236.5,-8.5]]]}},{"type":"Feature","properties":{"kind":"building","name":null,"on_campus":false,"highway":null,"sport":null,"levels":null,"id":220925380},"geometry":{"type":"Polygon","coordinates":[[[391.1,0.7],[380.9,0.9],[380.8,-5.9],[379.8,-5.9],[379.7,-10.9],[386.5,-11.0],[386.6,-9.8],[391.0,-9.9],[391.0,-8.9],[397.2,-9.1],[397.3,-1.0],[391.1,-0.9],[391.1,0.7]]]}},{"type":"Feature","properties":{"kind":"building","name":null,"on_campus":false,"highway":null,"sport":null,"levels":null,"id":220925386},"geometry":{"type":"Polygon","coordinates":[[[272.6,-8.8],[272.4,-17.5],[279.6,-17.6],[279.6,-18.7],[283.0,-18.8],[283.0,-17.5],[283.4,-17.5],[283.6,-9.0],[272.6,-8.8]]]}},{"type":"Feature","properties":{"kind":"building","name":null,"on_campus":false,"highway":null,"sport":null,"levels":null,"id":220925392},"geometry":{"type":"Polygon","coordinates":[[[220.6,-12.0],[220.4,-20.3],[228.3,-20.4],[228.3,-22.1],[231.9,-22.1],[231.9,-20.6],[235.4,-20.7],[235.4,-16.7],[237.6,-16.8],[237.7,-12.3],[220.6,-12.0]]]}},{"type":"Feature","properties":{"kind":"building","name":null,"on_campus":false,"highway":null,"sport":null,"levels":null,"id":220925395},"geometry":{"type":"Polygon","coordinates":[[[317.8,-21.9],[317.7,-10.3],[310.9,-10.4],[310.9,-11.2],[310.2,-11.2],[310.2,-12.2],[307.6,-12.2],[307.6,-13.3],[303.2,-13.3],[303.3,-22.0],[317.8,-21.9]]]}},{"type":"Feature","properties":{"kind":"building","name":null,"on_campus":false,"highway":null,"sport":null,"levels":null,"id":220925396},"geometry":{"type":"Polygon","coordinates":[[[382.7,-26.1],[394.4,-26.3],[394.4,-25.0],[396.5,-25.1],[396.5,-19.2],[394.8,-19.1],[394.8,-18.3],[391.5,-18.3],[391.5,-15.7],[385.6,-15.6],[385.6,-18.0],[382.8,-18.0],[382.7,-26.1]]]}},{"type":"Feature","properties":{"kind":"building","name":null,"on_campus":false,"highway":null,"sport":null,"levels":null,"id":220925399},"geometry":{"type":"Polygon","coordinates":[[[345.9,-24.7],[361.2,-25.1],[361.4,-16.3],[346.2,-15.9],[345.9,-24.7]]]}},{"type":"Feature","properties":{"kind":"building","name":null,"on_campus":false,"highway":null,"sport":null,"levels":null,"id":220925401},"geometry":{"type":"Polygon","coordinates":[[[267.3,-25.8],[267.3,-27.5],[263.6,-27.5],[263.5,-33.9],[264.9,-33.9],[264.9,-35.4],[272.0,-35.5],[272.0,-36.3],[277.0,-36.4],[277.0,-37.6],[278.8,-37.6],[278.8,-36.6],[280.7,-36.6],[280.8,-33.4],[279.8,-33.4],[279.9,-26.0],[267.3,-25.8]]]}},{"type":"Feature","properties":{"kind":"building","name":null,"on_campus":false,"highway":null,"sport":null,"levels":null,"id":220925404},"geometry":{"type":"Polygon","coordinates":[[[222.4,-32.8],[237.6,-33.0],[237.7,-28.2],[235.4,-28.2],[235.5,-24.2],[232.2,-24.2],[232.2,-22.9],[228.1,-22.9],[228.1,-24.1],[222.4,-24.1],[222.3,-28.9],[221.1,-28.9],[221.1,-32.2],[222.4,-32.3],[222.4,-32.8]]]}},{"type":"Feature","properties":{"kind":"building","name":null,"on_campus":false,"highway":null,"sport":null,"levels":null,"id":220925405},"geometry":{"type":"Polygon","coordinates":[[[315.3,-24.9],[306.7,-24.4],[306.6,-27.6],[305.2,-27.5],[305.1,-28.3],[301.8,-28.1],[301.7,-29.6],[301.2,-30.1],[301.2,-31.3],[301.7,-31.8],[301.6,-33.9],[304.0,-34.1],[303.9,-36.2],[314.6,-36.7],[315.3,-24.9]]]}},{"type":"Feature","properties":{"kind":"building","name":null,"on_campus":false,"highway":null,"sport":null,"levels":null,"id":220925406},"geometry":{"type":"Polygon","coordinates":[[[384.0,-39.8],[396.2,-39.9],[396.3,-28.0],[388.0,-27.9],[387.9,-34.7],[384.1,-34.7],[384.0,-39.8]]]}},{"type":"Feature","properties":{"kind":"building","name":null,"on_campus":false,"highway":null,"sport":null,"levels":null,"id":220925407},"geometry":{"type":"Polygon","coordinates":[[[347.3,-39.5],[362.5,-39.7],[362.7,-29.1],[358.7,-29.0],[358.7,-30.2],[347.5,-30.0],[347.4,-30.7],[345.7,-30.7],[345.5,-38.8],[347.3,-38.8],[347.3,-39.5]]]}},{"type":"Feature","properties":{"kind":"building","name":null,"on_campus":false,"highway":null,"sport":null,"levels":null,"id":220925409},"geometry":{"type":"Polygon","coordinates":[[[237.5,-35.0],[222.2,-35.1],[222.3,-43.7],[227.8,-43.6],[227.8,-44.7],[231.5,-44.7],[231.4,-43.6],[235.7,-43.5],[235.7,-38.8],[237.5,-38.8],[237.5,-35.0]]]}},{"type":"Feature","properties":{"kind":"building","name":null,"on_campus":false,"highway":null,"sport":null,"levels":null,"id":220925411},"geometry":{"type":"Polygon","coordinates":[[[289.2,-52.9],[289.2,-42.0],[281.6,-42.1],[281.6,-41.2],[277.3,-41.2],[277.3,-41.6],[275.7,-41.6],[275.7,-45.2],[275.3,-45.2],[275.3,-51.5],[277.2,-51.5],[277.2,-52.9],[289.2,-52.9]]]}},{"type":"Feature","properties":{"kind":"building","name":null,"on_campus":false,"highway":null,"sport":null,"levels":null,"id":220925412},"geometry":{"type":"Polygon","coordinates":[[[382.0,-57.4],[397.4,-57.6],[397.4,-53.0],[396.6,-53.0],[396.7,-46.1],[382.2,-45.9],[382.0,-57.4]]]}},{"type":"Feature","properties":{"kind":"building","name":null,"on_campus":false,"highway":null,"sport":null,"levels":null,"id":220925416},"geometry":{"type":"Polygon","coordinates":[[[236.1,-45.3],[220.2,-45.2],[220.1,-54.6],[235.2,-54.7],[235.2,-50.0],[236.1,-50.0],[236.1,-45.3]]]}},{"type":"Feature","properties":{"kind":"building","name":null,"on_campus":false,"highway":null,"sport":null,"levels":null,"id":220925417},"geometry":{"type":"Polygon","coordinates":[[[313.5,-57.3],[313.5,-56.3],[317.1,-56.4],[317.5,-47.3],[309.2,-47.0],[309.3,-44.4],[300.2,-44.1],[300.2,-44.5],[298.5,-44.5],[298.4,-46.1],[297.3,-46.0],[297.2,-50.2],[299.0,-50.3],[298.8,-56.8],[313.5,-57.3]]]}},{"type":"Feature","properties":{"kind":"building","name":null,"on_campus":false,"highway":null,"sport":null,"levels":null,"id":220925418},"geometry":{"type":"Polygon","coordinates":[[[381.6,86.6],[398.2,86.2],[398.3,90.2],[397.2,90.2],[397.3,94.8],[387.1,95.1],[387.0,94.4],[383.2,94.5],[383.1,91.7],[381.7,91.8],[381.6,86.6]]]}},{"type":"Feature","properties":{"kind":"building","name":null,"on_campus":false,"highway":null,"sport":null,"levels":null,"id":220925421},"geometry":{"type":"Polygon","coordinates":[[[345.1,109.0],[359.2,109.0],[359.2,119.4],[357.3,119.5],[357.3,120.1],[355.2,120.1],[355.2,121.6],[349.6,121.6],[349.6,119.5],[345.5,119.5],[345.5,115.0],[345.1,115.0],[345.1,109.0]]]}},{"type":"Feature","properties":{"kind":"building","name":null,"on_campus":false,"highway":null,"sport":null,"levels":null,"id":220925422},"geometry":{"type":"Polygon","coordinates":[[[348.5,0.9],[348.4,-4.0],[347.6,-4.0],[347.6,-5.0],[346.1,-5.0],[346.1,-6.8],[347.5,-6.8],[347.5,-7.2],[348.3,-7.2],[348.2,-11.0],[359.6,-11.3],[359.7,-7.0],[360.4,-7.0],[360.6,0.7],[348.5,0.9]]]}},{"type":"Feature","properties":{"kind":"building","name":null,"on_campus":false,"highway":null,"sport":null,"levels":null,"id":220925426},"geometry":{"type":"Polygon","coordinates":[[[372.1,48.1],[378.4,48.2],[378.4,53.0],[372.1,52.9],[372.1,48.1]]]}},{"type":"Feature","properties":{"kind":"building","name":null,"on_campus":false,"highway":null,"sport":null,"levels":null,"id":220925428},"geometry":{"type":"Polygon","coordinates":[[[363.4,103.6],[379.2,103.3],[379.5,117.2],[363.7,117.5],[363.4,103.6]]]}},{"type":"Feature","properties":{"kind":"building","name":null,"on_campus":false,"highway":null,"sport":null,"levels":null,"id":220925430},"geometry":{"type":"Polygon","coordinates":[[[401.9,116.6],[386.1,117.0],[385.8,103.4],[401.7,103.1],[401.9,116.6]]]}},{"type":"Feature","properties":{"kind":"building","name":null,"on_campus":false,"highway":null,"sport":null,"levels":null,"id":220925432},"geometry":{"type":"Polygon","coordinates":[[[371.5,-13.0],[377.2,-13.1],[377.2,-9.1],[371.5,-9.0],[371.5,-13.0]]]}},{"type":"Feature","properties":{"kind":"building","name":null,"on_campus":false,"highway":null,"sport":null,"levels":null,"id":220925435},"geometry":{"type":"Polygon","coordinates":[[[377.1,-43.8],[371.5,-43.6],[371.3,-49.2],[376.9,-49.3],[377.1,-43.8]]]}},{"type":"Feature","properties":{"kind":"building","name":null,"on_campus":false,"highway":null,"sport":null,"levels":null,"id":220925437},"geometry":{"type":"Polygon","coordinates":[[[187.5,-27.5],[201.5,-27.9],[201.7,-18.0],[187.7,-17.7],[187.5,-27.5]]]}},{"type":"Feature","properties":{"kind":"building","name":null,"on_campus":false,"highway":null,"sport":null,"levels":null,"id":220925441},"geometry":{"type":"Polygon","coordinates":[[[216.9,-46.1],[211.1,-45.9],[210.8,-53.9],[216.7,-54.0],[216.9,-46.1]]]}},{"type":"Feature","properties":{"kind":"building","name":null,"on_campus":false,"highway":null,"sport":null,"levels":null,"id":220925442},"geometry":{"type":"Polygon","coordinates":[[[284.4,-8.7],[289.4,-8.8],[289.4,-3.7],[284.4,-3.6],[284.4,-8.7]]]}},{"type":"Feature","properties":{"kind":"building","name":null,"on_campus":false,"highway":null,"sport":null,"levels":null,"id":220925449},"geometry":{"type":"Polygon","coordinates":[[[369.6,-27.0],[364.4,-26.8],[364.1,-31.6],[369.4,-31.9],[369.6,-27.0]]]}},{"type":"Feature","properties":{"kind":"building","name":null,"on_campus":false,"highway":null,"sport":null,"levels":null,"id":220925451},"geometry":{"type":"Polygon","coordinates":[[[364.7,-26.7],[371.2,-26.7],[371.2,-20.0],[364.7,-20.0],[364.7,-26.7]]]}},{"type":"Feature","properties":{"kind":"building","name":null,"on_campus":false,"highway":null,"sport":null,"levels":null,"id":220925452},"geometry":{"type":"Polygon","coordinates":[[[298.1,58.3],[291.8,58.5],[291.5,51.5],[297.8,51.3],[298.1,58.3]]]}},{"type":"Feature","properties":{"kind":"building","name":null,"on_campus":false,"highway":null,"sport":null,"levels":null,"id":220925453},"geometry":{"type":"Polygon","coordinates":[[[371.3,-16.7],[377.4,-16.8],[377.5,-13.2],[371.3,-13.1],[371.3,-16.7]]]}},{"type":"Feature","properties":{"kind":"building","name":null,"on_campus":false,"highway":null,"sport":null,"levels":null,"id":220925454},"geometry":{"type":"Polygon","coordinates":[[[378.8,77.5],[372.5,77.6],[372.4,73.6],[375.0,73.6],[375.0,71.7],[378.6,71.6],[378.8,77.5]]]}},{"type":"Feature","properties":{"kind":"building","name":null,"on_campus":false,"highway":null,"sport":null,"levels":null,"id":220925455},"geometry":{"type":"Polygon","coordinates":[[[372.0,44.3],[366.1,44.4],[366.0,41.3],[365.8,41.4],[365.7,35.3],[371.9,35.2],[372.0,44.3]]]}},{"type":"Feature","properties":{"kind":"building","name":null,"on_campus":false,"highway":null,"sport":null,"levels":null,"id":220925458},"geometry":{"type":"Polygon","coordinates":[[[365.5,10.1],[365.2,-0.3],[371.0,-0.5],[371.2,5.4],[377.9,5.2],[378.1,9.6],[365.5,10.1]]]}},{"type":"Feature","properties":{"kind":"building","name":null,"on_campus":false,"highway":null,"sport":null,"levels":null,"id":220939507},"geometry":{"type":"Polygon","coordinates":[[[199.8,-74.5],[199.9,-88.7],[202.5,-88.7],[202.5,-91.0],[208.3,-91.0],[208.2,-79.2],[206.9,-79.2],[206.9,-78.6],[202.6,-78.7],[202.6,-74.5],[199.8,-74.5]]]}},{"type":"Feature","properties":{"kind":"building","name":null,"on_campus":false,"highway":null,"sport":null,"levels":null,"id":220939510},"geometry":{"type":"Polygon","coordinates":[[[212.0,-238.8],[207.3,-238.7],[207.2,-242.5],[203.3,-242.3],[203.0,-253.0],[206.2,-253.1],[206.1,-254.1],[206.8,-254.8],[210.6,-254.9],[211.2,-254.3],[211.3,-252.9],[211.6,-253.0],[212.0,-238.8]]]}},{"type":"Feature","properties":{"kind":"building","name":null,"on_campus":false,"highway":null,"sport":null,"levels":null,"id":220939513},"geometry":{"type":"Polygon","coordinates":[[[211.4,-79.9],[211.4,-90.1],[219.0,-90.1],[219.1,-79.9],[211.4,-79.9]]]}},{"type":"Feature","properties":{"kind":"building","name":null,"on_campus":false,"highway":null,"sport":null,"levels":null,"id":220939518},"geometry":{"type":"Polygon","coordinates":[[[220.1,-79.7],[220.4,-92.5],[227.7,-92.4],[227.6,-88.0],[228.8,-87.9],[228.7,-82.6],[227.8,-82.6],[227.7,-79.8],[225.5,-79.9],[225.4,-78.1],[222.8,-78.1],[222.8,-79.7],[220.1,-79.7]]]}},{"type":"Feature","properties":{"kind":"building","name":null,"on_campus":false,"highway":null,"sport":null,"levels":null,"id":220939520},"geometry":{"type":"Polygon","coordinates":[[[222.9,-243.7],[223.0,-252.1],[229.6,-252.1],[229.6,-253.1],[234.2,-253.1],[234.2,-243.7],[222.9,-243.7]]]}},{"type":"Feature","properties":{"kind":"building","name":null,"on_campus":false,"highway":null,"sport":null,"levels":null,"id":220939523},"geometry":{"type":"Polygon","coordinates":[[[230.3,-97.1],[237.2,-97.2],[237.5,-80.1],[230.5,-80.0],[230.3,-97.1]]]}},{"type":"Feature","properties":{"kind":"building","name":null,"on_campus":false,"highway":null,"sport":null,"levels":null,"id":220939526},"geometry":{"type":"Polygon","coordinates":[[[267.4,-253.3],[267.5,-240.9],[264.5,-240.9],[264.5,-239.8],[260.9,-239.7],[260.9,-241.1],[256.2,-241.1],[256.2,-245.5],[257.9,-245.5],[257.9,-253.2],[258.6,-253.2],[258.6,-255.0],[266.6,-255.1],[266.7,-253.3],[267.4,-253.3]]]}},{"type":"Feature","properties":{"kind":"building","name":null,"on_campus":false,"highway":null,"sport":null,"levels":null,"id":220939529},"geometry":{"type":"Polygon","coordinates":[[[286.4,-253.6],[286.3,-242.0],[282.3,-242.0],[282.3,-244.4],[279.1,-244.4],[279.1,-243.8],[276.7,-243.8],[276.8,-253.7],[286.4,-253.6]]]}},{"type":"Feature","properties":{"kind":"building","name":null,"on_campus":false,"highway":null,"sport":null,"levels":null,"id":220939531},"geometry":{"type":"Polygon","coordinates":[[[344.2,-89.9],[366.3,-90.4],[366.5,-78.9],[344.5,-78.4],[344.2,-89.9]]]}},{"type":"Feature","properties":{"kind":"building","name":null,"on_campus":false,"highway":null,"sport":null,"levels":null,"id":220939533},"geometry":{"type":"Polygon","coordinates":[[[372.7,-93.2],[384.1,-93.2],[384.0,-85.6],[377.8,-85.6],[377.8,-82.8],[372.6,-82.8],[372.7,-93.2]]]}},{"type":"Feature","properties":{"kind":"building","name":null,"on_campus":false,"highway":null,"sport":null,"levels":null,"id":220939560},"geometry":{"type":"Polygon","coordinates":[[[283.7,-78.7],[270.8,-78.7],[270.9,-87.0],[283.7,-87.0],[283.7,-78.7]]]}},{"type":"Feature","properties":{"kind":"building","name":null,"on_campus":false,"highway":null,"sport":null,"levels":null,"id":220939565},"geometry":{"type":"Polygon","coordinates":[[[300.5,-87.3],[313.3,-87.5],[313.4,-78.5],[304.2,-78.3],[304.2,-77.7],[300.6,-77.7],[300.5,-87.3]]]}},{"type":"Feature","properties":{"kind":"building","name":null,"on_campus":false,"highway":null,"sport":null,"levels":null,"id":220939567},"geometry":{"type":"Polygon","coordinates":[[[183.5,-87.1],[194.3,-87.2],[194.3,-82.5],[194.7,-82.5],[194.7,-77.7],[184.1,-77.6],[184.1,-82.7],[184.6,-82.7],[184.6,-83.8],[183.5,-83.8],[183.5,-87.1]]]}},{"type":"Feature","properties":{"kind":"building","name":null,"on_campus":false,"highway":null,"sport":null,"levels":null,"id":220939570},"geometry":{"type":"Polygon","coordinates":[[[387.1,-83.0],[387.0,-95.6],[396.3,-95.7],[396.4,-90.5],[395.4,-90.5],[395.4,-87.5],[395.1,-87.5],[395.1,-83.0],[387.1,-83.0]]]}},{"type":"Feature","properties":{"kind":"building","name":null,"on_campus":false,"highway":null,"sport":null,"levels":null,"id":220939571},"geometry":{"type":"Polygon","coordinates":[[[265.1,-97.8],[280.5,-97.9],[280.6,-88.4],[265.1,-88.3],[265.1,-97.8]]]}},{"type":"Feature","properties":{"kind":"building","name":null,"on_campus":false,"highway":null,"sport":null,"levels":null,"id":220939572},"geometry":{"type":"Polygon","coordinates":[[[299.0,-100.5],[315.2,-100.6],[315.2,-95.2],[313.7,-95.2],[313.7,-91.8],[305.9,-91.7],[305.9,-91.0],[299.1,-90.9],[299.0,-100.5]]]}},{"type":"Feature","properties":{"kind":"building","name":null,"on_campus":false,"highway":null,"sport":null,"levels":null,"id":220939574},"geometry":{"type":"Polygon","coordinates":[[[194.1,-101.1],[194.4,-90.7],[192.6,-90.6],[192.7,-88.9],[188.9,-88.8],[188.9,-90.8],[183.3,-90.6],[183.1,-96.6],[184.4,-96.6],[184.3,-100.8],[194.1,-101.1]]]}},{"type":"Feature","properties":{"kind":"building","name":null,"on_campus":false,"highway":null,"sport":null,"levels":null,"id":220939580},"geometry":{"type":"Polygon","coordinates":[[[355.8,-106.4],[356.1,-92.3],[345.8,-92.1],[345.7,-96.0],[344.3,-96.0],[344.1,-106.2],[355.8,-106.4]]]}},{"type":"Feature","properties":{"kind":"building","name":null,"on_campus":false,"highway":null,"sport":null,"levels":null,"id":220939583},"geometry":{"type":"Polygon","coordinates":[[[281.6,-99.8],[267.3,-99.7],[267.3,-100.4],[265.3,-100.4],[265.2,-107.6],[267.3,-107.6],[267.3,-108.4],[281.5,-108.6],[281.6,-99.8]]]}},{"type":"Feature","properties":{"kind":"building","name":null,"on_campus":false,"highway":null,"sport":null,"levels":null,"id":220939591},"geometry":{"type":"Polygon","coordinates":[[[298.9,-113.1],[315.0,-113.4],[315.0,-109.4],[313.6,-109.4],[313.7,-104.6],[305.8,-104.5],[305.8,-103.9],[299.0,-103.8],[298.9,-113.1]]]}},{"type":"Feature","properties":{"kind":"building","name":null,"on_campus":false,"highway":null,"sport":null,"levels":null,"id":220939596},"geometry":{"type":"Polygon","coordinates":[[[201.0,-115.0],[200.9,-108.9],[199.3,-108.9],[199.3,-105.3],[197.6,-105.3],[197.6,-104.6],[190.6,-104.7],[190.7,-115.1],[201.0,-115.0]]]}},{"type":"Feature","properties":{"kind":"building","name":null,"on_campus":false,"highway":null,"sport":null,"levels":null,"id":220939598},"geometry":{"type":"Polygon","coordinates":[[[361.4,-110.0],[345.4,-109.7],[345.3,-113.7],[344.2,-113.6],[344.1,-120.3],[358.3,-120.6],[358.4,-114.4],[361.3,-114.5],[361.4,-110.0]]]}},{"type":"Feature","properties":{"kind":"building","name":null,"on_campus":false,"highway":null,"sport":null,"levels":null,"id":220939603},"geometry":{"type":"Polygon","coordinates":[[[235.9,-110.6],[235.8,-102.2],[223.4,-102.3],[223.5,-110.7],[235.9,-110.6]]]}},{"type":"Feature","properties":{"kind":"building","name":null,"on_campus":false,"highway":null,"sport":null,"levels":null,"id":220939605},"geometry":{"type":"Polygon","coordinates":[[[394.1,-104.7],[376.2,-104.4],[376.1,-113.0],[380.0,-113.1],[380.0,-114.5],[383.8,-114.6],[383.8,-113.1],[394.0,-113.3],[394.1,-104.7]]]}},{"type":"Feature","properties":{"kind":"building","name":null,"on_campus":false,"highway":null,"sport":null,"levels":null,"id":220939610},"geometry":{"type":"Polygon","coordinates":[[[281.5,-110.8],[264.9,-110.6],[264.8,-119.5],[281.4,-119.7],[281.5,-110.8]]]}},{"type":"Feature","properties":{"kind":"building","name":null,"on_campus":false,"highway":null,"sport":null,"levels":null,"id":220939612},"geometry":{"type":"Polygon","coordinates":[[[216.8,-111.3],[216.8,-115.4],[220.3,-115.4],[220.3,-118.9],[223.7,-118.9],[223.7,-119.9],[234.4,-119.8],[234.3,-111.2],[216.8,-111.3]]]}},{"type":"Feature","properties":{"kind":"building","name":null,"on_campus":false,"highway":null,"sport":null,"levels":null,"id":220939614},"geometry":{"type":"Polygon","coordinates":[[[314.8,-117.3],[298.8,-117.3],[298.8,-118.6],[298.2,-118.7],[297.9,-123.2],[298.8,-123.2],[298.8,-126.0],[314.7,-126.2],[314.8,-117.3]]]}},{"type":"Feature","properties":{"kind":"building","name":null,"on_campus":false,"highway":null,"sport":null,"levels":null,"id":220939622},"geometry":{"type":"Polygon","coordinates":[[[393.3,-119.2],[381.2,-119.0],[381.2,-120.7],[380.3,-120.7],[380.3,-123.3],[380.9,-123.3],[380.8,-126.5],[384.1,-126.6],[384.1,-127.1],[387.9,-127.2],[387.9,-126.6],[391.5,-126.7],[391.6,-125.4],[393.2,-125.4],[393.3,-119.2]]]}},{"type":"Feature","properties":{"kind":"building","name":null,"on_campus":false,"highway":null,"sport":null,"levels":null,"id":220939627},"geometry":{"type":"Polygon","coordinates":[[[280.3,-122.1],[264.4,-122.1],[264.4,-125.7],[262.7,-125.7],[262.7,-131.1],[266.4,-131.1],[266.4,-131.9],[272.1,-131.9],[272.1,-131.3],[280.3,-131.3],[280.3,-122.1]]]}},{"type":"Feature","properties":{"kind":"building","name":null,"on_campus":false,"highway":null,"sport":null,"levels":null,"id":220939630},"geometry":{"type":"Polygon","coordinates":[[[344.2,-133.4],[360.2,-133.7],[360.4,-124.5],[353.9,-124.4],[353.9,-125.0],[346.4,-124.8],[346.3,-129.3],[344.3,-129.3],[344.2,-133.4]]]}},{"type":"Feature","properties":{"kind":"building","name":null,"on_campus":false,"highway":null,"sport":null,"levels":null,"id":220939632},"geometry":{"type":"Polygon","coordinates":[[[233.2,-137.9],[233.2,-127.2],[222.3,-127.2],[222.3,-128.0],[219.4,-128.0],[219.4,-131.9],[220.2,-131.9],[220.2,-137.9],[233.2,-137.9]]]}},{"type":"Feature","properties":{"kind":"building","name":null,"on_campus":false,"highway":null,"sport":null,"levels":null,"id":220939638},"geometry":{"type":"Polygon","coordinates":[[[264.6,-143.1],[283.3,-143.2],[283.4,-139.0],[279.7,-139.0],[279.7,-134.5],[274.5,-134.4],[274.5,-133.7],[268.6,-133.6],[268.6,-134.3],[264.6,-134.3],[264.6,-136.4],[262.9,-136.4],[262.9,-141.1],[264.6,-141.1],[264.6,-143.1]]]}},{"type":"Feature","properties":{"kind":"building","name":null,"on_campus":false,"highway":null,"sport":null,"levels":null,"id":220939645},"geometry":{"type":"Polygon","coordinates":[[[300.1,-136.8],[313.9,-136.8],[314.0,-129.0],[303.3,-128.9],[303.3,-127.7],[300.1,-127.7],[300.1,-136.8]]]}},{"type":"Feature","properties":{"kind":"building","name":null,"on_campus":false,"highway":null,"sport":null,"levels":null,"id":220939649},"geometry":{"type":"Polygon","coordinates":[[[344.0,-145.6],[360.0,-145.9],[360.0,-142.3],[361.7,-142.3],[361.8,-138.5],[360.1,-138.5],[360.1,-136.7],[353.7,-136.6],[353.7,-137.2],[345.8,-137.1],[345.8,-141.5],[344.1,-141.4],[344.0,-145.6]]]}},{"type":"Feature","properties":{"kind":"building","name":null,"on_campus":false,"highway":null,"sport":null,"levels":null,"id":220939651},"geometry":{"type":"Polygon","coordinates":[[[392.8,-131.8],[376.8,-131.5],[376.7,-139.4],[392.7,-139.7],[392.8,-131.8]]]}},{"type":"Feature","properties":{"kind":"building","name":null,"on_campus":false,"highway":null,"sport":null,"levels":null,"id":220939654},"geometry":{"type":"Polygon","coordinates":[[[186.6,-149.0],[202.9,-148.9],[202.9,-140.8],[190.1,-140.9],[190.1,-142.7],[186.5,-142.8],[186.6,-149.0]]]}},{"type":"Feature","properties":{"kind":"building","name":null,"on_campus":false,"highway":null,"sport":null,"levels":null,"id":220939656},"geometry":{"type":"Polygon","coordinates":[[[264.2,-153.8],[280.6,-154.0],[280.8,-145.4],[264.3,-145.1],[264.2,-153.8]]]}},{"type":"Feature","properties":{"kind":"building","name":null,"on_campus":false,"highway":null,"sport":null,"levels":null,"id":220939663},"geometry":{"type":"Polygon","coordinates":[[[221.9,-141.1],[221.9,-143.6],[219.5,-143.7],[219.5,-146.5],[221.7,-146.4],[221.7,-150.8],[233.3,-150.8],[233.3,-147.8],[234.4,-147.8],[234.4,-144.3],[233.6,-144.3],[233.6,-141.1],[221.9,-141.1]]]}},{"type":"Feature","properties":{"kind":"building","name":null,"on_campus":false,"highway":null,"sport":null,"levels":null,"id":220939666},"geometry":{"type":"Polygon","coordinates":[[[316.4,-142.1],[301.5,-141.8],[301.3,-151.2],[314.4,-151.4],[314.5,-147.1],[316.3,-147.1],[316.4,-142.1]]]}},{"type":"Feature","properties":{"kind":"building","name":null,"on_campus":false,"highway":null,"sport":null,"levels":null,"id":220939668},"geometry":{"type":"Polygon","coordinates":[[[392.1,-143.1],[380.8,-142.8],[380.6,-151.6],[392.0,-151.8],[392.1,-143.1]]]}},{"type":"Feature","properties":{"kind":"building","name":null,"on_campus":false,"highway":null,"sport":null,"levels":null,"id":220939673},"geometry":{"type":"Polygon","coordinates":[[[343.7,-158.1],[356.6,-158.2],[356.7,-148.5],[346.1,-148.4],[346.1,-151.9],[343.8,-151.8],[343.7,-158.1]]]}},{"type":"Feature","properties":{"kind":"building","name":null,"on_campus":false,"highway":null,"sport":null,"levels":null,"id":220939675},"geometry":{"type":"Polygon","coordinates":[[[181.6,-154.5],[181.6,-163.9],[187.7,-163.9],[187.7,-164.6],[192.7,-164.6],[192.7,-163.8],[195.7,-163.8],[195.7,-154.6],[181.6,-154.5]]]}},{"type":"Feature","properties":{"kind":"building","name":null,"on_campus":false,"highway":null,"sport":null,"levels":null,"id":220939680},"geometry":{"type":"Polygon","coordinates":[[[222.8,-153.3],[222.8,-155.5],[222.3,-155.5],[222.3,-157.5],[222.7,-157.5],[222.8,-164.1],[231.9,-164.1],[231.9,-160.4],[233.2,-160.4],[233.2,-159.7],[233.8,-159.7],[233.8,-157.7],[233.3,-157.7],[233.2,-153.3],[222.8,-153.3]]]}},{"type":"Feature","properties":{"kind":"building","name":null,"on_campus":false,"highway":null,"sport":null,"levels":null,"id":220939682},"geometry":{"type":"Polygon","coordinates":[[[315.6,-155.4],[301.0,-155.3],[301.0,-157.6],[298.4,-157.6],[298.3,-163.5],[299.6,-163.5],[299.6,-164.8],[305.0,-164.8],[305.0,-165.9],[310.7,-165.9],[310.7,-165.0],[314.2,-165.0],[314.2,-161.0],[315.6,-161.0],[315.6,-155.4]]]}},{"type":"Feature","properties":{"kind":"building","name":null,"on_campus":false,"highway":null,"sport":null,"levels":null,"id":220939683},"geometry":{"type":"Polygon","coordinates":[[[392.2,-155.4],[379.0,-155.3],[378.9,-164.1],[392.2,-164.2],[392.2,-155.4]]]}},{"type":"Feature","properties":{"kind":"building","name":null,"on_campus":false,"highway":null,"sport":null,"levels":null,"id":220939689},"geometry":{"type":"Polygon","coordinates":[[[344.0,-169.7],[355.5,-169.8],[355.6,-163.7],[354.9,-163.7],[354.9,-160.2],[344.3,-160.1],[344.2,-163.3],[342.3,-163.3],[342.3,-166.0],[344.0,-166.0],[344.0,-169.7]]]}},{"type":"Feature","properties":{"kind":"building","name":null,"on_campus":false,"highway":null,"sport":null,"levels":null,"id":220939696},"geometry":{"type":"Polygon","coordinates":[[[219.5,-168.4],[219.5,-173.3],[220.7,-173.3],[220.7,-176.6],[233.2,-176.6],[233.2,-168.4],[219.5,-168.4]]]}},{"type":"Feature","properties":{"kind":"building","name":null,"on_campus":false,"highway":null,"sport":null,"levels":null,"id":220939702},"geometry":{"type":"Polygon","coordinates":[[[312.6,-168.2],[298.0,-167.9],[297.9,-171.5],[300.1,-171.6],[299.9,-176.8],[302.0,-176.9],[301.9,-178.7],[307.2,-178.8],[307.2,-177.6],[313.7,-177.8],[313.8,-171.3],[312.6,-171.3],[312.6,-168.2]]]}},{"type":"Feature","properties":{"kind":"building","name":null,"on_campus":false,"highway":null,"sport":null,"levels":null,"id":220939705},"geometry":{"type":"Polygon","coordinates":[[[378.1,-176.9],[392.0,-177.4],[392.1,-175.0],[393.6,-175.0],[393.8,-171.8],[391.9,-171.7],[392.0,-170.0],[379.9,-169.6],[379.9,-169.0],[376.1,-168.8],[375.8,-175.6],[378.2,-175.7],[378.1,-176.9]]]}},{"type":"Feature","properties":{"kind":"building","name":null,"on_campus":false,"highway":null,"sport":null,"levels":null,"id":220939712},"geometry":{"type":"Polygon","coordinates":[[[196.0,-181.5],[196.2,-166.0],[186.8,-165.9],[186.7,-174.4],[183.8,-174.4],[183.7,-181.4],[196.0,-181.5]]]}},{"type":"Feature","properties":{"kind":"building","name":null,"on_campus":false,"highway":null,"sport":null,"levels":null,"id":220939714},"geometry":{"type":"Polygon","coordinates":[[[263.7,-182.3],[281.0,-182.7],[281.2,-173.0],[270.8,-172.8],[270.8,-171.7],[266.7,-171.6],[266.7,-172.6],[263.9,-172.6],[263.7,-182.3]]]}},{"type":"Feature","properties":{"kind":"building","name":null,"on_campus":false,"highway":null,"sport":null,"levels":null,"id":220939718},"geometry":{"type":"Polygon","coordinates":[[[382.1,-190.1],[392.2,-190.3],[392.3,-183.2],[391.7,-183.2],[391.8,-180.2],[386.3,-180.1],[386.3,-182.2],[382.2,-182.1],[382.1,-190.1]]]}},{"type":"Feature","properties":{"kind":"building","name":null,"on_campus":false,"highway":null,"sport":null,"levels":null,"id":220939722},"geometry":{"type":"Polygon","coordinates":[[[280.3,-186.7],[263.7,-186.3],[263.4,-195.9],[280.0,-196.2],[280.3,-186.7]]]}},{"type":"Feature","properties":{"kind":"building","name":null,"on_campus":false,"highway":null,"sport":null,"levels":null,"id":220939725},"geometry":{"type":"Polygon","coordinates":[[[345.1,-194.2],[356.3,-194.5],[356.4,-189.9],[355.6,-189.9],[355.7,-186.9],[352.2,-186.8],[352.2,-184.6],[343.7,-184.4],[343.6,-190.7],[345.1,-190.7],[345.1,-194.2]]]}},{"type":"Feature","properties":{"kind":"building","name":null,"on_campus":false,"highway":null,"sport":null,"levels":null,"id":220939727},"geometry":{"type":"Polygon","coordinates":[[[313.6,-186.6],[293.8,-186.2],[293.6,-193.6],[313.4,-194.0],[313.6,-186.6]]]}},{"type":"Feature","properties":{"kind":"building","name":null,"on_campus":false,"highway":null,"sport":null,"levels":null,"id":220939736},"geometry":{"type":"Polygon","coordinates":[[[218.3,-185.7],[218.1,-191.9],[219.7,-191.9],[219.7,-194.9],[233.3,-195.2],[233.4,-188.7],[233.1,-188.7],[233.2,-186.1],[218.3,-185.7]]]}},{"type":"Feature","properties":{"kind":"building","name":null,"on_campus":false,"highway":null,"sport":null,"levels":null,"id":220939739},"geometry":{"type":"Polygon","coordinates":[[[381.0,-203.6],[392.2,-203.8],[392.3,-199.8],[393.0,-199.1],[393.0,-197.9],[392.4,-197.2],[392.5,-192.8],[383.4,-192.7],[383.3,-197.9],[382.4,-197.9],[382.3,-200.7],[381.0,-200.7],[381.0,-203.6]]]}},{"type":"Feature","properties":{"kind":"building","name":null,"on_campus":false,"highway":null,"sport":null,"levels":null,"id":220939744},"geometry":{"type":"Polygon","coordinates":[[[196.7,-198.4],[196.8,-188.3],[183.5,-188.1],[183.4,-198.2],[196.7,-198.4]]]}},{"type":"Feature","properties":{"kind":"building","name":null,"on_campus":false,"highway":null,"sport":null,"levels":null,"id":220939746},"geometry":{"type":"Polygon","coordinates":[[[234.6,-209.9],[234.7,-203.6],[232.8,-203.6],[232.8,-200.3],[219.1,-200.1],[219.0,-209.6],[234.6,-209.9]]]}},{"type":"Feature","properties":{"kind":"building","name":null,"on_campus":false,"highway":null,"sport":null,"levels":null,"id":220939748},"geometry":{"type":"Polygon","coordinates":[[[312.7,-195.8],[291.7,-195.4],[291.6,-202.2],[293.4,-202.2],[293.4,-202.8],[312.6,-203.2],[312.7,-195.8]]]}},{"type":"Feature","properties":{"kind":"building","name":null,"on_campus":false,"highway":null,"sport":null,"levels":null,"id":220939751},"geometry":{"type":"Polygon","coordinates":[[[278.3,-199.8],[263.1,-199.5],[263.0,-202.0],[262.6,-202.0],[262.4,-207.8],[265.8,-207.9],[265.7,-211.1],[275.5,-211.3],[275.6,-210.1],[278.1,-210.1],[278.3,-199.8]]]}},{"type":"Feature","properties":{"kind":"building","name":null,"on_campus":false,"highway":null,"sport":null,"levels":null,"id":220939754},"geometry":{"type":"Polygon","coordinates":[[[342.2,-208.7],[358.0,-209.0],[358.1,-206.2],[359.8,-206.2],[359.9,-200.7],[358.4,-200.6],[358.4,-199.7],[343.9,-199.5],[343.8,-203.2],[342.3,-203.2],[342.2,-208.7]]]}},{"type":"Feature","properties":{"kind":"building","name":null,"on_campus":false,"highway":null,"sport":null,"levels":null,"id":220939758},"geometry":{"type":"Polygon","coordinates":[[[312.8,-205.5],[290.5,-204.7],[290.4,-207.1],[291.8,-207.1],[291.6,-211.0],[293.8,-211.1],[293.8,-212.0],[312.6,-212.7],[312.8,-205.5]]]}},{"type":"Feature","properties":{"kind":"building","name":null,"on_campus":false,"highway":null,"sport":null,"levels":null,"id":220939759},"geometry":{"type":"Polygon","coordinates":[[[392.6,-206.2],[380.5,-206.0],[380.4,-215.3],[392.2,-215.5],[392.3,-212.5],[393.9,-212.5],[393.9,-209.3],[392.5,-209.3],[392.6,-206.2]]]}},{"type":"Feature","properties":{"kind":"building","name":null,"on_campus":false,"highway":null,"sport":null,"levels":null,"id":220939762},"geometry":{"type":"Polygon","coordinates":[[[220.1,-212.4],[220.1,-219.5],[232.5,-219.5],[232.6,-217.2],[233.7,-217.2],[233.7,-214.9],[232.6,-214.9],[232.6,-212.4],[220.1,-212.4]]]}},{"type":"Feature","properties":{"kind":"building","name":null,"on_campus":false,"highway":null,"sport":null,"levels":null,"id":220939766},"geometry":{"type":"Polygon","coordinates":[[[291.6,-221.2],[312.4,-221.7],[312.6,-214.3],[293.3,-213.8],[293.2,-217.6],[291.6,-217.5],[291.6,-221.2]]]}},{"type":"Feature","properties":{"kind":"building","name":null,"on_campus":false,"highway":null,"sport":null,"levels":null,"id":220939767},"geometry":{"type":"Polygon","coordinates":[[[393.8,-220.2],[379.5,-219.9],[379.3,-225.1],[378.6,-225.1],[378.5,-229.3],[391.8,-229.6],[392.0,-223.7],[393.8,-223.8],[393.8,-220.2]]]}},{"type":"Feature","properties":{"kind":"building","name":null,"on_campus":false,"highway":null,"sport":null,"levels":null,"id":220939769},"geometry":{"type":"Polygon","coordinates":[[[266.6,-213.6],[266.6,-224.2],[276.7,-224.2],[276.7,-220.7],[274.8,-220.7],[274.8,-213.6],[266.6,-213.6]]]}},{"type":"Feature","properties":{"kind":"building","name":null,"on_campus":false,"highway":null,"sport":null,"levels":null,"id":220939770},"geometry":{"type":"Polygon","coordinates":[[[344.5,-229.1],[361.0,-229.3],[361.1,-219.9],[358.5,-219.9],[358.5,-218.4],[354.4,-218.4],[354.4,-221.0],[344.8,-220.9],[344.8,-223.7],[343.0,-223.6],[342.9,-228.7],[344.6,-228.7],[344.5,-229.1]]]}},{"type":"Feature","properties":{"kind":"building","name":null,"on_campus":false,"highway":null,"sport":null,"levels":null,"id":220939771},"geometry":{"type":"Polygon","coordinates":[[[232.3,-228.7],[232.3,-226.4],[233.7,-226.4],[233.8,-224.3],[231.6,-224.3],[231.6,-221.5],[220.9,-221.4],[220.8,-228.6],[232.3,-228.7]]]}},{"type":"Feature","properties":{"kind":"building","name":null,"on_campus":false,"highway":null,"sport":null,"levels":null,"id":220939774},"geometry":{"type":"Polygon","coordinates":[[[293.4,-230.5],[312.7,-230.9],[312.8,-223.5],[294.2,-223.2],[294.2,-222.5],[291.2,-222.5],[291.1,-224.8],[292.8,-224.8],[292.7,-228.5],[293.5,-228.5],[293.4,-230.5]]]}},{"type":"Feature","properties":{"kind":"building","name":null,"on_campus":false,"highway":null,"sport":null,"levels":null,"id":220939777},"geometry":{"type":"Polygon","coordinates":[[[220.6,-230.5],[220.5,-237.5],[231.7,-237.7],[231.7,-235.0],[232.7,-235.0],[232.7,-230.6],[220.6,-230.5]]]}},{"type":"Feature","properties":{"kind":"building","name":null,"on_campus":false,"highway":null,"sport":null,"levels":null,"id":220939779},"geometry":{"type":"Polygon","coordinates":[[[391.7,-234.6],[380.1,-234.4],[380.0,-237.3],[378.0,-237.3],[377.9,-241.2],[380.1,-241.2],[380.0,-245.1],[383.6,-245.1],[383.6,-244.2],[390.7,-244.3],[390.7,-242.8],[392.7,-242.8],[392.7,-239.9],[391.6,-239.9],[391.7,-234.6]]]}},{"type":"Feature","properties":{"kind":"building","name":null,"on_campus":false,"highway":null,"sport":null,"levels":null,"id":220939782},"geometry":{"type":"Polygon","coordinates":[[[294.4,-243.1],[312.5,-243.3],[312.6,-233.1],[301.8,-233.0],[301.8,-232.6],[294.5,-232.5],[294.4,-243.1]]]}},{"type":"Feature","properties":{"kind":"building","name":null,"on_campus":false,"highway":null,"sport":null,"levels":null,"id":220939784},"geometry":{"type":"Polygon","coordinates":[[[352.5,-256.2],[352.6,-245.2],[344.3,-245.1],[344.3,-248.4],[343.2,-248.3],[343.1,-251.7],[344.3,-251.7],[344.2,-256.1],[352.5,-256.2]]]}},{"type":"Feature","properties":{"kind":"building","name":null,"on_campus":false,"highway":null,"sport":null,"levels":null,"id":220939787},"geometry":{"type":"Polygon","coordinates":[[[312.6,-246.7],[293.9,-246.7],[293.9,-257.1],[312.6,-257.1],[312.6,-246.7]]]}},{"type":"Feature","properties":{"kind":"building","name":null,"on_campus":false,"highway":null,"sport":null,"levels":null,"id":220939788},"geometry":{"type":"Polygon","coordinates":[[[391.5,-247.6],[380.7,-247.3],[380.5,-257.4],[388.7,-257.6],[388.9,-252.3],[391.4,-252.4],[391.5,-247.6]]]}},{"type":"Feature","properties":{"kind":"building","name":null,"on_campus":false,"highway":null,"sport":null,"levels":null,"id":220939790},"geometry":{"type":"Polygon","coordinates":[[[194.2,-210.4],[194.6,-198.8],[188.9,-198.6],[188.8,-199.7],[182.9,-199.5],[182.5,-209.9],[194.2,-210.4]]]}},{"type":"Feature","properties":{"kind":"building","name":null,"on_campus":false,"highway":null,"sport":null,"levels":null,"id":220939791},"geometry":{"type":"Polygon","coordinates":[[[196.1,-218.5],[196.1,-212.1],[184.1,-212.2],[184.1,-214.2],[183.3,-214.2],[183.3,-218.6],[196.1,-218.5]]]}},{"type":"Feature","properties":{"kind":"building","name":null,"on_campus":false,"highway":null,"sport":null,"levels":null,"id":220939792},"geometry":{"type":"Polygon","coordinates":[[[183.5,-220.3],[183.5,-221.6],[182.2,-221.6],[182.2,-225.2],[183.5,-225.2],[183.5,-228.2],[193.9,-228.2],[193.9,-226.2],[198.3,-226.2],[198.3,-220.2],[183.5,-220.3]]]}},{"type":"Feature","properties":{"kind":"building","name":null,"on_campus":false,"highway":null,"sport":null,"levels":null,"id":220939793},"geometry":{"type":"Polygon","coordinates":[[[183.7,-229.6],[183.7,-231.5],[182.5,-231.5],[182.5,-233.8],[183.9,-233.8],[183.9,-236.8],[193.7,-236.8],[193.7,-234.7],[194.7,-234.7],[194.7,-230.7],[193.7,-230.7],[193.7,-229.6],[183.7,-229.6]]]}},{"type":"Feature","properties":{"kind":"building","name":null,"on_campus":false,"highway":null,"sport":null,"levels":null,"id":220939794},"geometry":{"type":"Polygon","coordinates":[[[193.6,-251.8],[193.6,-242.7],[190.0,-242.7],[190.0,-242.0],[186.6,-242.0],[186.6,-242.7],[181.5,-242.7],[181.4,-251.8],[193.6,-251.8]]]}},{"type":"Feature","properties":{"kind":"building","name":null,"on_campus":false,"highway":null,"sport":null,"levels":null,"id":220939795},"geometry":{"type":"Polygon","coordinates":[[[357.9,-233.0],[344.5,-232.4],[344.4,-234.8],[343.4,-234.8],[343.3,-237.6],[344.5,-237.7],[344.4,-240.9],[350.0,-241.1],[350.0,-242.4],[354.3,-242.6],[354.3,-241.0],[357.5,-241.2],[357.9,-233.0]]]}},{"type":"Feature","properties":{"kind":"building","name":null,"on_campus":false,"highway":null,"sport":null,"levels":null,"id":220939798},"geometry":{"type":"Polygon","coordinates":[[[362.2,-231.7],[367.8,-231.8],[367.8,-226.8],[362.3,-226.8],[362.2,-231.7]]]}},{"type":"Feature","properties":{"kind":"building","name":null,"on_campus":false,"highway":null,"sport":null,"levels":null,"id":220939800},"geometry":{"type":"Polygon","coordinates":[[[373.9,-232.0],[374.0,-226.3],[368.2,-226.3],[368.2,-231.9],[373.9,-232.0]]]}},{"type":"Feature","properties":{"kind":"building","name":null,"on_campus":false,"highway":null,"sport":null,"levels":null,"id":220939804},"geometry":{"type":"Polygon","coordinates":[[[365.0,-247.3],[365.0,-244.2],[360.0,-244.1],[359.9,-247.2],[365.0,-247.3]]]}},{"type":"Feature","properties":{"kind":"building","name":null,"on_campus":false,"highway":null,"sport":null,"levels":null,"id":220939806},"geometry":{"type":"Polygon","coordinates":[[[368.4,-218.3],[374.5,-218.3],[374.6,-212.5],[368.5,-212.4],[368.4,-218.3]]]}},{"type":"Feature","properties":{"kind":"building","name":null,"on_campus":false,"highway":null,"sport":null,"levels":null,"id":220939809},"geometry":{"type":"Polygon","coordinates":[[[375.3,-233.9],[369.8,-233.8],[369.6,-239.4],[375.2,-239.6],[375.3,-233.9]]]}},{"type":"Feature","properties":{"kind":"building","name":null,"on_campus":false,"highway":null,"sport":null,"levels":null,"id":220939810},"geometry":{"type":"Polygon","coordinates":[[[364.3,-124.9],[364.2,-128.2],[368.9,-128.4],[369.0,-125.1],[364.3,-124.9]]]}},{"type":"Feature","properties":{"kind":"building","name":null,"on_campus":false,"highway":null,"sport":null,"levels":null,"id":220939814},"geometry":{"type":"Polygon","coordinates":[[[295.5,-134.9],[291.6,-134.7],[291.5,-139.1],[295.3,-139.2],[295.5,-134.9]]]}},{"type":"Feature","properties":{"kind":"building","name":null,"on_campus":false,"highway":null,"sport":null,"levels":null,"id":220939815},"geometry":{"type":"Polygon","coordinates":[[[374.2,-97.5],[370.1,-97.4],[369.9,-103.8],[374.0,-103.9],[374.2,-97.5]]]}},{"type":"Feature","properties":{"kind":"building","name":null,"on_campus":false,"highway":null,"sport":null,"levels":null,"id":220939816},"geometry":{"type":"Polygon","coordinates":[[[365.8,-98.3],[361.2,-98.1],[360.9,-106.2],[365.5,-106.3],[365.8,-98.3]]]}},{"type":"Feature","properties":{"kind":"building","name":null,"on_campus":false,"highway":null,"sport":null,"levels":null,"id":220939817},"geometry":{"type":"Polygon","coordinates":[[[362.1,-114.4],[362.0,-122.0],[369.0,-122.1],[369.1,-114.5],[362.1,-114.4]]]}},{"type":"Feature","properties":{"kind":"building","name":null,"on_campus":false,"highway":null,"sport":null,"levels":null,"id":220939818},"geometry":{"type":"Polygon","coordinates":[[[287.9,-247.4],[293.4,-247.5],[293.5,-244.4],[287.9,-244.3],[287.9,-247.4]]]}},{"type":"Feature","properties":{"kind":"building","name":null,"on_campus":false,"highway":null,"sport":null,"levels":null,"id":220939819},"geometry":{"type":"Polygon","coordinates":[[[264.2,-165.4],[280.4,-165.7],[280.6,-156.8],[264.3,-156.5],[264.2,-165.4]]]}},{"type":"Feature","properties":{"kind":"building","name":null,"on_campus":false,"highway":null,"sport":null,"levels":null,"id":220939820},"geometry":{"type":"Polygon","coordinates":[[[207.5,-183.5],[201.2,-183.4],[201.2,-187.9],[207.5,-187.9],[207.5,-183.5]]]}},{"type":"Feature","properties":{"kind":"building","name":null,"on_campus":false,"highway":null,"sport":null,"levels":null,"id":220966101},"geometry":{"type":"Polygon","coordinates":[[[179.4,-289.8],[187.9,-289.9],[187.9,-292.4],[197.3,-292.5],[197.3,-291.1],[204.3,-291.1],[204.4,-283.3],[197.4,-283.2],[197.4,-279.4],[193.2,-279.4],[193.2,-280.9],[189.4,-280.8],[189.4,-279.3],[179.5,-279.2],[179.4,-289.8]]]}},{"type":"Feature","properties":{"kind":"building","name":null,"on_campus":false,"highway":null,"sport":null,"levels":null,"id":220966102},"geometry":{"type":"Polygon","coordinates":[[[215.0,-281.7],[213.0,-281.6],[213.0,-279.6],[205.9,-279.5],[205.9,-281.6],[205.0,-281.5],[204.8,-295.7],[214.8,-295.9],[215.0,-281.7]]]}},{"type":"Feature","properties":{"kind":"building","name":null,"on_campus":false,"highway":null,"sport":null,"levels":null,"id":220966103},"geometry":{"type":"Polygon","coordinates":[[[216.1,-291.5],[225.0,-291.6],[225.1,-281.8],[223.0,-281.8],[223.0,-280.1],[216.2,-280.1],[216.1,-291.5]]]}},{"type":"Feature","properties":{"kind":"building","name":null,"on_campus":false,"highway":null,"sport":null,"levels":null,"id":220966104},"geometry":{"type":"Polygon","coordinates":[[[225.9,-281.9],[225.9,-291.0],[228.1,-291.0],[228.1,-292.3],[234.8,-292.3],[234.8,-281.9],[232.7,-281.9],[232.7,-280.3],[228.2,-280.3],[228.2,-281.9],[225.9,-281.9]]]}},{"type":"Feature","properties":{"kind":"building","name":null,"on_campus":false,"highway":null,"sport":null,"levels":null,"id":220966106},"geometry":{"type":"Polygon","coordinates":[[[284.0,-295.2],[284.2,-281.6],[283.8,-281.6],[283.8,-278.4],[279.6,-278.3],[279.5,-281.5],[277.1,-281.4],[277.1,-282.8],[274.5,-282.7],[274.2,-295.2],[274.8,-295.2],[274.8,-296.1],[273.7,-296.1],[273.6,-300.3],[275.8,-300.3],[275.8,-302.3],[278.0,-302.3],[278.1,-295.1],[284.0,-295.2]]]}},{"type":"Feature","properties":{"kind":"building","name":null,"on_campus":false,"highway":null,"sport":null,"levels":null,"id":220966109},"geometry":{"type":"Polygon","coordinates":[[[365.4,-294.0],[365.5,-283.5],[361.7,-283.5],[361.7,-282.1],[354.7,-282.0],[354.7,-283.3],[353.7,-283.3],[353.7,-292.0],[361.0,-292.1],[361.0,-293.9],[365.4,-294.0]]]}},{"type":"Feature","properties":{"kind":"building","name":null,"on_campus":false,"highway":null,"sport":null,"levels":null,"id":220966110},"geometry":{"type":"Polygon","coordinates":[[[369.0,-282.2],[368.8,-295.7],[372.7,-295.7],[372.7,-297.1],[376.9,-297.1],[376.9,-295.8],[377.5,-295.8],[377.6,-291.1],[377.9,-291.1],[378.0,-286.4],[377.6,-286.4],[377.7,-281.5],[373.1,-281.5],[373.1,-282.2],[369.0,-282.2]]]}},{"type":"Feature","properties":{"kind":"building","name":null,"on_campus":false,"highway":null,"sport":null,"levels":null,"id":220966111},"geometry":{"type":"Polygon","coordinates":[[[396.2,-295.4],[396.5,-282.7],[395.7,-282.7],[395.7,-281.9],[391.1,-281.8],[391.1,-282.7],[387.2,-282.6],[387.0,-294.8],[386.7,-294.8],[386.5,-302.3],[394.3,-302.4],[394.4,-295.4],[396.2,-295.4]]]}},{"type":"Feature","properties":{"kind":"building","name":null,"on_campus":false,"highway":null,"sport":null,"levels":null,"id":220966118},"geometry":{"type":"Polygon","coordinates":[[[270.7,-296.2],[270.8,-281.5],[260.5,-281.4],[260.5,-296.2],[270.7,-296.2]]]}},{"type":"Feature","properties":{"kind":"building","name":null,"on_campus":false,"highway":null,"sport":null,"levels":null,"id":220966119},"geometry":{"type":"Polygon","coordinates":[[[350.6,-282.4],[346.4,-282.3],[345.4,-281.5],[343.7,-281.5],[343.0,-282.3],[341.1,-282.2],[340.9,-292.3],[341.4,-292.3],[341.4,-295.2],[348.0,-295.3],[348.0,-292.6],[350.5,-292.7],[350.6,-282.4]]]}},{"type":"Feature","properties":{"kind":"building","name":null,"on_campus":false,"highway":null,"sport":null,"levels":null,"id":220966122},"geometry":{"type":"Polygon","coordinates":[[[299.9,-288.9],[310.1,-288.9],[310.1,-282.3],[308.4,-282.3],[308.4,-278.2],[298.5,-278.2],[298.5,-282.2],[299.4,-282.2],[299.4,-286.2],[299.9,-286.2],[299.9,-288.9]]]}},{"type":"Feature","properties":{"kind":"building","name":null,"on_campus":false,"highway":null,"sport":null,"levels":null,"id":220966124},"geometry":{"type":"Polygon","coordinates":[[[195.2,-308.4],[195.2,-303.6],[192.8,-303.6],[192.9,-301.8],[190.4,-301.8],[190.4,-298.0],[189.6,-298.0],[189.6,-295.7],[186.9,-295.7],[186.9,-294.8],[184.8,-294.8],[184.8,-295.5],[181.9,-295.5],[181.9,-300.3],[181.3,-300.3],[181.2,-307.1],[187.3,-307.2],[187.3,-308.3],[195.2,-308.4]]]}},{"type":"Feature","properties":{"kind":"building","name":null,"on_campus":false,"highway":null,"sport":null,"levels":null,"id":220966127},"geometry":{"type":"Polygon","coordinates":[[[293.0,-292.6],[293.0,-302.3],[297.8,-302.3],[297.8,-303.0],[303.7,-303.0],[303.7,-302.4],[312.2,-302.4],[312.2,-295.8],[309.9,-295.8],[309.9,-292.8],[303.3,-292.8],[303.3,-291.8],[298.4,-291.8],[298.4,-292.6],[293.0,-292.6]]]}},{"type":"Feature","properties":{"kind":"building","name":null,"on_campus":false,"highway":null,"sport":null,"levels":null,"id":220966130},"geometry":{"type":"Polygon","coordinates":[[[227.7,-309.4],[227.7,-308.1],[231.8,-308.2],[231.9,-302.7],[227.7,-302.6],[227.7,-301.9],[214.9,-301.6],[214.8,-302.9],[213.0,-302.9],[212.9,-308.6],[214.9,-308.6],[214.8,-309.0],[227.7,-309.4]]]}},{"type":"Feature","properties":{"kind":"building","name":null,"on_campus":false,"highway":null,"sport":null,"levels":null,"id":220966131},"geometry":{"type":"Polygon","coordinates":[[[297.6,-319.4],[308.9,-319.6],[309.0,-314.3],[309.7,-314.4],[309.8,-312.0],[309.0,-312.0],[309.1,-307.6],[303.7,-307.6],[303.7,-306.5],[299.7,-306.5],[299.7,-307.6],[297.7,-307.6],[297.6,-310.0],[296.3,-310.0],[296.3,-312.5],[297.7,-312.5],[297.6,-319.4]]]}},{"type":"Feature","properties":{"kind":"building","name":null,"on_campus":false,"highway":null,"sport":null,"levels":null,"id":220966132},"geometry":{"type":"Polygon","coordinates":[[[381.1,-316.7],[391.6,-317.0],[391.7,-314.8],[393.3,-314.8],[393.5,-308.7],[391.9,-308.7],[391.9,-307.4],[383.1,-307.2],[382.9,-313.6],[381.2,-313.5],[381.1,-316.7]]]}},{"type":"Feature","properties":{"kind":"building","name":null,"on_campus":false,"highway":null,"sport":null,"levels":null,"id":220966135},"geometry":{"type":"Polygon","coordinates":[[[194.1,-321.5],[194.1,-318.2],[196.8,-318.2],[196.9,-311.6],[188.8,-311.5],[188.8,-310.3],[183.9,-310.3],[183.9,-311.2],[180.7,-311.1],[180.6,-321.4],[194.1,-321.5]]]}},{"type":"Feature","properties":{"kind":"building","name":null,"on_campus":false,"highway":null,"sport":null,"levels":null,"id":220966136},"geometry":{"type":"Polygon","coordinates":[[[269.1,-312.9],[278.9,-313.0],[279.0,-310.7],[282.1,-310.8],[282.2,-305.4],[275.5,-305.3],[275.5,-304.4],[269.2,-304.4],[269.1,-312.9]]]}},{"type":"Feature","properties":{"kind":"building","name":null,"on_campus":false,"highway":null,"sport":null,"levels":null,"id":220966139},"geometry":{"type":"Polygon","coordinates":[[[214.2,-310.9],[214.2,-312.5],[212.7,-312.4],[212.6,-317.4],[214.3,-317.5],[214.3,-318.1],[227.0,-318.5],[227.0,-316.6],[231.1,-316.7],[231.2,-311.8],[227.0,-311.7],[227.0,-311.3],[214.2,-310.9]]]}},{"type":"Feature","properties":{"kind":"building","name":null,"on_campus":false,"highway":null,"sport":null,"levels":null,"id":220966140},"geometry":{"type":"Polygon","coordinates":[[[278.8,-316.0],[268.6,-315.6],[268.6,-315.9],[267.2,-315.8],[267.0,-319.6],[265.4,-319.5],[265.2,-322.7],[268.4,-322.8],[268.3,-325.2],[278.4,-325.7],[278.8,-316.0]]]}},{"type":"Feature","properties":{"kind":"building","name":null,"on_campus":false,"highway":null,"sport":null,"levels":null,"id":220966141},"geometry":{"type":"Polygon","coordinates":[[[342.7,-328.8],[354.0,-328.8],[354.0,-324.1],[355.7,-324.1],[355.7,-317.2],[348.6,-317.2],[348.6,-318.1],[342.7,-318.1],[342.7,-321.0],[340.8,-321.0],[340.8,-325.8],[342.7,-325.8],[342.7,-328.8]]]}},{"type":"Feature","properties":{"kind":"building","name":null,"on_campus":false,"highway":null,"sport":null,"levels":null,"id":220966145},"geometry":{"type":"Polygon","coordinates":[[[215.6,-321.1],[215.6,-324.0],[216.5,-324.0],[216.5,-326.9],[219.0,-326.9],[218.9,-329.7],[230.8,-329.9],[230.8,-327.9],[231.9,-327.9],[232.1,-321.4],[215.6,-321.1]]]}},{"type":"Feature","properties":{"kind":"building","name":null,"on_campus":false,"highway":null,"sport":null,"levels":null,"id":220966146},"geometry":{"type":"Polygon","coordinates":[[[309.4,-335.2],[309.5,-325.1],[308.1,-325.1],[308.2,-323.8],[305.0,-323.8],[305.0,-321.9],[299.6,-321.9],[299.6,-326.1],[298.0,-326.1],[297.9,-333.4],[299.6,-333.4],[299.6,-335.1],[309.4,-335.2]]]}},{"type":"Feature","properties":{"kind":"building","name":null,"on_campus":false,"highway":null,"sport":null,"levels":null,"id":220966147},"geometry":{"type":"Polygon","coordinates":[[[378.8,-330.5],[393.3,-330.8],[393.5,-320.5],[388.2,-320.4],[388.2,-321.1],[380.1,-320.9],[380.1,-323.2],[378.3,-323.2],[378.2,-326.7],[378.8,-326.7],[378.8,-330.5]]]}},{"type":"Feature","properties":{"kind":"building","name":null,"on_campus":false,"highway":null,"sport":null,"levels":null,"id":220966242},"geometry":{"type":"Polygon","coordinates":[[[181.9,-323.6],[181.8,-327.4],[179.6,-327.3],[179.6,-330.0],[180.7,-330.0],[180.6,-333.7],[190.8,-333.9],[190.9,-332.8],[193.9,-332.8],[193.9,-330.0],[195.1,-330.1],[195.2,-326.2],[193.8,-326.2],[193.8,-323.9],[181.9,-323.6]]]}},{"type":"Feature","properties":{"kind":"building","name":null,"on_campus":false,"highway":null,"sport":null,"levels":null,"id":220966251},"geometry":{"type":"Polygon","coordinates":[[[366.6,-317.8],[366.5,-321.2],[372.6,-321.4],[372.7,-317.9],[366.6,-317.8]]]}},{"type":"Feature","properties":{"kind":"building","name":null,"on_campus":false,"highway":null,"sport":null,"levels":null,"id":220966258},"geometry":{"type":"Polygon","coordinates":[[[367.1,-304.8],[367.0,-308.2],[373.2,-308.4],[373.3,-305.0],[367.1,-304.8]]]}},{"type":"Feature","properties":{"kind":"building","name":null,"on_campus":false,"highway":null,"sport":null,"levels":null,"id":220966259},"geometry":{"type":"Polygon","coordinates":[[[292.9,-318.7],[286.2,-318.6],[286.1,-322.9],[292.8,-323.0],[292.9,-318.7]]]}},{"type":"Feature","properties":{"kind":"building","name":null,"on_campus":false,"highway":null,"sport":null,"levels":null,"id":220966267},"geometry":{"type":"Polygon","coordinates":[[[340.8,-311.1],[355.1,-311.4],[355.3,-301.9],[342.8,-301.6],[342.6,-307.9],[340.9,-307.9],[340.8,-311.1]]]}},{"type":"Feature","properties":{"kind":"building","name":null,"on_campus":false,"highway":null,"sport":null,"levels":null,"id":235379326},"geometry":{"type":"Polygon","coordinates":[[[-204.7,-259.7],[-194.9,-259.8],[-194.8,-244.5],[-199.1,-244.4],[-199.1,-241.6],[-204.5,-241.5],[-204.7,-259.7]]]}},{"type":"Feature","properties":{"kind":"building","name":null,"on_campus":false,"highway":null,"sport":null,"levels":null,"id":235379328},"geometry":{"type":"Polygon","coordinates":[[[-193.4,-176.7],[-193.2,-162.0],[-196.1,-161.9],[-196.0,-158.8],[-201.1,-158.8],[-201.1,-162.2],[-201.9,-162.2],[-202.1,-176.6],[-201.5,-176.6],[-201.5,-178.6],[-197.2,-178.6],[-197.2,-176.6],[-193.4,-176.7]]]}},{"type":"Feature","properties":{"kind":"building","name":null,"on_campus":false,"highway":null,"sport":null,"levels":null,"id":235379329},"geometry":{"type":"Polygon","coordinates":[[[-186.8,-326.7],[-196.5,-326.4],[-196.8,-335.9],[-187.1,-336.2],[-186.8,-326.7]]]}},{"type":"Feature","properties":{"kind":"building","name":null,"on_campus":false,"highway":null,"sport":null,"levels":null,"id":235379331},"geometry":{"type":"Polygon","coordinates":[[[-183.6,-140.7],[-183.2,-126.0],[-191.6,-125.7],[-192.0,-140.4],[-183.6,-140.7]]]}},{"type":"Feature","properties":{"kind":"building","name":null,"on_campus":false,"highway":null,"sport":null,"levels":null,"id":235379332},"geometry":{"type":"Polygon","coordinates":[[[-193.5,-224.5],[-192.4,-224.5],[-192.4,-225.5],[-189.0,-225.5],[-189.0,-224.5],[-186.4,-224.6],[-186.3,-205.1],[-193.3,-205.0],[-193.5,-224.5]]]}},{"type":"Feature","properties":{"kind":"building","name":null,"on_campus":false,"highway":null,"sport":null,"levels":null,"id":235379333},"geometry":{"type":"Polygon","coordinates":[[[-191.9,-300.8],[-191.1,-300.7],[-191.0,-303.4],[-185.9,-303.3],[-184.4,-301.6],[-184.4,-300.7],[-182.6,-300.7],[-182.9,-285.6],[-192.2,-285.8],[-191.9,-300.8]]]}},{"type":"Feature","properties":{"kind":"building","name":null,"on_campus":false,"highway":null,"sport":null,"levels":null,"id":235379335},"geometry":{"type":"Polygon","coordinates":[[[-184.4,-176.1],[-184.2,-164.1],[-184.9,-164.1],[-184.9,-163.1],[-189.9,-163.1],[-189.9,-164.1],[-192.6,-164.1],[-192.7,-175.9],[-190.6,-175.9],[-190.6,-177.1],[-187.2,-177.2],[-187.2,-176.0],[-184.4,-176.1]]]}},{"type":"Feature","properties":{"kind":"building","name":null,"on_campus":false,"highway":null,"sport":null,"levels":null,"id":235379338},"geometry":{"type":"Polygon","coordinates":[[[-184.5,-206.9],[-184.5,-220.1],[-175.7,-220.1],[-175.7,-206.9],[-184.5,-206.9]]]}},{"type":"Feature","properties":{"kind":"building","name":null,"on_campus":false,"highway":null,"sport":null,"levels":null,"id":235379341},"geometry":{"type":"Polygon","coordinates":[[[-182.9,-177.2],[-181.8,-177.2],[-181.8,-178.2],[-178.8,-178.3],[-178.8,-177.2],[-175.3,-177.2],[-175.1,-161.7],[-176.5,-161.7],[-176.5,-160.7],[-179.3,-160.7],[-179.3,-160.1],[-181.8,-160.0],[-181.8,-161.5],[-182.8,-161.5],[-182.9,-177.2]]]}},{"type":"Feature","properties":{"kind":"building","name":null,"on_campus":false,"highway":null,"sport":null,"levels":null,"id":235379343},"geometry":{"type":"Polygon","coordinates":[[[-166.9,-207.5],[-168.5,-207.5],[-168.5,-206.1],[-174.2,-206.0],[-174.3,-207.3],[-174.8,-207.3],[-175.0,-219.0],[-167.1,-219.2],[-166.9,-207.5]]]}},{"type":"Feature","properties":{"kind":"building","name":null,"on_campus":false,"highway":null,"sport":null,"levels":null,"id":235379344},"geometry":{"type":"Polygon","coordinates":[[[-171.6,-286.9],[-172.1,-286.9],[-172.1,-285.0],[-178.5,-284.9],[-178.5,-286.8],[-179.0,-286.8],[-179.1,-301.0],[-178.9,-301.0],[-178.9,-302.7],[-172.3,-302.8],[-172.3,-301.0],[-171.7,-301.0],[-171.6,-286.9]]]}},{"type":"Feature","properties":{"kind":"building","name":null,"on_campus":false,"highway":null,"sport":null,"levels":null,"id":235379345},"geometry":{"type":"Polygon","coordinates":[[[-174.0,-161.9],[-174.1,-176.4],[-166.0,-176.4],[-165.9,-162.6],[-170.5,-162.6],[-170.5,-161.9],[-174.0,-161.9]]]}},{"type":"Feature","properties":{"kind":"building","name":null,"on_campus":false,"highway":null,"sport":null,"levels":null,"id":235379346},"geometry":{"type":"Polygon","coordinates":[[[-167.4,-243.5],[-174.8,-243.3],[-175.2,-256.3],[-172.4,-256.4],[-172.5,-257.3],[-170.5,-257.4],[-170.5,-256.6],[-167.7,-256.6],[-167.4,-243.5]]]}},{"type":"Feature","properties":{"kind":"building","name":null,"on_campus":false,"highway":null,"sport":null,"levels":null,"id":235379348},"geometry":{"type":"Polygon","coordinates":[[[-166.5,-152.0],[-166.4,-138.9],[-175.9,-138.8],[-175.9,-142.0],[-174.5,-142.0],[-174.5,-146.6],[-171.3,-146.6],[-171.3,-152.0],[-166.5,-152.0]]]}},{"type":"Feature","properties":{"kind":"building","name":null,"on_campus":false,"highway":null,"sport":null,"levels":null,"id":235379349},"geometry":{"type":"Polygon","coordinates":[[[-169.3,-301.2],[-169.8,-301.2],[-169.9,-307.9],[-161.2,-308.0],[-161.1,-302.1],[-162.0,-302.1],[-161.8,-286.7],[-162.3,-286.7],[-162.3,-282.8],[-163.7,-282.8],[-163.7,-285.6],[-169.0,-285.6],[-169.3,-301.2]]]}},{"type":"Feature","properties":{"kind":"building","name":null,"on_campus":false,"highway":null,"sport":null,"levels":null,"id":235379351},"geometry":{"type":"Polygon","coordinates":[[[-166.3,-256.7],[-157.4,-256.7],[-157.4,-243.2],[-160.0,-243.3],[-160.0,-241.5],[-163.3,-241.5],[-163.3,-243.2],[-166.3,-243.2],[-166.3,-256.7]]]}},{"type":"Feature","properties":{"kind":"building","name":null,"on_campus":false,"highway":null,"sport":null,"levels":null,"id":235379358},"geometry":{"type":"Polygon","coordinates":[[[-165.5,-219.2],[-161.6,-219.2],[-161.6,-221.7],[-158.0,-221.7],[-158.0,-219.3],[-157.5,-219.3],[-157.4,-207.5],[-159.1,-207.5],[-159.1,-206.4],[-160.0,-206.4],[-159.9,-202.3],[-161.3,-202.2],[-161.3,-206.1],[-164.9,-206.1],[-164.9,-207.4],[-165.4,-207.4],[-165.5,-219.2]]]}},{"type":"Feature","properties":{"kind":"building","name":null,"on_campus":false,"highway":null,"sport":null,"levels":null,"id":235379362},"geometry":{"type":"Polygon","coordinates":[[[-154.5,-322.9],[-158.9,-322.9],[-158.9,-319.7],[-162.6,-319.7],[-162.6,-320.4],[-164.1,-320.4],[-164.2,-323.0],[-167.2,-322.9],[-167.2,-329.4],[-166.4,-329.4],[-166.4,-331.3],[-165.3,-331.3],[-165.3,-334.6],[-162.6,-334.6],[-162.6,-336.1],[-157.3,-336.1],[-157.3,-334.7],[-154.5,-334.7],[-154.5,-322.9]]]}},{"type":"Feature","properties":{"kind":"building","name":null,"on_campus":false,"highway":null,"sport":null,"levels":null,"id":235379364},"geometry":{"type":"Polygon","coordinates":[[[-148.9,-227.2],[-148.6,-207.4],[-156.2,-207.3],[-156.5,-227.1],[-148.9,-227.2]]]}},{"type":"Feature","properties":{"kind":"building","name":null,"on_campus":false,"highway":null,"sport":null,"levels":null,"id":235379365},"geometry":{"type":"Polygon","coordinates":[[[-151.9,-288.0],[-152.6,-288.0],[-152.6,-286.3],[-158.9,-286.2],[-158.9,-288.2],[-159.2,-288.2],[-159.3,-300.0],[-152.1,-300.1],[-151.9,-288.0]]]}},{"type":"Feature","properties":{"kind":"building","name":null,"on_campus":false,"highway":null,"sport":null,"levels":null,"id":235379369},"geometry":{"type":"Polygon","coordinates":[[[-151.1,-334.0],[-143.4,-333.9],[-143.5,-324.7],[-144.3,-324.7],[-144.3,-321.4],[-148.4,-321.5],[-148.4,-324.5],[-151.2,-324.6],[-151.1,-334.0]]]}},{"type":"Feature","properties":{"kind":"building","name":null,"on_campus":false,"highway":null,"sport":null,"levels":null,"id":235379374},"geometry":{"type":"Polygon","coordinates":[[[-147.5,-221.9],[-146.4,-221.9],[-146.4,-224.2],[-139.8,-224.4],[-139.8,-222.0],[-139.0,-222.1],[-138.6,-208.5],[-147.1,-208.3],[-147.5,-221.9]]]}},{"type":"Feature","properties":{"kind":"building","name":null,"on_campus":false,"highway":null,"sport":null,"levels":null,"id":235379375},"geometry":{"type":"Polygon","coordinates":[[[-146.9,-297.2],[-143.2,-297.2],[-143.2,-298.6],[-138.3,-298.6],[-138.3,-297.2],[-137.8,-297.2],[-137.8,-284.5],[-141.8,-284.5],[-141.8,-282.6],[-146.9,-282.6],[-146.9,-297.2]]]}},{"type":"Feature","properties":{"kind":"building","name":null,"on_campus":false,"highway":null,"sport":null,"levels":null,"id":235379377},"geometry":{"type":"Polygon","coordinates":[[[-139.6,-245.2],[-149.1,-244.9],[-149.0,-241.4],[-154.8,-241.2],[-155.1,-248.8],[-149.7,-248.9],[-149.9,-257.5],[-145.1,-257.6],[-145.2,-258.7],[-140.0,-258.9],[-139.6,-245.2]]]}},{"type":"Feature","properties":{"kind":"building","name":null,"on_campus":false,"highway":null,"sport":null,"levels":null,"id":235379380},"geometry":{"type":"Polygon","coordinates":[[[-129.1,-302.0],[-119.7,-302.0],[-119.7,-285.8],[-122.1,-285.8],[-122.1,-284.4],[-126.5,-284.4],[-126.5,-285.7],[-129.1,-285.7],[-129.1,-302.0]]]}},{"type":"Feature","properties":{"kind":"building","name":null,"on_campus":false,"highway":null,"sport":null,"levels":null,"id":235379385},"geometry":{"type":"Polygon","coordinates":[[[-138.9,-330.7],[-137.4,-330.7],[-137.5,-334.2],[-130.0,-334.4],[-129.9,-331.6],[-128.4,-331.6],[-128.1,-320.5],[-129.8,-320.5],[-129.8,-319.3],[-130.3,-319.3],[-130.3,-318.4],[-131.4,-318.4],[-131.4,-317.9],[-138.5,-317.7],[-138.9,-330.7]]]}},{"type":"Feature","properties":{"kind":"building","name":null,"on_campus":false,"highway":null,"sport":null,"levels":null,"id":235379386},"geometry":{"type":"Polygon","coordinates":[[[-126.8,-335.8],[-118.4,-336.0],[-118.2,-322.0],[-122.7,-322.0],[-122.6,-320.1],[-126.5,-320.1],[-126.8,-335.8]]]}},{"type":"Feature","properties":{"kind":"building","name":null,"on_campus":false,"highway":null,"sport":null,"levels":null,"id":235379388},"geometry":{"type":"Polygon","coordinates":[[[-92.5,-178.8],[-92.4,-165.9],[-92.9,-165.8],[-92.9,-163.0],[-98.7,-163.0],[-98.8,-166.2],[-97.4,-166.3],[-97.4,-167.4],[-98.5,-167.3],[-98.5,-168.3],[-100.3,-168.2],[-100.4,-178.5],[-99.3,-178.5],[-99.3,-178.7],[-92.5,-178.8]]]}},{"type":"Feature","properties":{"kind":"building","name":null,"on_campus":false,"highway":null,"sport":null,"levels":null,"id":235379389},"geometry":{"type":"Polygon","coordinates":[[[-98.0,-125.8],[-98.3,-142.2],[-89.2,-142.4],[-88.9,-126.0],[-98.0,-125.8]]]}},{"type":"Feature","properties":{"kind":"building","name":null,"on_campus":false,"highway":null,"sport":null,"levels":null,"id":235379390},"geometry":{"type":"Polygon","coordinates":[[[-82.2,-281.7],[-92.5,-281.6],[-92.5,-281.9],[-94.6,-281.9],[-94.7,-287.9],[-92.5,-287.9],[-92.6,-296.2],[-87.8,-296.3],[-87.8,-295.3],[-82.3,-295.4],[-82.2,-281.7]]]}},{"type":"Feature","properties":{"kind":"building","name":null,"on_campus":false,"highway":null,"sport":null,"levels":null,"id":235379391},"geometry":{"type":"Polygon","coordinates":[[[-100.6,-241.7],[-100.5,-245.3],[-100.9,-245.3],[-100.8,-250.3],[-100.6,-250.3],[-100.5,-256.3],[-94.0,-256.2],[-94.0,-254.9],[-92.9,-254.9],[-93.0,-250.1],[-91.6,-250.0],[-91.6,-245.1],[-92.3,-245.1],[-92.3,-241.5],[-100.6,-241.7]]]}},{"type":"Feature","properties":{"kind":"building","name":null,"on_campus":false,"highway":null,"sport":null,"levels":null,"id":235379392},"geometry":{"type":"Polygon","coordinates":[[[-78.4,-139.9],[-77.8,-127.0],[-82.3,-126.8],[-82.4,-128.5],[-86.6,-128.3],[-87.2,-139.5],[-83.1,-139.7],[-83.1,-140.3],[-87.5,-140.1],[-87.7,-145.1],[-80.4,-145.4],[-80.2,-139.8],[-78.4,-139.9]]]}},{"type":"Feature","properties":{"kind":"building","name":null,"on_campus":false,"highway":null,"sport":null,"levels":null,"id":235379393},"geometry":{"type":"Polygon","coordinates":[[[-75.2,-218.4],[-75.2,-208.6],[-78.6,-208.6],[-78.6,-207.3],[-82.8,-207.3],[-82.8,-208.4],[-86.3,-208.3],[-86.4,-218.4],[-75.2,-218.4]]]}},{"type":"Feature","properties":{"kind":"building","name":null,"on_campus":false,"highway":null,"sport":null,"levels":null,"id":235379394},"geometry":{"type":"Polygon","coordinates":[[[-63.9,-281.6],[-76.4,-281.6],[-76.4,-287.8],[-74.0,-287.8],[-74.0,-296.0],[-69.0,-296.0],[-69.0,-295.1],[-63.9,-295.1],[-63.9,-281.6]]]}},{"type":"Feature","properties":{"kind":"building","name":null,"on_campus":false,"highway":null,"sport":null,"levels":null,"id":235379395},"geometry":{"type":"Polygon","coordinates":[[[-89.5,-179.0],[-80.6,-179.0],[-80.5,-164.7],[-81.2,-164.7],[-81.1,-162.2],[-85.2,-162.2],[-85.2,-164.6],[-89.4,-164.6],[-89.5,-179.0]]]}},{"type":"Feature","properties":{"kind":"building","name":null,"on_campus":false,"highway":null,"sport":null,"levels":null,"id":235379396},"geometry":{"type":"Polygon","coordinates":[[[-74.2,-247.3],[-77.8,-247.2],[-77.8,-245.3],[-76.3,-245.3],[-76.3,-243.8],[-77.9,-243.7],[-77.9,-241.3],[-83.1,-241.2],[-83.1,-243.2],[-83.6,-243.2],[-83.7,-248.4],[-83.1,-248.4],[-83.3,-257.6],[-80.2,-257.7],[-80.2,-258.6],[-77.2,-258.7],[-77.2,-257.8],[-74.5,-257.9],[-74.2,-247.3]]]}},{"type":"Feature","properties":{"kind":"building","name":null,"on_campus":false,"highway":null,"sport":null,"levels":null,"id":235379397},"geometry":{"type":"Polygon","coordinates":[[[-69.1,-179.5],[-68.8,-162.3],[-77.8,-162.2],[-78.1,-179.1],[-76.8,-179.1],[-76.8,-180.3],[-73.1,-180.3],[-73.0,-179.4],[-69.1,-179.5]]]}},{"type":"Feature","properties":{"kind":"building","name":null,"on_campus":false,"highway":null,"sport":null,"levels":null,"id":235379398},"geometry":{"type":"Polygon","coordinates":[[[-67.8,-144.3],[-67.6,-128.6],[-69.7,-128.5],[-69.7,-127.0],[-72.7,-127.0],[-72.7,-128.2],[-76.4,-128.1],[-76.6,-139.8],[-72.6,-139.9],[-72.7,-140.8],[-72.0,-140.8],[-72.0,-144.2],[-67.8,-144.3]]]}},{"type":"Feature","properties":{"kind":"building","name":null,"on_campus":false,"highway":null,"sport":null,"levels":null,"id":235379399},"geometry":{"type":"Polygon","coordinates":[[[-74.2,-226.3],[-67.0,-226.3],[-66.8,-212.1],[-67.3,-212.1],[-67.2,-208.5],[-73.5,-208.5],[-73.5,-212.1],[-74.0,-212.0],[-74.2,-226.3]]]}},{"type":"Feature","properties":{"kind":"building","name":null,"on_campus":false,"highway":null,"sport":null,"levels":null,"id":235379400},"geometry":{"type":"Polygon","coordinates":[[[-59.9,-244.2],[-69.7,-244.2],[-69.8,-245.3],[-70.3,-245.3],[-70.3,-258.0],[-66.9,-258.0],[-66.9,-259.6],[-63.1,-259.6],[-63.1,-258.0],[-59.9,-258.0],[-59.9,-244.2]]]}},{"type":"Feature","properties":{"kind":"building","name":null,"on_campus":false,"highway":null,"sport":null,"levels":null,"id":235379401},"geometry":{"type":"Polygon","coordinates":[[[-57.9,-144.3],[-57.0,-127.0],[-60.9,-126.9],[-60.9,-128.3],[-65.8,-128.3],[-66.3,-144.1],[-57.9,-144.3]]]}},{"type":"Feature","properties":{"kind":"building","name":null,"on_campus":false,"highway":null,"sport":null,"levels":null,"id":235379402},"geometry":{"type":"Polygon","coordinates":[[[-56.9,-208.6],[-60.4,-208.6],[-60.4,-208.0],[-62.3,-208.0],[-62.3,-208.6],[-65.8,-208.6],[-65.9,-224.2],[-57.0,-224.3],[-56.9,-208.6]]]}},{"type":"Feature","properties":{"kind":"building","name":null,"on_campus":false,"highway":null,"sport":null,"levels":null,"id":235379403},"geometry":{"type":"Polygon","coordinates":[[[-52.2,-166.2],[-54.3,-166.2],[-54.3,-165.3],[-56.7,-165.4],[-56.7,-166.2],[-58.8,-166.3],[-58.8,-167.3],[-65.4,-167.4],[-65.3,-179.5],[-61.6,-179.5],[-61.6,-180.9],[-56.3,-180.8],[-56.3,-178.6],[-52.1,-178.6],[-52.2,-166.2]]]}},{"type":"Feature","properties":{"kind":"building","name":null,"on_campus":false,"highway":null,"sport":null,"levels":null,"id":235379404},"geometry":{"type":"Polygon","coordinates":[[[-58.4,-297.1],[-57.4,-297.1],[-57.4,-300.4],[-53.3,-300.4],[-53.2,-297.2],[-49.0,-297.2],[-48.8,-281.8],[-58.2,-281.7],[-58.4,-297.1]]]}},{"type":"Feature","properties":{"kind":"building","name":null,"on_campus":false,"highway":null,"sport":null,"levels":null,"id":235379405},"geometry":{"type":"Polygon","coordinates":[[[-47.2,-144.8],[-46.5,-130.3],[-50.0,-130.1],[-49.9,-127.9],[-55.1,-127.7],[-55.7,-142.0],[-50.5,-142.2],[-50.6,-144.7],[-47.2,-144.8]]]}},{"type":"Feature","properties":{"kind":"building","name":null,"on_campus":false,"highway":null,"sport":null,"levels":null,"id":235379406},"geometry":{"type":"Polygon","coordinates":[[[-56.6,-224.2],[-52.3,-224.3],[-52.3,-225.0],[-48.0,-225.1],[-48.0,-224.1],[-47.6,-224.1],[-47.4,-208.8],[-56.4,-208.8],[-56.6,-224.2]]]}},{"type":"Feature","properties":{"kind":"building","name":null,"on_campus":false,"highway":null,"sport":null,"levels":null,"id":235379407},"geometry":{"type":"Polygon","coordinates":[[[-41.4,-181.4],[-41.2,-163.8],[-50.7,-163.7],[-50.8,-176.3],[-50.4,-176.3],[-50.4,-179.6],[-46.4,-179.7],[-46.4,-181.3],[-41.4,-181.4]]]}},{"type":"Feature","properties":{"kind":"building","name":null,"on_campus":false,"highway":null,"sport":null,"levels":null,"id":235379408},"geometry":{"type":"Polygon","coordinates":[[[-56.7,-255.4],[-48.8,-255.4],[-48.9,-242.9],[-50.3,-242.9],[-50.3,-241.3],[-56.0,-241.3],[-56.0,-242.8],[-56.8,-242.8],[-56.7,-255.4]]]}},{"type":"Feature","properties":{"kind":"building","name":null,"on_campus":false,"highway":null,"sport":null,"levels":null,"id":235379409},"geometry":{"type":"Polygon","coordinates":[[[-38.4,-208.9],[-39.1,-208.9],[-39.1,-207.8],[-43.1,-207.8],[-43.0,-202.8],[-46.2,-202.8],[-46.2,-208.7],[-47.0,-208.7],[-47.2,-224.2],[-38.6,-224.3],[-38.4,-208.9]]]}},{"type":"Feature","properties":{"kind":"building","name":null,"on_campus":false,"highway":null,"sport":null,"levels":null,"id":235379410},"geometry":{"type":"Polygon","coordinates":[[[-39.4,-242.9],[-42.6,-242.9],[-42.6,-241.9],[-45.3,-241.9],[-45.3,-242.9],[-47.5,-242.9],[-47.6,-255.8],[-39.5,-255.9],[-39.4,-242.9]]]}},{"type":"Feature","properties":{"kind":"building","name":null,"on_campus":false,"highway":null,"sport":null,"levels":null,"id":235379411},"geometry":{"type":"Polygon","coordinates":[[[-45.8,-140.4],[-37.1,-140.6],[-36.9,-127.8],[-45.6,-127.7],[-45.8,-140.4]]]}},{"type":"Feature","properties":{"kind":"building","name":null,"on_campus":false,"highway":null,"sport":null,"levels":null,"id":235379412},"geometry":{"type":"Polygon","coordinates":[[[-23.0,-128.4],[-25.8,-128.3],[-25.7,-127.2],[-30.0,-127.1],[-30.0,-128.5],[-32.7,-128.4],[-33.1,-144.8],[-30.3,-144.9],[-30.3,-145.9],[-26.7,-146.0],[-26.7,-145.0],[-23.5,-145.1],[-23.0,-128.4]]]}},{"type":"Feature","properties":{"kind":"building","name":null,"on_campus":false,"highway":null,"sport":null,"levels":null,"id":235379413},"geometry":{"type":"Polygon","coordinates":[[[-36.4,-219.7],[-28.1,-219.7],[-28.0,-216.2],[-27.3,-216.2],[-27.3,-212.4],[-28.0,-212.4],[-28.0,-208.3],[-30.8,-208.3],[-30.8,-207.2],[-33.7,-207.2],[-33.7,-208.3],[-36.3,-208.2],[-36.4,-219.7]]]}},{"type":"Feature","properties":{"kind":"building","name":null,"on_campus":false,"highway":null,"sport":null,"levels":null,"id":235379414},"geometry":{"type":"Polygon","coordinates":[[[-21.3,-161.2],[-21.8,-161.2],[-21.8,-159.9],[-24.1,-159.8],[-24.1,-161.1],[-30.4,-161.0],[-30.4,-164.0],[-31.7,-163.9],[-31.9,-169.5],[-30.6,-169.5],[-30.8,-175.6],[-21.7,-175.9],[-21.3,-161.2]]]}},{"type":"Feature","properties":{"kind":"building","name":null,"on_campus":false,"highway":null,"sport":null,"levels":null,"id":235379415},"geometry":{"type":"Polygon","coordinates":[[[-38.2,-256.0],[-28.6,-256.0],[-28.5,-240.8],[-38.1,-240.8],[-38.2,-256.0]]]}},{"type":"Feature","properties":{"kind":"building","name":null,"on_campus":false,"highway":null,"sport":null,"levels":null,"id":235379416},"geometry":{"type":"Polygon","coordinates":[[[-16.2,-206.9],[-24.6,-206.8],[-24.6,-212.5],[-25.2,-212.5],[-25.3,-221.6],[-20.1,-221.6],[-20.1,-218.7],[-16.3,-218.8],[-16.2,-206.9]]]}},{"type":"Feature","properties":{"kind":"building","name":null,"on_campus":false,"highway":null,"sport":null,"levels":null,"id":235379417},"geometry":{"type":"Polygon","coordinates":[[[-13.8,-236.8],[-15.6,-236.7],[-15.6,-235.9],[-19.1,-235.9],[-19.1,-239.3],[-22.0,-239.3],[-22.3,-254.6],[-14.2,-254.8],[-13.8,-236.8]]]}},{"type":"Feature","properties":{"kind":"building","name":null,"on_campus":false,"highway":null,"sport":null,"levels":null,"id":235379418},"geometry":{"type":"Polygon","coordinates":[[[-9.3,-160.3],[-14.5,-160.4],[-14.5,-158.7],[-14.2,-158.7],[-14.2,-157.5],[-13.6,-157.5],[-13.7,-155.5],[-17.0,-155.6],[-16.8,-158.8],[-15.9,-158.7],[-16.0,-160.5],[-17.6,-160.4],[-17.8,-175.3],[-16.8,-175.4],[-17.1,-176.8],[-9.2,-176.8],[-9.3,-160.3]]]}},{"type":"Feature","properties":{"kind":"building","name":null,"on_campus":false,"highway":null,"sport":null,"levels":null,"id":235379419},"geometry":{"type":"Polygon","coordinates":[[[-13.4,-207.1],[-13.7,-221.8],[-4.3,-222.0],[-4.0,-207.3],[-13.4,-207.1]]]}},{"type":"Feature","properties":{"kind":"building","name":null,"on_campus":false,"highway":null,"sport":null,"levels":null,"id":235379420},"geometry":{"type":"Polygon","coordinates":[[[6.1,-161.7],[-4.2,-161.5],[-4.3,-167.8],[-2.9,-167.8],[-3.1,-175.6],[-0.6,-175.7],[-0.5,-174.9],[6.3,-175.0],[6.4,-169.0],[7.1,-169.0],[7.2,-165.0],[6.1,-165.0],[6.1,-161.7]]]}},{"type":"Feature","properties":{"kind":"building","name":null,"on_campus":false,"highway":null,"sport":null,"levels":null,"id":235379421},"geometry":{"type":"Polygon","coordinates":[[[-1.7,-220.0],[3.0,-220.1],[3.1,-218.4],[9.1,-218.6],[9.4,-208.6],[6.5,-208.5],[6.5,-207.4],[3.1,-207.4],[3.1,-208.5],[-1.4,-208.4],[-1.7,-220.0]]]}},{"type":"Feature","properties":{"kind":"building","name":null,"on_campus":false,"highway":null,"sport":null,"levels":null,"id":235379422},"geometry":{"type":"Polygon","coordinates":[[[22.1,-173.4],[21.7,-160.3],[20.0,-160.5],[19.4,-157.4],[12.4,-159.0],[13.0,-163.2],[12.9,-169.4],[13.6,-169.4],[13.8,-173.5],[22.1,-173.4]]]}},{"type":"Feature","properties":{"kind":"building","name":null,"on_campus":false,"highway":null,"sport":null,"levels":null,"id":235379423},"geometry":{"type":"Polygon","coordinates":[[[27.5,-156.5],[27.2,-170.7],[30.6,-170.8],[30.6,-172.2],[36.2,-172.3],[36.5,-158.9],[32.5,-158.8],[32.6,-155.4],[28.7,-155.4],[28.6,-156.5],[27.5,-156.5]]]}},{"type":"Feature","properties":{"kind":"building","name":null,"on_campus":false,"highway":null,"sport":null,"levels":null,"id":235379424},"geometry":{"type":"Polygon","coordinates":[[[40.2,-206.9],[31.2,-206.8],[31.1,-221.6],[40.1,-221.7],[40.2,-206.9]]]}},{"type":"Feature","properties":{"kind":"building","name":null,"on_campus":false,"highway":null,"sport":null,"levels":null,"id":235379425},"geometry":{"type":"Polygon","coordinates":[[[52.8,-206.7],[50.9,-206.6],[51.0,-204.9],[45.4,-204.8],[45.4,-206.7],[43.9,-206.7],[43.6,-221.8],[41.1,-221.8],[41.0,-228.3],[44.6,-228.3],[44.7,-222.3],[52.5,-222.4],[52.8,-206.7]]]}},{"type":"Feature","properties":{"kind":"building","name":null,"on_campus":false,"highway":null,"sport":null,"levels":null,"id":235379426},"geometry":{"type":"Polygon","coordinates":[[[50.3,-172.4],[50.7,-158.7],[45.5,-158.6],[45.4,-160.9],[41.5,-160.8],[41.2,-172.2],[50.3,-172.4]]]}},{"type":"Feature","properties":{"kind":"building","name":null,"on_campus":false,"highway":null,"sport":null,"levels":null,"id":235379427},"geometry":{"type":"Polygon","coordinates":[[[65.2,-207.0],[61.9,-206.9],[61.9,-205.7],[59.4,-205.7],[59.4,-206.9],[56.1,-206.9],[55.9,-221.6],[65.0,-221.7],[65.2,-207.0]]]}},{"type":"Feature","properties":{"kind":"building","name":null,"on_campus":false,"highway":null,"sport":null,"levels":null,"id":235379428},"geometry":{"type":"Polygon","coordinates":[[[53.8,-160.6],[53.6,-173.4],[63.3,-173.5],[63.3,-170.0],[65.1,-170.0],[65.2,-164.2],[63.2,-164.1],[63.3,-160.7],[59.1,-160.6],[59.1,-157.9],[54.6,-157.9],[54.6,-160.6],[53.8,-160.6]]]}},{"type":"Feature","properties":{"kind":"building","name":null,"on_campus":false,"highway":null,"sport":null,"levels":null,"id":235379429},"geometry":{"type":"Polygon","coordinates":[[[75.6,-204.1],[69.7,-204.2],[69.7,-203.5],[67.0,-203.6],[67.0,-206.2],[66.1,-206.2],[66.2,-210.5],[67.0,-210.5],[67.2,-217.2],[76.0,-217.0],[75.6,-204.1]]]}},{"type":"Feature","properties":{"kind":"building","name":null,"on_campus":false,"highway":null,"sport":null,"levels":null,"id":235379430},"geometry":{"type":"Polygon","coordinates":[[[67.4,-159.3],[67.3,-173.3],[78.1,-173.5],[78.2,-159.4],[67.4,-159.3]]]}},{"type":"Feature","properties":{"kind":"building","name":null,"on_campus":false,"highway":null,"sport":null,"levels":null,"id":235379431},"geometry":{"type":"Polygon","coordinates":[[[81.2,-217.5],[89.6,-217.3],[89.2,-205.0],[88.5,-205.0],[88.5,-204.1],[80.7,-204.3],[81.2,-217.5]]]}},{"type":"Feature","properties":{"kind":"building","name":null,"on_campus":false,"highway":null,"sport":null,"levels":null,"id":235379433},"geometry":{"type":"Polygon","coordinates":[[[91.3,-173.4],[91.1,-161.1],[82.8,-161.3],[82.9,-165.8],[80.8,-165.8],[81.0,-173.6],[91.3,-173.4]]]}},{"type":"Feature","properties":{"kind":"building","name":null,"on_campus":false,"highway":null,"sport":null,"levels":null,"id":235379434},"geometry":{"type":"Polygon","coordinates":[[[100.5,-202.7],[97.9,-202.8],[97.9,-203.8],[91.8,-203.9],[92.0,-217.0],[100.8,-216.8],[100.5,-202.7]]]}},{"type":"Feature","properties":{"kind":"building","name":null,"on_campus":false,"highway":null,"sport":null,"levels":null,"id":235379435},"geometry":{"type":"Polygon","coordinates":[[[94.1,-173.2],[101.8,-173.1],[101.8,-172.4],[103.9,-172.3],[103.9,-171.8],[104.6,-171.8],[104.5,-163.2],[102.7,-163.3],[102.6,-159.6],[93.8,-159.7],[94.1,-173.2]]]}},{"type":"Feature","properties":{"kind":"building","name":null,"on_campus":false,"highway":null,"sport":null,"levels":null,"id":235379436},"geometry":{"type":"Polygon","coordinates":[[[104.5,-217.2],[113.2,-217.3],[113.3,-203.7],[108.1,-203.6],[108.1,-201.8],[106.5,-201.8],[106.5,-200.5],[104.6,-200.5],[104.5,-217.2]]]}},{"type":"Feature","properties":{"kind":"building","name":null,"on_campus":false,"highway":null,"sport":null,"levels":null,"id":235379437},"geometry":{"type":"Polygon","coordinates":[[[107.8,-173.3],[116.4,-173.3],[116.4,-166.9],[115.0,-166.8],[115.1,-157.5],[110.3,-157.5],[110.3,-159.8],[107.8,-159.8],[107.8,-173.3]]]}},{"type":"Feature","properties":{"kind":"building","name":null,"on_campus":false,"highway":null,"sport":null,"levels":null,"id":235379438},"geometry":{"type":"Polygon","coordinates":[[[114.8,-217.7],[124.3,-217.6],[124.2,-212.7],[125.0,-212.7],[125.0,-209.5],[124.4,-209.5],[124.3,-203.3],[114.6,-203.5],[114.8,-217.7]]]}},{"type":"Feature","properties":{"kind":"building","name":null,"on_campus":false,"highway":null,"sport":null,"levels":null,"id":235379439},"geometry":{"type":"Polygon","coordinates":[[[120.0,-171.4],[123.6,-171.3],[123.6,-172.6],[129.8,-172.5],[129.7,-163.3],[128.0,-163.3],[128.0,-160.7],[123.5,-160.8],[123.5,-155.7],[119.7,-155.8],[120.0,-171.4]]]}},{"type":"Feature","properties":{"kind":"building","name":null,"on_campus":false,"highway":null,"sport":null,"levels":null,"id":235379440},"geometry":{"type":"Polygon","coordinates":[[[136.9,-202.9],[131.6,-202.8],[131.6,-202.2],[127.4,-202.1],[127.4,-202.9],[127.0,-202.9],[126.7,-215.7],[136.7,-215.9],[136.9,-202.9]]]}},{"type":"Feature","properties":{"kind":"building","name":null,"on_campus":false,"highway":null,"sport":null,"levels":null,"id":235379441},"geometry":{"type":"Polygon","coordinates":[[[132.8,-159.6],[132.7,-172.6],[137.8,-172.6],[137.9,-171.0],[142.6,-171.1],[142.8,-159.7],[132.8,-159.6]]]}},{"type":"Feature","properties":{"kind":"building","name":null,"on_campus":false,"highway":null,"sport":null,"levels":null,"id":235379442},"geometry":{"type":"Polygon","coordinates":[[[146.0,-172.2],[155.1,-172.2],[155.1,-165.9],[154.0,-165.9],[154.1,-157.0],[146.0,-156.9],[146.0,-162.8],[145.5,-162.8],[145.4,-167.1],[146.0,-167.1],[146.0,-172.2]]]}},{"type":"Feature","properties":{"kind":"building","name":null,"on_campus":false,"highway":null,"sport":null,"levels":null,"id":235379443},"geometry":{"type":"Polygon","coordinates":[[[-19.2,-141.9],[-10.2,-142.1],[-9.9,-128.8],[-18.9,-128.6],[-19.2,-141.9]]]}},{"type":"Feature","properties":{"kind":"building","name":null,"on_campus":false,"highway":null,"sport":null,"levels":null,"id":235379444},"geometry":{"type":"Polygon","coordinates":[[[0.3,-238.1],[-2.8,-238.0],[-2.8,-235.0],[-3.3,-235.0],[-3.2,-234.2],[-5.0,-234.2],[-5.8,-235.0],[-5.9,-238.1],[-8.9,-238.1],[-9.2,-252.8],[-7.3,-252.9],[-7.4,-254.3],[-2.7,-254.4],[-2.7,-253.0],[-0.0,-253.1],[0.3,-238.1]]]}},{"type":"Feature","properties":{"kind":"building","name":null,"on_campus":false,"highway":null,"sport":null,"levels":null,"id":235379445},"geometry":{"type":"Polygon","coordinates":[[[11.4,-238.6],[3.0,-238.4],[2.7,-253.5],[7.8,-253.6],[7.8,-254.5],[11.1,-254.5],[11.4,-238.6]]]}},{"type":"Feature","properties":{"kind":"building","name":null,"on_campus":false,"highway":null,"sport":null,"levels":null,"id":235379446},"geometry":{"type":"Polygon","coordinates":[[[8.5,-143.1],[8.5,-137.8],[4.4,-137.8],[4.4,-132.9],[4.0,-132.9],[4.0,-129.2],[-4.0,-129.2],[-4.0,-133.2],[-5.1,-133.2],[-5.1,-137.9],[-3.8,-137.9],[-3.8,-141.8],[-2.2,-141.8],[-2.2,-143.1],[8.5,-143.1]]]}},{"type":"Feature","properties":{"kind":"building","name":null,"on_campus":false,"highway":null,"sport":null,"levels":null,"id":235379447},"geometry":{"type":"Polygon","coordinates":[[[15.2,-253.9],[21.6,-253.9],[21.6,-252.0],[24.6,-252.0],[24.7,-241.2],[18.0,-241.2],[18.0,-242.6],[15.3,-242.6],[15.2,-253.9]]]}},{"type":"Feature","properties":{"kind":"building","name":null,"on_campus":false,"highway":null,"sport":null,"levels":null,"id":235379448},"geometry":{"type":"Polygon","coordinates":[[[11.2,-129.3],[11.0,-140.7],[19.1,-140.9],[19.3,-129.5],[18.0,-129.4],[18.0,-128.0],[15.1,-128.0],[15.1,-129.4],[11.2,-129.3]]]}},{"type":"Feature","properties":{"kind":"building","name":null,"on_campus":false,"highway":null,"sport":null,"levels":null,"id":235379449},"geometry":{"type":"Polygon","coordinates":[[[28.5,-280.7],[26.9,-280.7],[26.9,-279.9],[23.7,-279.9],[23.7,-281.1],[19.7,-281.1],[20.0,-296.2],[25.8,-296.1],[25.7,-290.7],[28.7,-290.6],[28.5,-280.7]]]}},{"type":"Feature","properties":{"kind":"building","name":null,"on_campus":false,"highway":null,"sport":null,"levels":null,"id":235379450},"geometry":{"type":"Polygon","coordinates":[[[27.5,-253.9],[36.1,-254.0],[36.3,-241.8],[32.7,-241.7],[32.8,-239.4],[27.6,-239.3],[27.5,-253.9]]]}},{"type":"Feature","properties":{"kind":"building","name":null,"on_campus":false,"highway":null,"sport":null,"levels":null,"id":235379451},"geometry":{"type":"Polygon","coordinates":[[[40.2,-279.2],[35.2,-279.1],[35.2,-281.0],[31.0,-281.0],[31.0,-290.1],[31.4,-290.1],[31.4,-294.9],[36.8,-294.9],[36.8,-293.2],[40.2,-293.2],[40.2,-279.2]]]}},{"type":"Feature","properties":{"kind":"building","name":null,"on_campus":false,"highway":null,"sport":null,"levels":null,"id":235379452},"geometry":{"type":"Polygon","coordinates":[[[49.2,-234.3],[43.5,-234.3],[43.5,-236.5],[40.1,-236.5],[40.0,-252.7],[41.8,-252.7],[41.8,-254.4],[47.0,-254.4],[47.0,-252.6],[49.1,-252.6],[49.2,-234.3]]]}},{"type":"Feature","properties":{"kind":"building","name":null,"on_campus":false,"highway":null,"sport":null,"levels":null,"id":235379453},"geometry":{"type":"Polygon","coordinates":[[[33.0,-141.8],[33.4,-129.0],[32.6,-128.9],[32.6,-127.7],[30.0,-127.6],[30.0,-125.9],[28.0,-125.9],[27.9,-127.6],[25.5,-127.5],[25.5,-128.9],[24.6,-128.8],[24.5,-133.3],[23.5,-133.3],[23.3,-141.4],[25.0,-141.4],[24.9,-144.5],[32.3,-144.7],[32.4,-141.7],[33.0,-141.8]]]}},{"type":"Feature","properties":{"kind":"building","name":null,"on_campus":false,"highway":null,"sport":null,"levels":null,"id":235379454},"geometry":{"type":"Polygon","coordinates":[[[52.0,-281.5],[49.7,-281.5],[49.7,-279.2],[44.0,-279.1],[44.0,-281.4],[43.5,-281.4],[43.4,-291.5],[45.8,-291.5],[45.8,-294.8],[49.4,-294.8],[49.4,-291.7],[51.9,-291.7],[52.0,-281.5]]]}},{"type":"Feature","properties":{"kind":"building","name":null,"on_campus":false,"highway":null,"sport":null,"levels":null,"id":235379455},"geometry":{"type":"Polygon","coordinates":[[[37.7,-145.1],[47.5,-145.3],[47.6,-137.0],[47.1,-137.0],[47.1,-135.3],[47.9,-135.4],[48.2,-134.9],[48.8,-134.0],[49.1,-132.9],[48.7,-131.9],[48.2,-131.0],[47.4,-130.5],[47.6,-127.8],[38.0,-128.0],[37.7,-145.1]]]}},{"type":"Feature","properties":{"kind":"building","name":null,"on_campus":false,"highway":null,"sport":null,"levels":null,"id":235379456},"geometry":{"type":"Polygon","coordinates":[[[52.2,-255.2],[62.0,-254.9],[61.6,-242.2],[51.8,-242.5],[52.2,-255.2]]]}},{"type":"Feature","properties":{"kind":"building","name":null,"on_campus":false,"highway":null,"sport":null,"levels":null,"id":235379457},"geometry":{"type":"Polygon","coordinates":[[[65.6,-282.5],[64.8,-282.5],[64.8,-279.3],[63.2,-279.2],[63.1,-282.3],[57.7,-282.3],[57.7,-286.0],[57.0,-285.9],[56.9,-291.6],[59.1,-291.6],[59.1,-295.1],[65.4,-295.2],[65.6,-282.5]]]}},{"type":"Feature","properties":{"kind":"building","name":null,"on_campus":false,"highway":null,"sport":null,"levels":null,"id":235379458},"geometry":{"type":"Polygon","coordinates":[[[63.2,-143.6],[63.6,-129.0],[55.1,-128.8],[54.9,-137.5],[54.1,-137.5],[54.0,-139.7],[55.4,-139.7],[55.3,-143.4],[63.2,-143.6]]]}},{"type":"Feature","properties":{"kind":"building","name":null,"on_campus":false,"highway":null,"sport":null,"levels":null,"id":235379459},"geometry":{"type":"Polygon","coordinates":[[[76.5,-237.9],[71.9,-237.9],[71.8,-240.7],[70.0,-240.7],[70.0,-241.9],[67.8,-241.9],[67.8,-252.8],[72.9,-252.9],[72.9,-254.3],[76.4,-254.3],[76.5,-237.9]]]}},{"type":"Feature","properties":{"kind":"building","name":null,"on_campus":false,"highway":null,"sport":null,"levels":null,"id":235379460},"geometry":{"type":"Polygon","coordinates":[[[77.9,-126.7],[70.2,-126.5],[70.1,-128.8],[68.0,-128.8],[67.8,-140.1],[77.6,-140.3],[77.9,-126.7]]]}},{"type":"Feature","properties":{"kind":"building","name":null,"on_campus":false,"highway":null,"sport":null,"levels":null,"id":235379461},"geometry":{"type":"Polygon","coordinates":[[[79.4,-140.2],[88.6,-140.1],[88.6,-136.7],[89.7,-136.7],[89.7,-134.3],[88.8,-134.3],[88.8,-128.9],[84.0,-128.9],[84.0,-127.3],[80.9,-127.3],[80.9,-128.9],[79.9,-128.9],[79.9,-134.8],[79.4,-134.8],[79.4,-140.2]]]}},{"type":"Feature","properties":{"kind":"building","name":null,"on_campus":false,"highway":null,"sport":null,"levels":null,"id":235379462},"geometry":{"type":"Polygon","coordinates":[[[91.2,-141.7],[99.8,-142.0],[100.3,-129.4],[95.5,-129.2],[95.6,-127.8],[92.8,-127.7],[92.8,-129.1],[91.6,-129.0],[91.2,-141.7]]]}},{"type":"Feature","properties":{"kind":"building","name":null,"on_campus":false,"highway":null,"sport":null,"levels":null,"id":235379463},"geometry":{"type":"Polygon","coordinates":[[[113.8,-139.5],[114.2,-128.9],[113.3,-128.9],[113.3,-127.4],[109.5,-127.3],[109.4,-129.1],[102.3,-128.8],[102.1,-133.6],[104.2,-133.7],[103.9,-140.9],[109.0,-141.2],[109.1,-139.3],[113.8,-139.5]]]}},{"type":"Feature","properties":{"kind":"building","name":null,"on_campus":false,"highway":null,"sport":null,"levels":null,"id":235379464},"geometry":{"type":"Polygon","coordinates":[[[117.4,-129.1],[117.3,-143.7],[120.4,-143.7],[120.4,-142.6],[125.9,-142.6],[126.0,-129.1],[117.4,-129.1]]]}},{"type":"Feature","properties":{"kind":"building","name":null,"on_campus":false,"highway":null,"sport":null,"levels":null,"id":235379465},"geometry":{"type":"Polygon","coordinates":[[[138.3,-140.8],[138.2,-129.4],[134.1,-129.5],[134.1,-129.2],[128.7,-129.3],[128.8,-139.7],[128.2,-139.7],[128.2,-142.6],[130.1,-142.6],[130.2,-144.1],[130.8,-144.9],[133.8,-144.8],[134.6,-144.1],[134.6,-142.8],[136.4,-142.8],[136.4,-140.9],[138.3,-140.8]]]}},{"type":"Feature","properties":{"kind":"building","name":null,"on_campus":false,"highway":null,"sport":null,"levels":null,"id":235379466},"geometry":{"type":"Polygon","coordinates":[[[141.4,-129.1],[141.2,-144.6],[144.8,-144.7],[144.9,-143.1],[149.2,-143.2],[149.2,-139.6],[149.8,-139.6],[149.8,-132.4],[149.3,-132.4],[149.3,-129.1],[147.7,-129.1],[147.7,-127.7],[144.7,-127.6],[144.7,-129.1],[141.4,-129.1]]]}},{"type":"Feature","properties":{"kind":"building","name":null,"on_campus":false,"highway":null,"sport":null,"levels":null,"id":235379467},"geometry":{"type":"Polygon","coordinates":[[[77.9,-252.9],[81.0,-252.9],[81.0,-253.9],[84.1,-253.9],[84.1,-252.5],[87.0,-252.5],[87.0,-240.8],[86.5,-240.8],[86.5,-236.5],[82.1,-236.5],[82.2,-240.8],[77.9,-240.8],[77.9,-252.9]]]}},{"type":"Feature","properties":{"kind":"building","name":null,"on_campus":false,"highway":null,"sport":null,"levels":null,"id":235379468},"geometry":{"type":"Polygon","coordinates":[[[99.6,-289.1],[99.6,-282.5],[97.8,-282.5],[97.8,-280.5],[88.2,-280.6],[88.3,-289.2],[99.6,-289.1]]]}},{"type":"Feature","properties":{"kind":"building","name":null,"on_campus":false,"highway":null,"sport":null,"levels":null,"id":235379469},"geometry":{"type":"Polygon","coordinates":[[[101.8,-235.8],[99.1,-235.8],[99.1,-234.6],[97.1,-234.6],[97.1,-236.0],[91.9,-236.0],[91.8,-242.6],[92.8,-242.7],[92.7,-246.9],[93.7,-246.9],[93.7,-252.5],[97.5,-252.5],[97.5,-253.2],[100.2,-253.2],[100.2,-252.6],[101.7,-252.6],[101.8,-235.8]]]}},{"type":"Feature","properties":{"kind":"building","name":null,"on_campus":false,"highway":null,"sport":null,"levels":null,"id":235379470},"geometry":{"type":"Polygon","coordinates":[[[101.9,-293.3],[100.6,-293.4],[100.8,-298.1],[105.2,-297.9],[105.0,-293.8],[111.0,-293.5],[110.7,-286.9],[110.1,-286.9],[109.9,-281.4],[106.5,-281.5],[106.5,-280.5],[101.4,-280.8],[101.9,-293.3]]]}},{"type":"Feature","properties":{"kind":"building","name":null,"on_campus":false,"highway":null,"sport":null,"levels":null,"id":235379471},"geometry":{"type":"Polygon","coordinates":[[[105.9,-252.0],[110.4,-251.9],[110.4,-250.3],[115.8,-250.2],[115.7,-241.5],[113.5,-241.5],[113.4,-237.2],[109.7,-237.3],[109.8,-241.6],[105.7,-241.7],[105.9,-252.0]]]}},{"type":"Feature","properties":{"kind":"building","name":null,"on_campus":false,"highway":null,"sport":null,"levels":null,"id":235379473},"geometry":{"type":"Polygon","coordinates":[[[120.9,-280.0],[112.2,-280.1],[112.3,-285.4],[113.6,-285.4],[113.7,-295.0],[120.4,-295.0],[120.4,-293.5],[121.1,-293.5],[120.9,-280.0]]]}},{"type":"Feature","properties":{"kind":"building","name":null,"on_campus":false,"highway":null,"sport":null,"levels":null,"id":235379474},"geometry":{"type":"Polygon","coordinates":[[[128.8,-241.6],[124.6,-241.7],[124.6,-242.7],[118.7,-242.8],[118.9,-252.2],[129.0,-252.0],[128.8,-241.6]]]}},{"type":"Feature","properties":{"kind":"building","name":null,"on_campus":false,"highway":null,"sport":null,"levels":null,"id":235379475},"geometry":{"type":"Polygon","coordinates":[[[133.6,-280.1],[130.7,-280.2],[130.6,-279.2],[127.5,-279.4],[127.5,-280.6],[125.3,-280.7],[125.5,-285.4],[123.7,-285.5],[123.9,-291.7],[134.0,-291.3],[133.6,-280.1]]]}},{"type":"Feature","properties":{"kind":"building","name":null,"on_campus":false,"highway":null,"sport":null,"levels":null,"id":235379476},"geometry":{"type":"Polygon","coordinates":[[[142.2,-241.5],[138.3,-241.5],[138.3,-238.3],[138.0,-238.3],[138.0,-237.1],[134.3,-237.2],[134.4,-241.6],[132.2,-241.6],[132.3,-249.6],[135.8,-249.6],[135.8,-250.8],[136.6,-250.7],[136.6,-251.8],[142.3,-251.7],[142.2,-241.5]]]}},{"type":"Feature","properties":{"kind":"building","name":null,"on_campus":false,"highway":null,"sport":null,"levels":null,"id":235379477},"geometry":{"type":"Polygon","coordinates":[[[141.4,-280.3],[141.4,-286.4],[136.4,-286.4],[136.4,-290.7],[144.9,-290.7],[144.9,-289.7],[153.2,-289.6],[153.1,-280.9],[150.5,-280.9],[150.5,-280.2],[141.4,-280.3]]]}},{"type":"Feature","properties":{"kind":"building","name":null,"on_campus":false,"highway":null,"sport":null,"levels":null,"id":235379485},"geometry":{"type":"Polygon","coordinates":[[[150.7,-129.3],[150.5,-142.5],[158.2,-142.6],[158.3,-133.1],[158.8,-133.1],[158.9,-130.7],[158.2,-130.7],[158.2,-129.5],[150.7,-129.3]]]}},{"type":"Feature","properties":{"kind":"building","name":null,"on_campus":false,"highway":null,"sport":null,"levels":null,"id":235379486},"geometry":{"type":"Polygon","coordinates":[[[-124.7,-181.0],[-124.2,-167.9],[-134.2,-167.5],[-134.3,-171.3],[-133.2,-171.3],[-133.5,-179.5],[-132.1,-179.6],[-132.1,-180.7],[-124.7,-181.0]]]}},{"type":"Feature","properties":{"kind":"building","name":null,"on_campus":false,"highway":null,"sport":null,"levels":null,"id":235379487},"geometry":{"type":"Polygon","coordinates":[[[-87.9,-208.7],[-98.5,-208.7],[-98.5,-211.9],[-99.8,-211.9],[-99.9,-216.3],[-98.2,-216.3],[-98.2,-219.5],[-88.0,-219.5],[-87.9,-208.7]]]}},{"type":"Feature","properties":{"kind":"building","name":null,"on_campus":false,"highway":null,"sport":null,"levels":null,"id":235379488},"geometry":{"type":"Polygon","coordinates":[[[-122.9,-216.4],[-122.9,-213.0],[-121.8,-213.0],[-121.8,-209.2],[-122.8,-209.2],[-122.8,-206.0],[-127.7,-206.0],[-127.7,-206.4],[-130.4,-206.3],[-130.4,-205.9],[-134.3,-205.9],[-134.4,-216.3],[-122.9,-216.4]]]}},{"type":"Feature","properties":{"kind":"building","name":null,"on_campus":false,"highway":null,"sport":null,"levels":null,"id":235379489},"geometry":{"type":"Polygon","coordinates":[[[153.9,-213.0],[153.9,-209.7],[155.0,-209.7],[155.1,-205.2],[154.1,-205.2],[154.1,-202.2],[146.2,-202.1],[146.2,-201.2],[141.6,-201.1],[141.5,-207.6],[141.0,-207.6],[141.0,-205.1],[138.8,-205.1],[138.7,-212.4],[141.6,-212.5],[141.6,-212.9],[153.9,-213.0]]]}},{"type":"Feature","properties":{"kind":"building","name":null,"on_campus":false,"highway":null,"sport":null,"levels":null,"id":235379490},"geometry":{"type":"Polygon","coordinates":[[[-122.8,-225.3],[-124.9,-225.2],[-124.8,-223.8],[-131.3,-223.5],[-131.4,-224.1],[-134.7,-224.0],[-134.9,-227.9],[-134.1,-227.9],[-134.3,-233.1],[-126.9,-233.4],[-126.9,-232.8],[-123.1,-233.0],[-122.8,-225.3]]]}},{"type":"Feature","properties":{"kind":"building","name":null,"on_campus":false,"highway":null,"sport":null,"levels":null,"id":235379491},"geometry":{"type":"Polygon","coordinates":[[[141.7,-225.1],[146.8,-225.2],[146.8,-225.7],[149.9,-225.7],[149.9,-225.3],[153.7,-225.3],[153.8,-217.5],[152.5,-217.5],[152.5,-216.2],[150.1,-216.2],[150.1,-215.7],[145.1,-215.7],[145.1,-216.3],[141.7,-216.3],[141.7,-225.1]]]}},{"type":"Feature","properties":{"kind":"building","name":null,"on_campus":false,"highway":null,"sport":null,"levels":null,"id":235379492},"geometry":{"type":"Polygon","coordinates":[[[-98.4,-223.9],[-98.4,-227.2],[-100.2,-227.1],[-100.3,-230.4],[-98.4,-230.4],[-98.5,-232.9],[-85.4,-233.1],[-85.3,-226.7],[-84.5,-226.7],[-84.5,-224.1],[-98.4,-223.9]]]}},{"type":"Feature","properties":{"kind":"building","name":null,"on_campus":false,"highway":null,"sport":null,"levels":null,"id":235379495},"geometry":{"type":"Polygon","coordinates":[[[-134.6,-235.7],[-134.9,-244.7],[-132.2,-244.8],[-132.3,-247.8],[-126.4,-248.0],[-126.4,-245.4],[-123.3,-245.5],[-123.0,-236.1],[-134.6,-235.7]]]}},{"type":"Feature","properties":{"kind":"building","name":null,"on_campus":false,"highway":null,"sport":null,"levels":null,"id":235379496},"geometry":{"type":"Polygon","coordinates":[[[-135.8,-249.7],[-135.8,-259.3],[-132.2,-259.3],[-132.2,-258.4],[-123.3,-258.4],[-123.3,-255.6],[-122.6,-255.6],[-122.6,-253.0],[-123.3,-253.0],[-123.3,-249.7],[-135.8,-249.7]]]}},{"type":"Feature","properties":{"kind":"building","name":null,"on_campus":false,"highway":null,"sport":null,"levels":null,"id":235379497},"geometry":{"type":"Polygon","coordinates":[[[147.9,-241.6],[147.9,-250.4],[155.1,-250.4],[155.1,-241.6],[147.9,-241.6]]]}},{"type":"Feature","properties":{"kind":"building","name":null,"on_campus":false,"highway":null,"sport":null,"levels":null,"id":235379499},"geometry":{"type":"Polygon","coordinates":[[[9.8,-289.0],[9.6,-281.0],[-1.1,-281.2],[-1.0,-282.9],[-1.9,-282.9],[-1.8,-285.9],[-1.2,-285.9],[-1.1,-289.3],[9.8,-289.0]]]}},{"type":"Feature","properties":{"kind":"building","name":null,"on_campus":false,"highway":null,"sport":null,"levels":null,"id":235379500},"geometry":{"type":"Polygon","coordinates":[[[-25.5,-289.0],[-25.4,-284.7],[-27.2,-284.7],[-27.1,-280.0],[-40.8,-279.8],[-41.0,-288.8],[-25.5,-289.0]]]}},{"type":"Feature","properties":{"kind":"building","name":null,"on_campus":false,"highway":null,"sport":null,"levels":null,"id":235379501},"geometry":{"type":"Polygon","coordinates":[[[15.4,-300.1],[15.4,-297.3],[19.0,-297.3],[19.0,-289.8],[11.0,-289.9],[11.0,-293.5],[9.1,-293.5],[9.1,-293.1],[-1.0,-293.1],[-0.9,-300.2],[15.4,-300.1]]]}},{"type":"Feature","properties":{"kind":"building","name":null,"on_campus":false,"highway":null,"sport":null,"levels":null,"id":235379502},"geometry":{"type":"Polygon","coordinates":[[[88.4,-293.3],[88.5,-296.8],[88.0,-296.8],[88.0,-298.6],[88.6,-298.6],[88.6,-302.3],[96.7,-302.2],[96.6,-298.9],[99.3,-298.9],[99.2,-294.2],[96.5,-294.3],[96.4,-293.1],[88.4,-293.3]]]}},{"type":"Feature","properties":{"kind":"building","name":null,"on_campus":false,"highway":null,"sport":null,"levels":null,"id":235379504},"geometry":{"type":"Polygon","coordinates":[[[-27.5,-301.1],[-27.5,-298.9],[-26.0,-299.0],[-25.9,-295.1],[-27.6,-295.1],[-27.6,-292.9],[-29.8,-292.9],[-29.7,-292.4],[-40.2,-292.3],[-40.3,-293.1],[-41.6,-293.1],[-41.6,-296.8],[-40.2,-296.8],[-40.3,-300.9],[-27.5,-301.1]]]}},{"type":"Feature","properties":{"kind":"building","name":null,"on_campus":false,"highway":null,"sport":null,"levels":null,"id":235379505},"geometry":{"type":"Polygon","coordinates":[[[-77.0,-305.2],[-77.1,-300.7],[-80.4,-300.7],[-80.4,-297.3],[-91.4,-297.4],[-91.3,-305.4],[-77.0,-305.2]]]}},{"type":"Feature","properties":{"kind":"building","name":null,"on_campus":false,"highway":null,"sport":null,"levels":null,"id":235379506},"geometry":{"type":"Polygon","coordinates":[[[136.5,-298.7],[149.8,-298.7],[149.8,-293.9],[147.9,-293.9],[147.9,-292.2],[136.5,-292.1],[136.5,-298.7]]]}},{"type":"Feature","properties":{"kind":"building","name":null,"on_campus":false,"highway":null,"sport":null,"levels":null,"id":235379507},"geometry":{"type":"Polygon","coordinates":[[[-79.0,-314.8],[-79.0,-314.3],[-74.4,-314.3],[-74.5,-306.5],[-83.4,-306.5],[-83.4,-305.6],[-86.4,-305.6],[-86.4,-306.9],[-92.4,-306.9],[-92.4,-311.9],[-91.6,-311.9],[-91.6,-314.8],[-79.0,-314.8]]]}},{"type":"Feature","properties":{"kind":"building","name":null,"on_campus":false,"highway":null,"sport":null,"levels":null,"id":235379508},"geometry":{"type":"Polygon","coordinates":[[[113.9,-307.6],[105.4,-307.3],[105.3,-309.7],[96.2,-309.3],[95.9,-316.3],[93.5,-316.2],[93.5,-317.5],[101.9,-317.8],[101.9,-318.9],[106.3,-319.1],[106.4,-317.9],[113.5,-318.2],[113.9,-307.6]]]}},{"type":"Feature","properties":{"kind":"building","name":null,"on_campus":false,"highway":null,"sport":null,"levels":null,"id":235379509},"geometry":{"type":"Polygon","coordinates":[[[2.8,-303.8],[2.8,-304.3],[0.8,-304.3],[0.8,-305.1],[-0.6,-305.1],[-0.6,-306.0],[-1.5,-306.0],[-1.5,-308.6],[0.5,-308.6],[0.5,-312.8],[8.9,-312.8],[8.9,-311.9],[13.2,-311.9],[13.2,-303.8],[2.8,-303.8]]]}},{"type":"Feature","properties":{"kind":"building","name":null,"on_campus":false,"highway":null,"sport":null,"levels":null,"id":235379510},"geometry":{"type":"Polygon","coordinates":[[[-215.5,-317.2],[-215.6,-310.9],[-231.2,-311.0],[-231.2,-317.3],[-215.5,-317.2]]]}},{"type":"Feature","properties":{"kind":"building","name":null,"on_campus":false,"highway":null,"sport":null,"levels":null,"id":235379511},"geometry":{"type":"Polygon","coordinates":[[[50.5,-301.7],[50.5,-303.0],[50.0,-303.0],[49.9,-305.5],[50.7,-305.5],[50.5,-311.9],[61.9,-312.1],[62.0,-309.4],[63.3,-309.4],[63.3,-305.5],[62.0,-305.5],[62.1,-302.0],[50.5,-301.7]]]}},{"type":"Feature","properties":{"kind":"building","name":null,"on_campus":false,"highway":null,"sport":null,"levels":null,"id":235379512},"geometry":{"type":"Polygon","coordinates":[[[143.1,-307.8],[143.1,-308.6],[146.3,-308.7],[146.3,-307.6],[147.4,-307.6],[147.4,-301.8],[144.2,-301.7],[144.2,-300.6],[140.4,-300.6],[140.4,-301.8],[139.2,-301.8],[139.2,-301.2],[134.2,-301.2],[134.1,-306.0],[134.9,-306.0],[134.8,-307.7],[143.1,-307.8]]]}},{"type":"Feature","properties":{"kind":"building","name":null,"on_campus":false,"highway":null,"sport":null,"levels":null,"id":235379513},"geometry":{"type":"Polygon","coordinates":[[[-26.2,-313.1],[-26.2,-309.4],[-27.2,-309.4],[-27.2,-304.6],[-36.0,-304.6],[-36.0,-302.5],[-47.5,-302.4],[-47.6,-307.9],[-41.5,-307.9],[-41.5,-312.7],[-40.3,-312.7],[-40.4,-313.1],[-26.2,-313.1]]]}},{"type":"Feature","properties":{"kind":"building","name":null,"on_campus":false,"highway":null,"sport":null,"levels":null,"id":235379516},"geometry":{"type":"Polygon","coordinates":[[[150.4,-320.5],[150.4,-320.0],[152.0,-320.0],[151.9,-312.3],[150.0,-312.3],[150.0,-311.9],[139.7,-312.0],[139.7,-313.1],[138.4,-313.1],[138.5,-319.5],[139.9,-319.5],[139.9,-320.6],[150.4,-320.5]]]}},{"type":"Feature","properties":{"kind":"building","name":null,"on_campus":false,"highway":null,"sport":null,"levels":null,"id":235379517},"geometry":{"type":"Polygon","coordinates":[[[-28.6,-322.7],[-28.6,-314.4],[-29.5,-314.4],[-29.5,-316.2],[-31.8,-316.2],[-31.8,-315.4],[-43.1,-315.4],[-43.1,-316.2],[-47.8,-316.2],[-47.8,-323.4],[-42.3,-323.4],[-42.3,-322.7],[-28.6,-322.7]]]}},{"type":"Feature","properties":{"kind":"building","name":null,"on_campus":false,"highway":null,"sport":null,"levels":null,"id":235379518},"geometry":{"type":"Polygon","coordinates":[[[-1.4,-318.2],[-1.4,-322.8],[0.4,-322.8],[0.4,-326.7],[12.4,-326.8],[12.5,-318.4],[-1.4,-318.2]]]}},{"type":"Feature","properties":{"kind":"building","name":null,"on_campus":false,"highway":null,"sport":null,"levels":null,"id":235379519},"geometry":{"type":"Polygon","coordinates":[[[47.8,-315.6],[47.7,-320.5],[48.9,-320.6],[48.8,-325.2],[62.1,-325.6],[62.4,-316.0],[47.8,-315.6]]]}},{"type":"Feature","properties":{"kind":"building","name":null,"on_campus":false,"highway":null,"sport":null,"levels":null,"id":235379520},"geometry":{"type":"Polygon","coordinates":[[[-50.2,-324.3],[-50.2,-329.4],[-46.1,-329.4],[-46.1,-332.1],[-32.2,-332.1],[-32.2,-330.2],[-30.6,-330.2],[-30.6,-328.1],[-33.9,-328.1],[-33.9,-324.3],[-50.2,-324.3]]]}},{"type":"Feature","properties":{"kind":"building","name":null,"on_campus":false,"highway":null,"sport":null,"levels":null,"id":235379521},"geometry":{"type":"Polygon","coordinates":[[[91.0,-323.6],[91.0,-328.1],[91.9,-328.1],[91.9,-332.4],[105.4,-332.6],[105.5,-323.8],[91.0,-323.6]]]}},{"type":"Feature","properties":{"kind":"building","name":null,"on_campus":false,"highway":null,"sport":null,"levels":null,"id":235379522},"geometry":{"type":"Polygon","coordinates":[[[150.1,-329.2],[150.7,-328.5],[150.7,-326.5],[150.0,-325.8],[150.0,-324.3],[151.0,-324.3],[151.0,-321.4],[140.4,-321.5],[140.5,-324.5],[139.5,-324.6],[139.5,-329.4],[150.1,-329.2]]]}},{"type":"Feature","properties":{"kind":"building","name":null,"on_campus":false,"highway":null,"sport":null,"levels":null,"id":235379526},"geometry":{"type":"Polygon","coordinates":[[[61.6,-339.5],[61.7,-334.5],[62.9,-334.6],[63.0,-330.8],[47.4,-330.4],[47.4,-332.2],[46.7,-332.1],[46.7,-333.4],[45.3,-333.3],[45.2,-339.0],[61.6,-339.5]]]}},{"type":"Feature","properties":{"kind":"building","name":null,"on_campus":false,"highway":null,"sport":null,"levels":null,"id":235379529},"geometry":{"type":"Polygon","coordinates":[[[140.9,-341.8],[138.0,-341.9],[138.2,-348.1],[147.4,-347.8],[147.3,-343.8],[151.6,-343.7],[151.3,-335.7],[150.7,-335.8],[150.5,-330.5],[140.5,-330.8],[140.9,-341.8]]]}},{"type":"Feature","properties":{"kind":"building","name":null,"on_campus":false,"highway":null,"sport":null,"levels":null,"id":235379639},"geometry":{"type":"Polygon","coordinates":[[[-282.4,-248.0],[-283.3,-248.0],[-283.3,-244.8],[-289.9,-244.9],[-289.9,-248.2],[-290.5,-248.3],[-290.4,-258.3],[-287.2,-258.3],[-287.2,-259.9],[-282.3,-259.9],[-282.4,-248.0]]]}},{"type":"Feature","properties":{"kind":"building","name":null,"on_campus":false,"highway":null,"sport":null,"levels":null,"id":235379644},"geometry":{"type":"Polygon","coordinates":[[[-276.9,-328.7],[-281.9,-328.8],[-281.9,-330.4],[-285.2,-330.5],[-285.0,-339.5],[-276.6,-339.3],[-276.9,-328.7]]]}},{"type":"Feature","properties":{"kind":"building","name":null,"on_campus":false,"highway":null,"sport":null,"levels":null,"id":235379650},"geometry":{"type":"Polygon","coordinates":[[[-184.0,-242.7],[-189.3,-242.7],[-189.4,-244.6],[-191.6,-244.6],[-191.7,-256.0],[-191.1,-256.0],[-191.1,-257.7],[-184.6,-257.7],[-184.5,-256.1],[-184.0,-256.1],[-184.0,-242.7]]]}},{"type":"Feature","properties":{"kind":"building","name":null,"on_campus":false,"highway":null,"sport":null,"levels":null,"id":235379658},"geometry":{"type":"Polygon","coordinates":[[[-183.8,-324.9],[-183.9,-332.9],[-179.1,-333.0],[-179.2,-334.6],[-176.2,-334.7],[-176.2,-336.4],[-171.9,-336.4],[-171.8,-331.4],[-172.3,-331.4],[-172.2,-325.1],[-183.8,-324.9]]]}},{"type":"Feature","properties":{"kind":"building","name":null,"on_campus":false,"highway":null,"sport":null,"levels":null,"id":235379665},"geometry":{"type":"Polygon","coordinates":[[[-199.0,-201.6],[-230.4,-201.1],[-230.5,-203.5],[-231.3,-203.5],[-231.4,-233.4],[-230.7,-233.4],[-231.0,-257.2],[-230.7,-259.5],[-230.1,-261.0],[-228.9,-262.7],[-227.0,-263.8],[-225.2,-264.3],[-207.8,-264.3],[-207.4,-239.5],[-199.2,-239.5],[-199.0,-201.6]]]}},{"type":"Feature","properties":{"kind":"building","name":null,"on_campus":false,"highway":null,"sport":null,"levels":null,"id":235379676},"geometry":{"type":"Polygon","coordinates":[[[81.7,-227.2],[81.7,-221.6],[75.5,-221.6],[75.5,-227.2],[81.7,-227.2]]]}},{"type":"Feature","properties":{"kind":"building","name":null,"on_campus":false,"highway":null,"sport":null,"levels":null,"id":235379677},"geometry":{"type":"Polygon","coordinates":[[[41.3,-235.1],[41.1,-228.6],[34.5,-228.8],[34.7,-235.2],[41.3,-235.1]]]}},{"type":"Feature","properties":{"kind":"building","name":"Handel Apartments","on_campus":false,"highway":null,"sport":null,"levels":null,"id":235379678},"geometry":{"type":"Polygon","coordinates":[[[-248.9,-219.5],[-249.2,-204.4],[-283.2,-205.1],[-282.9,-220.2],[-248.9,-219.5]]]}},{"type":"Feature","properties":{"kind":"building","name":null,"on_campus":false,"highway":null,"sport":null,"levels":null,"id":235379680},"geometry":{"type":"Polygon","coordinates":[[[-122.0,-313.3],[-115.7,-313.3],[-115.7,-309.8],[-122.0,-309.7],[-122.0,-313.3]]]}},{"type":"Feature","properties":{"kind":"building","name":null,"on_campus":false,"highway":null,"sport":null,"levels":null,"id":235379683},"geometry":{"type":"Polygon","coordinates":[[[15.6,-331.8],[22.0,-331.9],[22.0,-327.7],[15.7,-327.6],[15.6,-331.8]]]}},{"type":"Feature","properties":{"kind":"building","name":null,"on_campus":false,"highway":null,"sport":null,"levels":null,"id":235379689},"geometry":{"type":"Polygon","coordinates":[[[-43.1,-283.6],[-46.3,-283.5],[-46.5,-289.4],[-43.2,-289.4],[-43.1,-283.6]]]}},{"type":"Feature","properties":{"kind":"building","name":null,"on_campus":false,"highway":null,"sport":null,"levels":null,"id":235379693},"geometry":{"type":"Polygon","coordinates":[[[-14.4,-235.5],[-7.9,-235.5],[-7.9,-229.4],[-14.3,-229.4],[-14.4,-235.5]]]}},{"type":"Feature","properties":{"kind":"building","name":null,"on_campus":false,"highway":null,"sport":null,"levels":null,"id":235379696},"geometry":{"type":"Polygon","coordinates":[[[-71.0,-234.8],[-74.5,-234.8],[-74.4,-240.2],[-70.9,-240.2],[-71.0,-234.8]]]}},{"type":"Feature","properties":{"kind":"building","name":null,"on_campus":false,"highway":null,"sport":null,"levels":null,"id":235379697},"geometry":{"type":"Polygon","coordinates":[[[-210.0,-283.8],[-226.1,-283.7],[-226.3,-309.6],[-210.2,-309.7],[-210.0,-283.8]]]}},{"type":"Feature","properties":{"kind":"building","name":null,"on_campus":false,"highway":null,"sport":null,"levels":null,"id":235379699},"geometry":{"type":"Polygon","coordinates":[[[-69.8,-160.3],[-64.8,-160.4],[-64.7,-153.6],[-69.8,-153.6],[-69.8,-160.3]]]}},{"type":"Feature","properties":{"kind":"building","name":null,"on_campus":false,"highway":null,"sport":null,"levels":null,"id":235379701},"geometry":{"type":"Polygon","coordinates":[[[-74.3,-147.3],[-80.5,-147.1],[-80.6,-153.0],[-74.4,-153.2],[-74.3,-147.3]]]}},{"type":"Feature","properties":{"kind":"building","name":null,"on_campus":false,"highway":null,"sport":null,"levels":null,"id":235379703},"geometry":{"type":"Polygon","coordinates":[[[30.2,-306.4],[30.3,-313.3],[39.1,-313.2],[39.1,-306.3],[30.2,-306.4]]]}},{"type":"Feature","properties":{"kind":"building","name":null,"on_campus":false,"highway":null,"sport":null,"levels":null,"id":235379704},"geometry":{"type":"Polygon","coordinates":[[[-99.2,-153.0],[-99.3,-156.9],[-91.4,-157.1],[-91.3,-153.3],[-99.2,-153.0]]]}},{"type":"Feature","properties":{"kind":"building","name":null,"on_campus":false,"highway":null,"sport":null,"levels":null,"id":235379708},"geometry":{"type":"Polygon","coordinates":[[[-179.9,-152.8],[-180.2,-144.8],[-184.0,-145.0],[-183.7,-152.9],[-179.9,-152.8]]]}},{"type":"Feature","properties":{"kind":"building","name":null,"on_campus":false,"highway":null,"sport":null,"levels":null,"id":235379712},"geometry":{"type":"Polygon","coordinates":[[[-42.4,-161.4],[-38.8,-161.4],[-38.6,-154.2],[-42.3,-154.1],[-42.4,-161.4]]]}},{"type":"Feature","properties":{"kind":"building","name":null,"on_campus":false,"highway":null,"sport":null,"levels":null,"id":235379713},"geometry":{"type":"Polygon","coordinates":[[[122.8,-325.7],[127.9,-325.6],[127.8,-322.3],[122.7,-322.4],[122.8,-325.7]]]}},{"type":"Feature","properties":{"kind":"building","name":null,"on_campus":false,"highway":null,"sport":null,"levels":null,"id":235379717},"geometry":{"type":"Polygon","coordinates":[[[148.7,-237.0],[154.8,-237.2],[154.9,-233.3],[148.8,-233.1],[148.7,-237.0]]]}},{"type":"Feature","properties":{"kind":"building","name":null,"on_campus":false,"highway":null,"sport":null,"levels":null,"id":235379720},"geometry":{"type":"Polygon","coordinates":[[[-26.7,-230.2],[-26.9,-236.0],[-22.5,-236.2],[-22.3,-230.4],[-26.7,-230.2]]]}},{"type":"Feature","properties":{"kind":"building","name":null,"on_campus":false,"highway":null,"sport":null,"levels":null,"id":235379721},"geometry":{"type":"Polygon","coordinates":[[[37.3,-332.4],[43.7,-332.5],[43.8,-327.7],[37.4,-327.6],[37.3,-332.4]]]}},{"type":"Feature","properties":{"kind":"building","name":null,"on_campus":false,"highway":null,"sport":null,"levels":null,"id":235379725},"geometry":{"type":"Polygon","coordinates":[[[115.1,-316.5],[115.1,-321.2],[121.7,-321.3],[121.7,-316.6],[115.1,-316.5]]]}},{"type":"Feature","properties":{"kind":"building","name":null,"on_campus":false,"highway":null,"sport":null,"levels":null,"id":235379734},"geometry":{"type":"Polygon","coordinates":[[[-35.1,-156.6],[-30.9,-156.6],[-30.7,-150.3],[-35.2,-150.3],[-35.1,-156.6]]]}},{"type":"Feature","properties":{"kind":"building","name":null,"on_campus":false,"highway":null,"sport":null,"levels":null,"id":235379735},"geometry":{"type":"Polygon","coordinates":[[[-169.4,-153.0],[-174.9,-153.0],[-175.0,-156.6],[-169.4,-156.6],[-169.4,-153.0]]]}},{"type":"Feature","properties":{"kind":"building","name":null,"on_campus":false,"highway":null,"sport":null,"levels":null,"id":235379738},"geometry":{"type":"Polygon","coordinates":[[[-180.7,-158.7],[-180.8,-153.0],[-186.5,-153.1],[-186.4,-158.8],[-180.7,-158.7]]]}},{"type":"Feature","properties":{"kind":"building","name":null,"on_campus":false,"highway":null,"sport":null,"levels":null,"id":235379740},"geometry":{"type":"Polygon","coordinates":[[[9.9,-235.6],[18.7,-235.7],[18.7,-229.4],[10.0,-229.3],[9.9,-235.6]]]}},{"type":"Feature","properties":{"kind":"building","name":null,"on_campus":false,"highway":null,"sport":null,"levels":null,"id":235379741},"geometry":{"type":"Polygon","coordinates":[[[-93.3,-295.1],[-93.3,-290.0],[-97.2,-290.0],[-97.3,-295.1],[-93.3,-295.1]]]}},{"type":"Feature","properties":{"kind":"building","name":null,"on_campus":false,"highway":null,"sport":null,"levels":null,"id":235379742},"geometry":{"type":"Polygon","coordinates":[[[59.1,-299.1],[59.2,-296.0],[54.5,-295.9],[54.5,-299.1],[59.1,-299.1]]]}},{"type":"Feature","properties":{"kind":"building","name":null,"on_campus":false,"highway":null,"sport":null,"levels":"3","id":235379746},"geometry":{"type":"Polygon","coordinates":[[[-275.0,-235.0],[-281.1,-235.2],[-280.7,-245.8],[-274.7,-245.6],[-275.0,-235.0]]]}},{"type":"Feature","properties":{"kind":"building","name":null,"on_campus":false,"highway":null,"sport":null,"levels":null,"id":235379749},"geometry":{"type":"Polygon","coordinates":[[[-75.6,-290.9],[-80.5,-291.0],[-80.5,-295.8],[-75.5,-295.7],[-75.6,-290.9]]]}},{"type":"Feature","properties":{"kind":"building","name":null,"on_campus":false,"highway":null,"sport":null,"levels":null,"id":235379750},"geometry":{"type":"Polygon","coordinates":[[[-127.4,-153.3],[-127.4,-159.3],[-121.1,-159.3],[-121.1,-153.3],[-127.4,-153.3]]]}},{"type":"Feature","properties":{"kind":"building","name":null,"on_campus":false,"highway":null,"sport":null,"levels":null,"id":235379751},"geometry":{"type":"Polygon","coordinates":[[[-57.4,-235.1],[-60.7,-235.1],[-60.7,-240.0],[-57.4,-240.0],[-57.4,-235.1]]]}},{"type":"Feature","properties":{"kind":"building","name":null,"on_campus":false,"highway":null,"sport":null,"levels":null,"id":235379757},"geometry":{"type":"Polygon","coordinates":[[[21.9,-148.0],[22.0,-142.0],[18.4,-141.9],[18.2,-147.9],[21.9,-148.0]]]}},{"type":"Feature","properties":{"kind":"building","name":null,"on_campus":false,"highway":null,"sport":null,"levels":null,"id":235379764},"geometry":{"type":"Polygon","coordinates":[[[24.4,-156.6],[24.6,-150.2],[20.4,-150.1],[20.2,-156.5],[24.4,-156.6]]]}},{"type":"Feature","properties":{"kind":"building","name":null,"on_campus":false,"highway":null,"sport":null,"levels":null,"id":235379766},"geometry":{"type":"Polygon","coordinates":[[[-96.6,-152.7],[-83.4,-153.3],[-83.2,-150.1],[-87.5,-149.9],[-87.3,-145.2],[-96.2,-144.7],[-96.6,-152.7]]]}},{"type":"Feature","properties":{"kind":"building","name":null,"on_campus":false,"highway":null,"sport":null,"levels":null,"id":235379769},"geometry":{"type":"Polygon","coordinates":[[[31.0,-323.5],[35.7,-323.3],[35.5,-319.0],[37.6,-318.9],[37.4,-314.8],[30.6,-315.1],[31.0,-323.5]]]}},{"type":"Feature","properties":{"kind":"building","name":null,"on_campus":false,"highway":null,"sport":null,"levels":null,"id":235379778},"geometry":{"type":"Polygon","coordinates":[[[-13.8,-149.1],[-7.1,-149.0],[-7.2,-143.3],[-11.1,-143.3],[-11.1,-145.7],[-13.8,-145.7],[-13.8,-149.1]]]}},{"type":"Feature","properties":{"kind":"building","name":null,"on_campus":false,"highway":null,"sport":null,"levels":null,"id":235379780},"geometry":{"type":"Polygon","coordinates":[[[-279.8,-285.0],[-290.9,-284.8],[-291.1,-299.4],[-297.5,-299.3],[-297.6,-307.9],[-280.3,-308.3],[-279.8,-285.0]]]}},{"type":"Feature","properties":{"kind":"building","name":null,"on_campus":false,"highway":null,"sport":null,"levels":null,"id":235379781},"geometry":{"type":"Polygon","coordinates":[[[34.0,-157.5],[38.6,-157.6],[38.7,-151.9],[37.1,-151.9],[37.2,-150.0],[34.2,-150.0],[34.0,-157.5]]]}},{"type":"Feature","properties":{"kind":"building","name":null,"on_campus":false,"highway":null,"sport":null,"levels":null,"id":235379789},"geometry":{"type":"Polygon","coordinates":[[[-91.2,-160.7],[-87.1,-160.7],[-87.0,-159.4],[-85.8,-159.4],[-85.8,-153.5],[-91.1,-153.5],[-91.2,-160.7]]]}},{"type":"Feature","properties":{"kind":"building","name":null,"on_campus":false,"highway":null,"sport":null,"levels":null,"id":235382327},"geometry":{"type":"Polygon","coordinates":[[[-183.0,375.9],[-182.6,392.7],[-188.1,392.8],[-188.2,391.5],[-191.8,391.6],[-192.1,376.1],[-183.0,375.9]]]}},{"type":"Feature","properties":{"kind":"building","name":null,"on_campus":false,"highway":null,"sport":null,"levels":null,"id":235382340},"geometry":{"type":"Polygon","coordinates":[[[-180.5,384.7],[-180.6,376.1],[-172.3,376.0],[-172.2,380.9],[-171.5,380.9],[-171.4,386.8],[-172.1,386.8],[-172.0,391.4],[-177.7,391.5],[-177.7,392.7],[-181.5,392.7],[-181.6,386.9],[-181.1,386.9],[-181.1,384.8],[-180.5,384.7]]]}},{"type":"Feature","properties":{"kind":"building","name":null,"on_campus":false,"highway":null,"sport":null,"levels":null,"id":235382347},"geometry":{"type":"Polygon","coordinates":[[[-161.0,374.7],[-160.1,396.9],[-167.1,397.2],[-167.3,392.0],[-169.7,392.1],[-170.3,375.1],[-161.0,374.7]]]}},{"type":"Feature","properties":{"kind":"building","name":null,"on_campus":false,"highway":null,"sport":null,"levels":null,"id":235382357},"geometry":{"type":"Polygon","coordinates":[[[-158.8,391.9],[-158.9,376.8],[-150.5,376.8],[-150.5,381.7],[-149.9,381.7],[-149.9,387.6],[-150.4,387.6],[-150.4,391.5],[-155.6,391.5],[-155.6,391.9],[-158.8,391.9]]]}},{"type":"Feature","properties":{"kind":"building","name":null,"on_campus":false,"highway":null,"sport":null,"levels":null,"id":235382370},"geometry":{"type":"Polygon","coordinates":[[[-133.7,385.5],[-122.9,385.3],[-122.8,386.1],[-120.8,386.2],[-120.8,393.3],[-123.1,393.3],[-123.1,394.1],[-126.5,394.3],[-126.7,395.5],[-127.1,395.4],[-130.3,395.6],[-130.5,394.1],[-133.8,394.2],[-133.8,390.3],[-135.4,390.4],[-135.7,387.2],[-133.7,387.0],[-133.7,385.5]]]}},{"type":"Feature","properties":{"kind":"building","name":null,"on_campus":false,"highway":null,"sport":null,"levels":null,"id":235382386},"geometry":{"type":"Polygon","coordinates":[[[-62.3,389.2],[-62.7,369.0],[-53.9,368.8],[-53.7,376.3],[-55.8,376.3],[-55.7,378.6],[-54.1,378.6],[-54.0,384.1],[-54.5,384.1],[-54.4,389.5],[-53.0,389.5],[-53.0,392.3],[-63.9,392.5],[-63.9,389.2],[-62.3,389.2]]]}},{"type":"Feature","properties":{"kind":"building","name":null,"on_campus":false,"highway":null,"sport":null,"levels":null,"id":235382388},"geometry":{"type":"Polygon","coordinates":[[[-52.4,284.4],[-52.4,298.0],[-59.1,298.0],[-59.1,295.6],[-63.1,295.6],[-63.1,289.2],[-64.9,289.2],[-64.9,285.6],[-63.6,285.6],[-63.6,281.3],[-57.4,281.3],[-57.4,283.2],[-56.6,283.2],[-56.6,284.5],[-52.4,284.4]]]}},{"type":"Feature","properties":{"kind":"building","name":null,"on_campus":false,"highway":null,"sport":null,"levels":null,"id":235382390},"geometry":{"type":"Polygon","coordinates":[[[-52.7,116.6],[-61.0,116.7],[-61.1,107.9],[-60.1,107.8],[-60.3,99.3],[-53.0,99.2],[-52.7,116.6]]]}},{"type":"Feature","properties":{"kind":"building","name":null,"on_campus":false,"highway":null,"sport":null,"levels":null,"id":235382393},"geometry":{"type":"Polygon","coordinates":[[[-63.2,345.0],[-63.1,330.0],[-58.1,330.0],[-58.1,329.0],[-55.1,329.0],[-55.1,329.9],[-53.9,329.9],[-54.0,345.0],[-63.2,345.0]]]}},{"type":"Feature","properties":{"kind":"building","name":null,"on_campus":false,"highway":null,"sport":null,"levels":null,"id":235382399},"geometry":{"type":"Polygon","coordinates":[[[-54.0,237.2],[-53.9,252.8],[-63.0,252.8],[-63.0,239.1],[-59.7,239.1],[-59.7,237.2],[-54.0,237.2]]]}},{"type":"Feature","properties":{"kind":"building","name":null,"on_campus":false,"highway":null,"sport":null,"levels":null,"id":235382417},"geometry":{"type":"Polygon","coordinates":[[[17.8,380.4],[5.6,385.3],[2.5,377.8],[7.1,376.0],[6.7,375.1],[10.0,373.8],[8.8,370.9],[13.2,369.1],[17.8,380.4]]]}},{"type":"Feature","properties":{"kind":"building","name":null,"on_campus":false,"highway":null,"sport":null,"levels":null,"id":235382419},"geometry":{"type":"Polygon","coordinates":[[[9.5,273.2],[15.5,288.4],[12.3,289.7],[13.0,291.6],[5.9,294.4],[3.8,289.3],[4.9,288.9],[0.1,276.9],[9.5,273.2]]]}},{"type":"Feature","properties":{"kind":"building","name":null,"on_campus":false,"highway":null,"sport":null,"levels":null,"id":235382421},"geometry":{"type":"Polygon","coordinates":[[[12.2,325.0],[20.8,321.7],[22.3,325.7],[23.1,325.4],[24.4,328.6],[23.4,329.0],[25.0,333.2],[16.5,336.4],[15.2,333.0],[14.6,333.2],[12.8,328.4],[13.4,328.2],[12.2,325.0]]]}},{"type":"Feature","properties":{"kind":"building","name":null,"on_campus":false,"highway":null,"sport":null,"levels":null,"id":235382425},"geometry":{"type":"Polygon","coordinates":[[[21.2,379.8],[15.2,364.9],[17.0,364.2],[16.4,362.8],[20.8,361.1],[21.3,362.3],[24.1,361.2],[30.1,376.2],[21.2,379.8]]]}},{"type":"Feature","properties":{"kind":"building","name":null,"on_campus":false,"highway":null,"sport":null,"levels":null,"id":235382427},"geometry":{"type":"Polygon","coordinates":[[[18.1,287.4],[12.7,273.4],[17.2,271.7],[17.7,273.1],[21.7,271.5],[26.6,284.1],[18.1,287.4]]]}},{"type":"Feature","properties":{"kind":"building","name":null,"on_campus":false,"highway":null,"sport":null,"levels":null,"id":235382429},"geometry":{"type":"Polygon","coordinates":[[[29.3,333.9],[23.5,320.5],[26.0,319.4],[25.2,317.4],[29.0,315.7],[30.0,318.0],[31.9,317.2],[37.6,330.4],[29.3,333.9]]]}},{"type":"Feature","properties":{"kind":"building","name":null,"on_campus":false,"highway":null,"sport":null,"levels":null,"id":235382430},"geometry":{"type":"Polygon","coordinates":[[[8.1,80.6],[7.9,66.8],[12.1,66.7],[12.0,64.3],[17.1,64.2],[17.1,66.5],[19.1,66.5],[19.4,80.4],[8.1,80.6]]]}},{"type":"Feature","properties":{"kind":"building","name":null,"on_campus":false,"highway":null,"sport":null,"levels":null,"id":235382433},"geometry":{"type":"Polygon","coordinates":[[[32.6,66.7],[32.5,76.7],[23.4,76.7],[23.4,68.3],[27.9,68.3],[27.9,66.7],[32.6,66.7]]]}},{"type":"Feature","properties":{"kind":"building","name":null,"on_campus":false,"highway":null,"sport":null,"levels":null,"id":235382437},"geometry":{"type":"Polygon","coordinates":[[[40.7,371.9],[32.3,375.4],[26.9,362.4],[35.3,358.9],[40.7,371.9]]]}},{"type":"Feature","properties":{"kind":"building","name":null,"on_campus":false,"highway":null,"sport":null,"levels":null,"id":235382438},"geometry":{"type":"Polygon","coordinates":[[[32.1,263.5],[38.2,278.9],[37.4,279.2],[38.1,281.0],[31.3,283.7],[30.6,281.9],[29.6,282.3],[26.2,273.6],[25.3,274.0],[24.3,271.4],[25.2,271.1],[24.3,268.9],[26.2,268.2],[25.8,267.2],[27.0,266.7],[26.6,265.7],[32.1,263.5]]]}},{"type":"Feature","properties":{"kind":"building","name":null,"on_campus":false,"highway":null,"sport":null,"levels":null,"id":235382442},"geometry":{"type":"Polygon","coordinates":[[[42.4,311.2],[47.9,325.9],[38.7,329.3],[37.4,325.8],[38.2,325.5],[35.8,319.2],[36.3,319.0],[35.0,315.4],[40.0,313.5],[39.6,312.3],[42.4,311.2]]]}},{"type":"Feature","properties":{"kind":"building","name":null,"on_campus":false,"highway":null,"sport":null,"levels":null,"id":235382443},"geometry":{"type":"Polygon","coordinates":[[[45.5,69.0],[45.6,76.0],[35.5,76.2],[35.4,69.2],[45.5,69.0]]]}},{"type":"Feature","properties":{"kind":"building","name":null,"on_campus":false,"highway":null,"sport":null,"levels":null,"id":235382445},"geometry":{"type":"Polygon","coordinates":[[[46.1,352.9],[52.1,367.1],[43.5,370.8],[39.2,360.8],[38.9,361.0],[37.1,356.7],[46.1,352.9]]]}},{"type":"Feature","properties":{"kind":"building","name":null,"on_campus":false,"highway":null,"sport":null,"levels":null,"id":235382447},"geometry":{"type":"Polygon","coordinates":[[[41.9,279.9],[36.8,267.1],[36.0,267.4],[33.5,261.1],[35.8,260.2],[38.7,262.4],[43.1,260.6],[44.6,264.4],[45.4,264.1],[50.3,276.6],[41.9,279.9]]]}},{"type":"Feature","properties":{"kind":"building","name":null,"on_campus":false,"highway":null,"sport":null,"levels":null,"id":235382450},"geometry":{"type":"Polygon","coordinates":[[[50.6,327.6],[44.0,310.4],[54.0,306.6],[60.6,323.9],[50.6,327.6]]]}},{"type":"Feature","properties":{"kind":"building","name":null,"on_campus":false,"highway":null,"sport":null,"levels":null,"id":235382451},"geometry":{"type":"Polygon","coordinates":[[[47.6,76.4],[47.5,69.2],[51.8,69.2],[51.8,69.8],[58.1,69.7],[58.1,76.2],[47.6,76.4]]]}},{"type":"Feature","properties":{"kind":"building","name":"Mio Apartments","on_campus":false,"highway":null,"sport":null,"levels":null,"id":235382453},"geometry":{"type":"Polygon","coordinates":[[[71.8,162.4],[37.6,162.1],[37.8,142.4],[72.0,142.8],[71.8,162.4]]]}},{"type":"Feature","properties":{"kind":"building","name":null,"on_campus":false,"highway":null,"sport":null,"levels":null,"id":235382454},"geometry":{"type":"Polygon","coordinates":[[[52.7,364.7],[47.1,350.7],[52.5,348.6],[53.0,349.7],[56.5,348.3],[61.7,361.3],[57.8,362.9],[58.0,363.6],[53.6,365.4],[53.1,364.2],[52.7,364.7]]]}},{"type":"Feature","properties":{"kind":"building","name":null,"on_campus":false,"highway":null,"sport":null,"levels":null,"id":235382456},"geometry":{"type":"Polygon","coordinates":[[[54.5,256.1],[60.6,270.7],[59.8,271.0],[60.3,272.3],[53.0,275.3],[52.4,273.9],[51.8,274.2],[50.1,269.9],[49.3,270.2],[47.3,265.4],[48.2,265.1],[45.9,259.5],[45.1,259.8],[42.6,253.8],[46.2,252.4],[48.7,258.5],[54.5,256.1]]]}},{"type":"Feature","properties":{"kind":"building","name":null,"on_campus":false,"highway":null,"sport":null,"levels":null,"id":235382458},"geometry":{"type":"Polygon","coordinates":[[[63.4,319.8],[57.3,304.0],[65.6,300.8],[71.7,316.6],[63.4,319.8]]]}},{"type":"Feature","properties":{"kind":"building","name":null,"on_campus":false,"highway":null,"sport":null,"levels":null,"id":235382459},"geometry":{"type":"Polygon","coordinates":[[[63.7,271.3],[57.1,254.3],[66.8,250.6],[73.3,267.6],[63.7,271.3]]]}},{"type":"Feature","properties":{"kind":"building","name":null,"on_campus":false,"highway":null,"sport":null,"levels":null,"id":235382461},"geometry":{"type":"Polygon","coordinates":[[[76.9,298.3],[82.3,311.7],[75.1,314.6],[73.8,311.4],[73.1,311.7],[70.5,305.1],[72.1,304.5],[70.6,300.8],[76.9,298.3]]]}},{"type":"Feature","properties":{"kind":"building","name":null,"on_campus":false,"highway":null,"sport":null,"levels":null,"id":235382462},"geometry":{"type":"Polygon","coordinates":[[[69.9,345.1],[74.6,356.4],[65.7,360.1],[61.6,350.1],[60.2,350.7],[57.7,344.7],[64.4,342.0],[66.3,346.6],[69.9,345.1]]]}},{"type":"Feature","properties":{"kind":"building","name":null,"on_campus":false,"highway":null,"sport":null,"levels":null,"id":235382464},"geometry":{"type":"Polygon","coordinates":[[[88.1,291.3],[92.6,303.6],[91.7,304.0],[92.6,306.6],[88.5,308.1],[87.8,306.2],[82.4,308.2],[78.4,297.5],[82.6,295.9],[81.7,293.6],[88.1,291.3]]]}},{"type":"Feature","properties":{"kind":"building","name":null,"on_campus":false,"highway":null,"sport":null,"levels":null,"id":235382467},"geometry":{"type":"Polygon","coordinates":[[[78.4,338.8],[85.0,353.7],[81.2,355.4],[81.4,355.8],[77.0,357.7],[71.0,344.4],[72.5,343.8],[72.1,343.0],[73.8,342.2],[73.3,341.0],[78.4,338.8]]]}},{"type":"Feature","properties":{"kind":"building","name":null,"on_campus":false,"highway":null,"sport":null,"levels":null,"id":235382468},"geometry":{"type":"Polygon","coordinates":[[[90.4,336.4],[95.4,348.8],[86.9,352.3],[82.1,340.5],[85.1,339.3],[84.1,336.7],[88.5,334.9],[89.3,336.8],[90.4,336.4]]]}},{"type":"Feature","properties":{"kind":"building","name":null,"on_campus":false,"highway":null,"sport":null,"levels":null,"id":235382469},"geometry":{"type":"Polygon","coordinates":[[[99.2,345.1],[94.8,334.1],[103.0,330.8],[107.3,341.7],[106.5,342.1],[107.1,343.7],[100.9,346.1],[100.3,344.7],[99.2,345.1]]]}},{"type":"Feature","properties":{"kind":"building","name":null,"on_campus":false,"highway":null,"sport":null,"levels":null,"id":235382470},"geometry":{"type":"Polygon","coordinates":[[[114.1,325.4],[118.9,337.0],[118.4,337.2],[119.1,338.9],[111.2,342.2],[110.4,340.2],[110.2,340.3],[105.5,329.0],[114.1,325.4]]]}},{"type":"Feature","properties":{"kind":"building","name":null,"on_campus":false,"highway":null,"sport":null,"levels":null,"id":235382471},"geometry":{"type":"Polygon","coordinates":[[[125.5,322.0],[130.7,334.6],[121.8,338.3],[116.6,325.9],[118.7,325.0],[118.3,324.1],[120.4,323.2],[120.7,324.0],[125.5,322.0]]]}},{"type":"Feature","properties":{"kind":"building","name":null,"on_campus":false,"highway":null,"sport":null,"levels":null,"id":235382472},"geometry":{"type":"Polygon","coordinates":[[[133.9,334.1],[127.7,318.5],[135.8,315.3],[137.6,319.9],[138.0,319.7],[141.7,328.8],[137.6,330.4],[138.3,332.3],[133.9,334.1]]]}},{"type":"Feature","properties":{"kind":"building","name":null,"on_campus":false,"highway":null,"sport":null,"levels":null,"id":235382473},"geometry":{"type":"Polygon","coordinates":[[[143.8,327.8],[138.0,314.1],[145.2,311.1],[146.9,315.1],[147.9,314.7],[151.3,322.6],[149.8,323.3],[150.6,325.0],[143.8,327.8]]]}},{"type":"Feature","properties":{"kind":"building","name":null,"on_campus":false,"highway":null,"sport":null,"levels":null,"id":235382474},"geometry":{"type":"Polygon","coordinates":[[[95.9,304.9],[91.5,293.0],[95.1,291.7],[94.2,289.3],[98.2,287.8],[102.4,299.3],[102.0,299.5],[102.7,301.4],[101.7,301.8],[102.1,302.7],[95.9,304.9]]]}},{"type":"Feature","properties":{"kind":"building","name":null,"on_campus":false,"highway":null,"sport":null,"levels":null,"id":235382475},"geometry":{"type":"Polygon","coordinates":[[[98.3,258.8],[92.4,243.2],[93.1,242.9],[92.5,241.5],[100.0,238.7],[100.5,240.0],[101.1,239.8],[107.1,255.5],[98.3,258.8]]]}},{"type":"Feature","properties":{"kind":"building","name":null,"on_campus":false,"highway":null,"sport":null,"levels":null,"id":235382477},"geometry":{"type":"Polygon","coordinates":[[[105.9,162.6],[93.5,162.4],[93.7,148.4],[106.1,148.6],[105.9,162.6]]]}},{"type":"Feature","properties":{"kind":"building","name":null,"on_campus":false,"highway":null,"sport":null,"levels":null,"id":235382478},"geometry":{"type":"Polygon","coordinates":[[[110.5,236.8],[115.1,248.2],[115.7,247.9],[116.8,250.6],[113.3,252.0],[113.1,251.5],[107.2,253.9],[105.3,249.3],[106.0,249.0],[102.4,240.1],[110.5,236.8]]]}},{"type":"Feature","properties":{"kind":"building","name":null,"on_campus":false,"highway":null,"sport":null,"levels":null,"id":235382479},"geometry":{"type":"Polygon","coordinates":[[[107.0,298.8],[102.3,286.9],[104.7,286.0],[105.1,286.9],[110.8,284.7],[115.1,295.6],[107.0,298.8]]]}},{"type":"Feature","properties":{"kind":"building","name":null,"on_campus":false,"highway":null,"sport":null,"levels":null,"id":235382481},"geometry":{"type":"Polygon","coordinates":[[[121.8,229.4],[127.1,242.7],[126.2,243.1],[127.2,245.5],[121.0,247.9],[120.0,245.6],[119.0,246.0],[117.3,241.8],[116.7,242.0],[115.5,239.1],[116.1,238.9],[114.5,234.8],[118.8,233.1],[117.9,230.9],[121.8,229.4]]]}},{"type":"Feature","properties":{"kind":"building","name":null,"on_campus":false,"highway":null,"sport":null,"levels":null,"id":235382484},"geometry":{"type":"Polygon","coordinates":[[[119.0,298.7],[112.6,283.8],[113.7,283.3],[113.1,281.9],[119.3,279.3],[120.1,281.2],[121.0,280.8],[126.0,292.5],[123.1,293.8],[124.3,296.5],[119.0,298.7]]]}},{"type":"Feature","properties":{"kind":"building","name":null,"on_campus":false,"highway":null,"sport":null,"levels":null,"id":235382487},"geometry":{"type":"Polygon","coordinates":[[[128.7,292.2],[123.9,279.3],[126.3,278.4],[125.6,276.6],[129.5,275.2],[130.1,276.8],[132.7,275.8],[137.6,288.9],[128.7,292.2]]]}},{"type":"Feature","properties":{"kind":"building","name":null,"on_campus":false,"highway":null,"sport":null,"levels":null,"id":235382488},"geometry":{"type":"Polygon","coordinates":[[[143.3,270.5],[149.4,285.2],[141.0,288.6],[135.3,274.7],[139.8,272.8],[139.5,272.1],[143.3,270.5]]]}},{"type":"Feature","properties":{"kind":"building","name":null,"on_campus":false,"highway":null,"sport":null,"levels":null,"id":235382490},"geometry":{"type":"Polygon","coordinates":[[[131.0,243.6],[126.1,231.3],[135.0,227.8],[140.0,240.1],[139.3,240.4],[140.1,242.4],[133.0,245.3],[132.1,243.2],[131.0,243.6]]]}},{"type":"Feature","properties":{"kind":"building","name":null,"on_campus":false,"highway":null,"sport":null,"levels":null,"id":235382492},"geometry":{"type":"Polygon","coordinates":[[[145.9,268.5],[153.2,265.8],[153.7,266.9],[158.7,265.1],[161.9,273.5],[158.7,274.7],[159.1,275.9],[155.4,277.3],[156.4,279.9],[151.0,282.0],[145.9,268.5]]]}},{"type":"Feature","properties":{"kind":"building","name":null,"on_campus":false,"highway":null,"sport":null,"levels":null,"id":235382533},"geometry":{"type":"Polygon","coordinates":[[[-92.1,385.4],[-76.0,385.3],[-76.0,394.2],[-92.0,394.3],[-92.1,385.4]]]}},{"type":"Feature","properties":{"kind":"building","name":null,"on_campus":false,"highway":null,"sport":null,"levels":null,"id":235382536},"geometry":{"type":"Polygon","coordinates":[[[153.4,321.2],[149.2,311.0],[151.6,310.0],[150.8,308.2],[156.8,305.8],[158.9,310.9],[160.3,310.4],[161.6,313.7],[159.9,314.4],[161.3,318.0],[153.4,321.2]]]}},{"type":"Feature","properties":{"kind":"building","name":null,"on_campus":false,"highway":null,"sport":null,"levels":"1","id":235382538},"geometry":{"type":"Polygon","coordinates":[[[-36.5,386.0],[-22.5,385.9],[-22.4,394.3],[-31.1,394.4],[-31.1,396.1],[-38.3,396.1],[-38.4,393.7],[-40.2,393.7],[-40.2,389.4],[-36.5,389.4],[-36.5,386.0]]]}},{"type":"Feature","properties":{"kind":"building","name":null,"on_campus":false,"highway":null,"sport":null,"levels":null,"id":235382539},"geometry":{"type":"Polygon","coordinates":[[[-76.8,384.1],[-93.3,384.3],[-93.4,375.1],[-88.0,375.0],[-88.1,373.2],[-76.7,373.0],[-76.7,374.4],[-75.2,374.4],[-75.1,382.2],[-76.9,382.2],[-76.8,384.1]]]}},{"type":"Feature","properties":{"kind":"building","name":null,"on_campus":false,"highway":null,"sport":null,"levels":null,"id":235382541},"geometry":{"type":"Polygon","coordinates":[[[-267.8,381.9],[-267.8,372.7],[-254.1,372.7],[-254.1,381.9],[-267.8,381.9]]]}},{"type":"Feature","properties":{"kind":"building","name":null,"on_campus":false,"highway":null,"sport":null,"levels":null,"id":235382542},"geometry":{"type":"Polygon","coordinates":[[[-133.5,384.3],[-133.6,382.4],[-135.1,382.5],[-135.4,374.5],[-133.2,374.4],[-133.2,374.2],[-121.2,373.8],[-121.2,375.0],[-119.1,374.9],[-119.1,377.1],[-121.3,377.2],[-121.1,383.9],[-133.5,384.3]]]}},{"type":"Feature","properties":{"kind":"building","name":null,"on_campus":false,"highway":null,"sport":null,"levels":"2","id":235382544},"geometry":{"type":"Polygon","coordinates":[[[-23.6,373.5],[-23.6,374.0],[-19.9,373.9],[-19.7,381.4],[-23.6,381.5],[-23.5,382.2],[-33.2,382.3],[-33.4,373.6],[-23.6,373.5]]]}},{"type":"Feature","properties":{"kind":"building","name":null,"on_campus":false,"highway":null,"sport":null,"levels":null,"id":235382546},"geometry":{"type":"Polygon","coordinates":[[[-77.2,371.1],[-90.9,371.3],[-91.0,366.3],[-92.7,366.4],[-92.7,362.8],[-85.6,362.7],[-85.7,361.9],[-76.5,361.8],[-76.4,365.4],[-77.2,365.4],[-77.2,371.1]]]}},{"type":"Feature","properties":{"kind":"building","name":null,"on_campus":false,"highway":null,"sport":null,"levels":null,"id":235382549},"geometry":{"type":"Polygon","coordinates":[[[-120.6,361.6],[-120.7,368.2],[-122.8,368.2],[-122.9,371.4],[-137.6,371.2],[-137.5,367.2],[-139.4,367.2],[-139.3,361.3],[-120.6,361.6]]]}},{"type":"Feature","properties":{"kind":"building","name":null,"on_campus":false,"highway":null,"sport":null,"levels":"2","id":235382552},"geometry":{"type":"Polygon","coordinates":[[[-37.5,362.2],[-22.6,361.4],[-22.5,363.7],[-20.5,363.6],[-20.2,369.0],[-22.3,369.1],[-22.3,369.8],[-32.5,370.4],[-32.5,369.3],[-35.7,369.5],[-35.8,366.6],[-37.3,366.7],[-37.5,362.2]]]}},{"type":"Feature","properties":{"kind":"building","name":null,"on_campus":false,"highway":null,"sport":null,"levels":null,"id":235382554},"geometry":{"type":"Polygon","coordinates":[[[-77.0,349.9],[-77.0,352.1],[-75.4,352.1],[-75.3,356.1],[-77.2,356.2],[-77.1,358.5],[-92.7,358.8],[-92.9,350.3],[-77.0,349.9]]]}},{"type":"Feature","properties":{"kind":"building","name":null,"on_campus":false,"highway":null,"sport":null,"levels":"2","id":235382558},"geometry":{"type":"Polygon","coordinates":[[[-34.6,349.6],[-19.5,349.3],[-19.3,360.1],[-33.0,360.4],[-33.0,359.5],[-34.4,359.5],[-34.6,349.6]]]}},{"type":"Feature","properties":{"kind":"building","name":null,"on_campus":false,"highway":null,"sport":null,"levels":null,"id":235382561},"geometry":{"type":"Polygon","coordinates":[[[-92.9,336.7],[-79.2,337.0],[-79.2,337.4],[-77.9,337.5],[-78.0,339.9],[-79.2,339.8],[-79.4,346.5],[-90.3,346.2],[-90.3,345.3],[-93.1,345.3],[-92.9,336.7]]]}},{"type":"Feature","properties":{"kind":"building","name":null,"on_campus":false,"highway":null,"sport":null,"levels":"1","id":235382563},"geometry":{"type":"Polygon","coordinates":[[[-41.4,347.6],[-41.4,337.6],[-39.9,337.6],[-39.9,336.5],[-34.5,336.5],[-34.5,336.8],[-28.8,336.9],[-28.8,338.9],[-23.8,339.0],[-23.8,347.7],[-41.4,347.6]]]}},{"type":"Feature","properties":{"kind":"building","name":null,"on_campus":false,"highway":null,"sport":null,"levels":null,"id":235382566},"geometry":{"type":"Polygon","coordinates":[[[-77.2,326.4],[-77.2,335.8],[-91.7,335.9],[-91.7,334.7],[-93.5,334.7],[-93.5,327.7],[-91.9,327.7],[-91.9,326.5],[-77.2,326.4]]]}},{"type":"Feature","properties":{"kind":"building","name":null,"on_campus":false,"highway":null,"sport":null,"levels":"1","id":235382569},"geometry":{"type":"Polygon","coordinates":[[[-43.7,335.9],[-43.7,326.3],[-40.2,326.4],[-40.2,325.1],[-35.0,325.2],[-35.0,326.5],[-31.4,326.5],[-31.4,328.8],[-30.6,328.8],[-30.6,328.2],[-25.8,328.3],[-25.8,329.1],[-22.1,329.1],[-22.2,334.7],[-30.7,334.7],[-31.4,335.9],[-43.7,335.9]]]}},{"type":"Feature","properties":{"kind":"building","name":null,"on_campus":false,"highway":null,"sport":null,"levels":null,"id":235382571},"geometry":{"type":"Polygon","coordinates":[[[-92.2,302.9],[-92.1,300.3],[-93.2,300.2],[-93.1,297.2],[-92.1,297.2],[-92.0,293.9],[-76.4,294.2],[-76.5,303.2],[-92.2,302.9]]]}},{"type":"Feature","properties":{"kind":"building","name":null,"on_campus":false,"highway":null,"sport":null,"levels":null,"id":235382572},"geometry":{"type":"Polygon","coordinates":[[[-93.8,291.9],[-93.6,282.0],[-77.8,282.3],[-77.8,287.3],[-75.2,287.3],[-75.3,292.2],[-93.8,291.9]]]}},{"type":"Feature","properties":{"kind":"building","name":null,"on_campus":false,"highway":null,"sport":null,"levels":null,"id":235382573},"geometry":{"type":"Polygon","coordinates":[[[-120.5,282.6],[-120.8,291.7],[-135.6,291.2],[-135.4,282.1],[-120.5,282.6]]]}},{"type":"Feature","properties":{"kind":"building","name":null,"on_campus":false,"highway":null,"sport":null,"levels":null,"id":235382574},"geometry":{"type":"Polygon","coordinates":[[[159.8,211.0],[159.9,224.1],[149.8,224.1],[149.8,211.1],[152.4,211.1],[152.4,210.2],[156.7,210.2],[156.7,211.0],[159.8,211.0]]]}},{"type":"Feature","properties":{"kind":"building","name":null,"on_campus":false,"highway":null,"sport":null,"levels":null,"id":235382576},"geometry":{"type":"Polygon","coordinates":[[[-93.2,270.1],[-77.2,270.0],[-77.1,279.0],[-92.4,279.1],[-92.5,273.7],[-93.2,273.7],[-93.2,270.1]]]}},{"type":"Feature","properties":{"kind":"building","name":null,"on_campus":false,"highway":null,"sport":null,"levels":"3","id":235382577},"geometry":{"type":"Polygon","coordinates":[[[-33.8,270.0],[-23.6,270.0],[-23.6,279.1],[-29.2,279.1],[-29.2,280.1],[-32.3,280.1],[-32.3,278.9],[-33.8,278.9],[-33.8,270.0]]]}},{"type":"Feature","properties":{"kind":"building","name":null,"on_campus":false,"highway":null,"sport":null,"levels":null,"id":235382579},"geometry":{"type":"Polygon","coordinates":[[[66.6,238.2],[50.1,238.5],[49.8,227.4],[54.4,227.3],[54.5,228.5],[66.4,228.3],[66.6,238.2]]]}},{"type":"Feature","properties":{"kind":"building","name":null,"on_campus":false,"highway":null,"sport":null,"levels":null,"id":235382580},"geometry":{"type":"Polygon","coordinates":[[[159.1,199.8],[144.5,199.9],[144.4,190.3],[159.1,190.2],[159.1,199.8]]]}},{"type":"Feature","properties":{"kind":"building","name":null,"on_campus":false,"highway":null,"sport":null,"levels":null,"id":235382581},"geometry":{"type":"Polygon","coordinates":[[[95.8,214.8],[111.3,214.7],[111.3,220.5],[105.9,220.5],[105.9,222.1],[104.6,222.1],[104.6,223.4],[101.7,223.4],[101.7,224.4],[95.1,224.5],[95.1,219.1],[95.8,219.1],[95.8,214.8]]]}},{"type":"Feature","properties":{"kind":"building","name":null,"on_campus":false,"highway":null,"sport":null,"levels":null,"id":235382582},"geometry":{"type":"Polygon","coordinates":[[[-35.5,257.9],[-22.4,257.9],[-22.4,267.2],[-26.3,267.2],[-26.3,268.6],[-29.9,268.6],[-29.9,267.1],[-33.0,267.1],[-33.0,266.7],[-41.0,266.7],[-41.0,261.5],[-37.6,261.6],[-37.6,260.2],[-35.5,260.2],[-35.5,257.9]]]}},{"type":"Feature","properties":{"kind":"building","name":null,"on_campus":false,"highway":null,"sport":null,"levels":null,"id":235382583},"geometry":{"type":"Polygon","coordinates":[[[97.4,203.0],[117.4,202.9],[117.4,208.4],[115.1,208.4],[115.1,213.0],[111.0,213.0],[111.0,213.6],[105.0,213.7],[105.0,213.2],[97.5,213.2],[97.4,203.0]]]}},{"type":"Feature","properties":{"kind":"building","name":null,"on_campus":false,"highway":null,"sport":null,"levels":null,"id":235382585},"geometry":{"type":"Polygon","coordinates":[[[65.9,225.0],[51.3,225.1],[51.2,215.6],[65.9,215.5],[66.0,218.6],[67.4,218.6],[67.5,222.1],[65.9,222.1],[65.9,225.0]]]}},{"type":"Feature","properties":{"kind":"building","name":null,"on_campus":false,"highway":null,"sport":null,"levels":null,"id":235382589},"geometry":{"type":"Polygon","coordinates":[[[6.9,240.3],[21.3,240.1],[21.4,250.0],[17.2,250.1],[17.2,251.8],[13.8,251.8],[13.8,249.6],[5.5,249.7],[5.4,244.4],[7.0,244.3],[6.9,240.3]]]}},{"type":"Feature","properties":{"kind":"building","name":null,"on_campus":false,"highway":null,"sport":null,"levels":null,"id":235382591},"geometry":{"type":"Polygon","coordinates":[[[-37.8,246.7],[-22.0,246.6],[-21.9,251.6],[-23.3,251.6],[-23.3,255.6],[-37.8,255.6],[-37.8,246.7]]]}},{"type":"Feature","properties":{"kind":"building","name":null,"on_campus":false,"highway":null,"sport":null,"levels":null,"id":235382593},"geometry":{"type":"Polygon","coordinates":[[[22.6,238.0],[6.7,237.8],[6.7,235.4],[4.9,235.4],[4.9,231.0],[6.7,231.0],[6.7,227.9],[16.0,228.0],[16.0,226.6],[22.6,226.7],[22.6,238.0]]]}},{"type":"Feature","properties":{"kind":"building","name":null,"on_campus":false,"highway":null,"sport":null,"levels":null,"id":235382594},"geometry":{"type":"Polygon","coordinates":[[[101.9,190.6],[112.9,190.3],[112.9,191.4],[113.7,191.4],[113.8,199.5],[112.9,199.6],[112.9,200.4],[102.1,200.6],[102.1,200.2],[98.3,200.2],[98.3,197.3],[97.3,197.3],[97.2,193.8],[98.6,193.8],[98.5,191.0],[101.9,190.9],[101.9,190.6]]]}},{"type":"Feature","properties":{"kind":"building","name":null,"on_campus":false,"highway":null,"sport":null,"levels":null,"id":235382596},"geometry":{"type":"Polygon","coordinates":[[[53.9,202.8],[68.4,202.9],[68.3,212.6],[61.1,212.5],[61.1,213.0],[56.9,212.9],[56.9,212.5],[53.9,212.4],[53.9,202.8]]]}},{"type":"Feature","properties":{"kind":"building","name":null,"on_campus":false,"highway":null,"sport":null,"levels":null,"id":235382597},"geometry":{"type":"Polygon","coordinates":[[[-23.6,243.2],[-41.5,243.4],[-41.6,239.3],[-40.7,239.2],[-40.8,236.0],[-39.9,236.0],[-39.9,234.5],[-23.6,234.3],[-23.6,235.4],[-22.1,235.4],[-22.0,242.3],[-23.6,242.3],[-23.6,243.2]]]}},{"type":"Feature","properties":{"kind":"building","name":null,"on_campus":false,"highway":null,"sport":null,"levels":null,"id":235382599},"geometry":{"type":"Polygon","coordinates":[[[53.0,190.8],[68.1,190.7],[68.1,197.8],[65.7,197.8],[65.7,200.0],[61.5,200.0],[61.5,200.6],[55.5,200.7],[55.5,199.9],[51.8,199.9],[51.8,194.4],[53.0,194.4],[53.0,190.8]]]}},{"type":"Feature","properties":{"kind":"building","name":null,"on_campus":false,"highway":null,"sport":null,"levels":null,"id":235382602},"geometry":{"type":"Polygon","coordinates":[[[98.7,178.3],[121.3,178.3],[121.4,183.8],[117.8,183.8],[117.8,185.3],[115.9,185.3],[115.9,187.3],[106.5,187.3],[106.5,188.6],[98.8,188.7],[98.7,178.3]]]}},{"type":"Feature","properties":{"kind":"building","name":null,"on_campus":false,"highway":null,"sport":null,"levels":null,"id":235382604},"geometry":{"type":"Polygon","coordinates":[[[22.5,224.6],[4.5,224.7],[4.4,215.0],[20.7,214.9],[20.7,218.3],[22.4,218.3],[22.5,224.6]]]}},{"type":"Feature","properties":{"kind":"building","name":null,"on_campus":false,"highway":null,"sport":null,"levels":null,"id":235382605},"geometry":{"type":"Polygon","coordinates":[[[65.6,189.0],[52.1,189.1],[52.1,190.3],[49.6,190.3],[49.6,187.6],[52.2,187.6],[52.1,180.0],[56.7,180.0],[56.7,179.0],[61.6,178.9],[61.6,179.9],[65.4,179.9],[65.4,184.1],[66.5,184.1],[66.6,187.7],[65.6,187.7],[65.6,189.0]]]}},{"type":"Feature","properties":{"kind":"building","name":null,"on_campus":false,"highway":null,"sport":null,"levels":null,"id":235382607},"geometry":{"type":"Polygon","coordinates":[[[97.9,166.7],[114.9,166.5],[115.0,175.7],[109.5,175.7],[109.5,176.3],[104.0,176.3],[104.0,175.8],[98.0,175.9],[97.9,166.7]]]}},{"type":"Feature","properties":{"kind":"building","name":null,"on_campus":false,"highway":null,"sport":null,"levels":null,"id":235382610},"geometry":{"type":"Polygon","coordinates":[[[22.6,214.4],[4.9,214.5],[4.8,207.9],[6.3,207.9],[6.3,204.3],[22.5,204.2],[22.6,214.4]]]}},{"type":"Feature","properties":{"kind":"building","name":null,"on_campus":false,"highway":null,"sport":null,"levels":"2","id":235382615},"geometry":{"type":"Polygon","coordinates":[[[-22.2,213.1],[-40.2,213.1],[-40.3,207.6],[-47.5,207.6],[-47.5,202.4],[-40.0,202.4],[-40.0,203.5],[-22.2,203.5],[-22.2,213.1]]]}},{"type":"Feature","properties":{"kind":"building","name":null,"on_campus":false,"highway":null,"sport":null,"levels":null,"id":235382622},"geometry":{"type":"Polygon","coordinates":[[[4.4,191.7],[22.0,191.6],[22.0,195.1],[20.7,195.1],[20.7,197.5],[21.9,197.5],[21.9,201.0],[4.5,201.0],[4.4,191.7]]]}},{"type":"Feature","properties":{"kind":"building","name":null,"on_campus":false,"highway":null,"sport":null,"levels":null,"id":235382625},"geometry":{"type":"Polygon","coordinates":[[[-21.8,191.2],[-21.8,202.1],[-33.7,202.1],[-33.7,201.5],[-38.6,201.5],[-38.6,191.2],[-21.8,191.2]]]}},{"type":"Feature","properties":{"kind":"building","name":null,"on_campus":false,"highway":null,"sport":null,"levels":null,"id":235382626},"geometry":{"type":"Polygon","coordinates":[[[-262.8,179.7],[-263.0,184.0],[-262.3,184.0],[-262.6,190.6],[-264.8,190.5],[-264.8,191.0],[-268.9,190.8],[-268.9,192.2],[-280.5,191.7],[-280.2,184.7],[-279.2,184.8],[-279.0,182.4],[-277.1,182.5],[-276.9,179.0],[-262.8,179.7]]]}},{"type":"Feature","properties":{"kind":"building","name":null,"on_campus":false,"highway":null,"sport":null,"levels":null,"id":235382630},"geometry":{"type":"Polygon","coordinates":[[[4.2,179.7],[20.4,179.4],[20.6,188.2],[16.5,188.3],[16.5,190.0],[10.5,190.1],[10.5,188.3],[6.1,188.3],[6.0,184.7],[4.3,184.8],[4.2,179.7]]]}},{"type":"Feature","properties":{"kind":"building","name":null,"on_campus":false,"highway":null,"sport":null,"levels":null,"id":235382634},"geometry":{"type":"Polygon","coordinates":[[[-23.6,188.7],[-37.8,188.8],[-37.8,178.8],[-23.7,178.8],[-23.7,180.8],[-21.8,180.8],[-21.8,187.2],[-23.6,187.2],[-23.6,188.7]]]}},{"type":"Feature","properties":{"kind":"building","name":null,"on_campus":false,"highway":null,"sport":null,"levels":null,"id":235382638},"geometry":{"type":"Polygon","coordinates":[[[23.7,176.0],[4.6,175.8],[4.7,166.3],[22.2,166.4],[22.1,172.6],[23.8,172.6],[23.7,176.0]]]}},{"type":"Feature","properties":{"kind":"building","name":null,"on_campus":false,"highway":null,"sport":null,"levels":null,"id":235382645},"geometry":{"type":"Polygon","coordinates":[[[-24.0,166.4],[-24.0,176.3],[-32.0,176.3],[-32.0,175.6],[-39.9,175.6],[-39.9,166.9],[-32.9,166.9],[-32.9,166.4],[-24.0,166.4]]]}},{"type":"Feature","properties":{"kind":"building","name":null,"on_campus":false,"highway":null,"sport":null,"levels":null,"id":235382650},"geometry":{"type":"Polygon","coordinates":[[[-39.6,154.7],[-22.0,154.7],[-21.9,162.7],[-39.1,162.7],[-39.1,163.1],[-43.8,163.1],[-43.8,157.2],[-39.6,157.2],[-39.6,154.7]]]}},{"type":"Feature","properties":{"kind":"building","name":null,"on_campus":false,"highway":null,"sport":null,"levels":null,"id":235382677},"geometry":{"type":"Polygon","coordinates":[[[-164.7,-42.6],[-164.6,-67.8],[-160.8,-67.8],[-160.7,-69.4],[-157.0,-69.4],[-157.0,-64.8],[-154.0,-64.8],[-154.0,-66.1],[-150.7,-66.0],[-150.7,-68.2],[-139.0,-68.2],[-139.0,-44.0],[-149.5,-44.0],[-149.5,-44.4],[-155.1,-44.4],[-155.1,-42.6],[-164.7,-42.6]]]}},{"type":"Feature","properties":{"kind":"building","name":"North Towne Manor","on_campus":false,"highway":null,"sport":null,"levels":"3","id":235382682},"geometry":{"type":"Polygon","coordinates":[[[-247.3,-71.2],[-247.7,-39.6],[-259.6,-39.7],[-259.5,-48.2],[-257.5,-48.2],[-257.4,-63.2],[-259.2,-63.2],[-259.2,-64.5],[-263.9,-64.5],[-263.9,-62.3],[-266.1,-62.4],[-266.1,-64.4],[-269.6,-64.5],[-269.6,-63.3],[-270.7,-63.4],[-270.7,-58.3],[-272.3,-58.3],[-272.4,-49.5],[-262.5,-49.4],[-262.6,-40.2],[-282.7,-40.4],[-282.3,-71.6],[-247.3,-71.2]]]}},{"type":"Feature","properties":{"kind":"building","name":null,"on_campus":false,"highway":null,"sport":null,"levels":null,"id":235382841},"geometry":{"type":"Polygon","coordinates":[[[-22.1,141.8],[-22.1,152.1],[-37.7,152.1],[-37.7,152.7],[-41.8,152.8],[-41.9,147.3],[-42.9,147.3],[-42.9,142.3],[-41.8,142.3],[-41.8,141.8],[-22.1,141.8]]]}},{"type":"Feature","properties":{"kind":"building","name":null,"on_campus":false,"highway":null,"sport":null,"levels":null,"id":235382847},"geometry":{"type":"Polygon","coordinates":[[[-245.6,101.0],[-245.6,120.6],[-255.0,120.6],[-255.0,119.7],[-257.5,119.7],[-257.5,118.1],[-254.9,118.1],[-254.9,102.5],[-252.6,102.5],[-252.6,101.0],[-245.6,101.0]]]}},{"type":"Feature","properties":{"kind":"building","name":null,"on_campus":false,"highway":null,"sport":null,"levels":null,"id":235382859},"geometry":{"type":"Polygon","coordinates":[[[-182.9,60.3],[-182.9,74.9],[-187.5,74.9],[-187.5,73.4],[-191.2,73.4],[-191.2,62.2],[-187.5,62.2],[-187.5,60.3],[-186.3,60.3],[-186.3,59.4],[-184.2,59.4],[-184.2,60.3],[-182.9,60.3]]]}},{"type":"Feature","properties":{"kind":"building","name":null,"on_campus":false,"highway":null,"sport":null,"levels":null,"id":235382865},"geometry":{"type":"Polygon","coordinates":[[[-120.5,294.7],[-120.3,303.6],[-122.6,303.7],[-122.6,304.3],[-126.0,304.3],[-126.0,303.4],[-134.9,303.5],[-134.9,304.3],[-136.9,304.3],[-136.9,303.5],[-138.9,303.5],[-139.0,295.0],[-120.5,294.7]]]}},{"type":"Feature","properties":{"kind":"building","name":null,"on_campus":false,"highway":null,"sport":null,"levels":null,"id":235382866},"geometry":{"type":"Polygon","coordinates":[[[-45.5,284.9],[-37.3,284.8],[-37.3,291.5],[-39.0,291.5],[-38.9,294.6],[-39.8,294.6],[-39.8,299.9],[-46.4,300.0],[-46.4,293.9],[-45.0,293.9],[-45.0,291.5],[-45.5,291.5],[-45.5,284.9]]]}},{"type":"Feature","properties":{"kind":"building","name":"Elements Massage","on_campus":false,"highway":null,"sport":null,"levels":null,"id":235382870},"geometry":{"type":"Polygon","coordinates":[[[-68.3,92.6],[-68.3,101.6],[-67.6,101.6],[-67.6,105.9],[-74.0,105.9],[-74.0,106.7],[-83.2,106.7],[-83.2,105.7],[-89.4,105.7],[-89.4,101.3],[-88.3,101.3],[-88.4,92.7],[-68.3,92.6]]]}},{"type":"Feature","properties":{"kind":"building","name":"Brooklyn 65 Apartments","on_campus":false,"highway":null,"sport":null,"levels":null,"id":235382875},"geometry":{"type":"Polygon","coordinates":[[[-25.0,100.9],[-24.7,118.2],[-33.7,118.3],[-34.0,103.7],[-31.4,103.7],[-31.4,102.6],[-33.7,102.6],[-33.9,90.4],[-23.4,90.2],[-23.4,93.3],[-22.1,93.2],[-22.0,96.6],[-23.5,96.7],[-23.5,100.9],[-25.0,100.9]]]}},{"type":"Feature","properties":{"kind":"building","name":null,"on_campus":false,"highway":null,"sport":null,"levels":null,"id":235382881},"geometry":{"type":"Polygon","coordinates":[[[56.9,166.6],[66.5,166.7],[66.4,172.4],[67.0,172.4],[66.9,174.5],[66.6,174.5],[66.5,175.9],[62.6,175.9],[62.6,176.6],[56.6,176.6],[56.6,176.1],[51.4,176.0],[51.5,169.6],[53.5,169.6],[53.5,168.6],[56.9,168.6],[56.9,166.6]]]}},{"type":"Feature","properties":{"kind":"building","name":null,"on_campus":false,"highway":null,"sport":null,"levels":null,"id":235382885},"geometry":{"type":"Polygon","coordinates":[[[161.3,144.6],[161.1,165.6],[148.7,165.4],[148.8,155.7],[145.0,155.7],[145.1,144.5],[161.3,144.6]]]}},{"type":"Feature","properties":{"kind":"building","name":null,"on_campus":false,"highway":null,"sport":null,"levels":"5","id":235382890},"geometry":{"type":"Polygon","coordinates":[[[-245.4,287.7],[-245.4,292.6],[-244.6,292.6],[-244.6,295.3],[-245.5,296.6],[-245.5,300.7],[-244.7,301.8],[-244.7,304.7],[-245.5,304.7],[-245.5,306.4],[-248.3,306.4],[-249.5,305.7],[-258.9,305.7],[-258.9,306.4],[-261.8,306.4],[-263.1,305.6],[-272.2,305.5],[-272.2,305.0],[-274.8,305.0],[-274.7,302.9],[-276.2,302.8],[-276.2,296.9],[-277.0,295.6],[-277.0,292.8],[-276.0,292.8],[-276.0,287.3],[-245.4,287.7]]]}},{"type":"Feature","properties":{"kind":"building","name":"Roosevelt Court Building","on_campus":false,"highway":null,"sport":null,"levels":"2","id":235382891},"geometry":{"type":"Polygon","coordinates":[[[-244.9,215.6],[-282.7,215.1],[-282.5,196.9],[-261.9,197.1],[-261.6,176.6],[-260.4,176.6],[-260.3,173.1],[-261.4,173.1],[-261.3,170.9],[-263.0,170.9],[-262.9,169.7],[-283.2,169.4],[-283.0,158.9],[-282.9,147.1],[-283.9,147.1],[-283.8,140.8],[-274.0,140.9],[-271.8,142.8],[-271.8,143.8],[-266.9,143.9],[-264.6,145.9],[-258.7,145.9],[-255.2,148.7],[-245.4,148.8],[-245.4,150.0],[-244.3,150.0],[-244.9,215.6]]]}},{"type":"Feature","properties":{"kind":"building","name":null,"on_campus":true,"highway":null,"sport":null,"levels":"3","id":235382893},"geometry":{"type":"Polygon","coordinates":[[[77.2,-57.0],[80.5,-57.0],[80.5,-59.6],[20.0,-58.8],[20.0,-61.0],[-6.1,-60.6],[-6.2,-63.5],[-14.9,-63.4],[-15.3,-96.3],[3.2,-96.5],[3.1,-99.4],[6.5,-99.5],[6.5,-96.3],[25.6,-96.5],[25.6,-95.1],[30.4,-95.1],[30.3,-96.6],[44.9,-96.8],[45.1,-81.0],[53.0,-81.1],[52.9,-92.2],[90.5,-92.7],[90.4,-101.7],[115.3,-102.1],[115.3,-96.9],[128.0,-97.0],[128.0,-102.0],[146.2,-102.3],[146.8,-57.4],[144.2,-57.3],[144.3,-55.1],[145.0,7.5],[145.2,19.2],[112.1,19.6],[78.2,20.0],[77.3,-55.4],[77.2,-57.0]]]}},{"type":"Feature","properties":{"kind":"building","name":null,"on_campus":false,"highway":null,"sport":null,"levels":null,"id":235382899},"geometry":{"type":"Polygon","coordinates":[[[-43.6,256.3],[-48.3,257.1],[-49.4,250.6],[-44.7,249.8],[-43.6,256.3]]]}},{"type":"Feature","properties":{"kind":"building","name":null,"on_campus":false,"highway":null,"sport":null,"levels":null,"id":235382900},"geometry":{"type":"Polygon","coordinates":[[[117.8,320.6],[114.3,321.9],[112.3,316.3],[115.8,315.1],[117.8,320.6]]]}},{"type":"Feature","properties":{"kind":"building","name":null,"on_campus":false,"highway":null,"sport":null,"levels":null,"id":235382901},"geometry":{"type":"Polygon","coordinates":[[[20.7,351.4],[22.3,355.5],[15.9,357.9],[14.3,353.8],[20.7,351.4]]]}},{"type":"Feature","properties":{"kind":"building","name":null,"on_campus":false,"highway":null,"sport":null,"levels":null,"id":235382903},"geometry":{"type":"Polygon","coordinates":[[[33.9,240.0],[33.9,249.2],[25.5,249.2],[25.5,240.0],[33.9,240.0]]]}},{"type":"Feature","properties":{"kind":"building","name":null,"on_campus":false,"highway":null,"sport":null,"levels":null,"id":235382908},"geometry":{"type":"Polygon","coordinates":[[[-142.9,383.9],[-146.4,383.9],[-146.3,378.3],[-142.9,378.3],[-142.9,383.9]]]}},{"type":"Feature","properties":{"kind":"building","name":null,"on_campus":false,"highway":null,"sport":null,"levels":null,"id":235382913},"geometry":{"type":"Polygon","coordinates":[[[31.3,232.3],[31.3,227.1],[34.4,227.1],[34.5,232.2],[31.3,232.3]]]}},{"type":"Feature","properties":{"kind":"building","name":null,"on_campus":false,"highway":null,"sport":null,"levels":"1","id":235382919},"geometry":{"type":"Polygon","coordinates":[[[-195.3,360.8],[-195.3,379.1],[-225.9,379.6],[-226.1,360.9],[-195.3,360.8]]]}},{"type":"Feature","properties":{"kind":"building","name":null,"on_campus":false,"highway":null,"sport":null,"levels":null,"id":235382921},"geometry":{"type":"Polygon","coordinates":[[[-149.4,366.8],[-149.5,373.8],[-155.2,373.7],[-155.1,366.7],[-149.4,366.8]]]}},{"type":"Feature","properties":{"kind":"building","name":null,"on_campus":false,"highway":null,"sport":null,"levels":null,"id":235382924},"geometry":{"type":"Polygon","coordinates":[[[-62.4,358.3],[-62.2,353.7],[-55.2,353.9],[-55.3,358.5],[-62.4,358.3]]]}},{"type":"Feature","properties":{"kind":"building","name":null,"on_campus":false,"highway":null,"sport":null,"levels":null,"id":235382929},"geometry":{"type":"Polygon","coordinates":[[[-39.2,359.4],[-49.4,359.5],[-49.5,354.1],[-39.2,354.0],[-39.2,359.4]]]}},{"type":"Feature","properties":{"kind":"building","name":null,"on_campus":false,"highway":null,"sport":null,"levels":null,"id":235382930},"geometry":{"type":"Polygon","coordinates":[[[121.5,222.1],[129.5,219.1],[132.4,226.6],[124.4,229.7],[121.5,222.1]]]}},{"type":"Feature","properties":{"kind":"building","name":null,"on_campus":false,"highway":null,"sport":null,"levels":null,"id":235382931},"geometry":{"type":"Polygon","coordinates":[[[-48.3,384.5],[-48.4,379.4],[-41.6,379.3],[-41.5,384.4],[-48.3,384.5]]]}},{"type":"Feature","properties":{"kind":"building","name":null,"on_campus":false,"highway":null,"sport":null,"levels":"1","id":235382935},"geometry":{"type":"Polygon","coordinates":[[[-195.2,324.1],[-195.3,348.8],[-226.2,348.9],[-226.3,323.9],[-195.2,324.1]]]}},{"type":"Feature","properties":{"kind":"building","name":null,"on_campus":false,"highway":null,"sport":null,"levels":null,"id":235382938},"geometry":{"type":"Polygon","coordinates":[[[6.3,266.3],[7.6,270.3],[0.8,272.4],[-0.4,268.4],[6.3,266.3]]]}},{"type":"Feature","properties":{"kind":"building","name":null,"on_campus":false,"highway":null,"sport":null,"levels":null,"id":235382939},"geometry":{"type":"Polygon","coordinates":[[[26.6,350.8],[32.3,348.4],[34.7,354.1],[29.0,356.5],[26.6,350.8]]]}},{"type":"Feature","properties":{"kind":"building","name":null,"on_campus":false,"highway":null,"sport":null,"levels":null,"id":235382940},"geometry":{"type":"Polygon","coordinates":[[[146.2,302.1],[152.5,299.8],[154.1,304.2],[147.8,306.6],[146.2,302.1]]]}},{"type":"Feature","properties":{"kind":"building","name":null,"on_campus":false,"highway":null,"sport":null,"levels":null,"id":235382944},"geometry":{"type":"Polygon","coordinates":[[[39.7,233.5],[39.6,227.4],[44.3,227.3],[44.4,233.5],[39.7,233.5]]]}},{"type":"Feature","properties":{"kind":"building","name":null,"on_campus":false,"highway":null,"sport":null,"levels":null,"id":235382945},"geometry":{"type":"Polygon","coordinates":[[[45.1,331.6],[50.8,329.5],[52.4,333.9],[46.7,335.9],[45.1,331.6]]]}},{"type":"Feature","properties":{"kind":"building","name":null,"on_campus":false,"highway":null,"sport":null,"levels":null,"id":235382951},"geometry":{"type":"Polygon","coordinates":[[[-43.2,360.4],[-43.2,365.3],[-48.9,365.3],[-49.0,360.4],[-43.2,360.4]]]}},{"type":"Feature","properties":{"kind":"building","name":null,"on_campus":false,"highway":null,"sport":null,"levels":null,"id":235382952},"geometry":{"type":"Polygon","coordinates":[[[-187.5,80.6],[-187.5,87.3],[-191.8,87.3],[-191.8,80.6],[-189.6,80.6],[-187.5,80.6]]]}},{"type":"Feature","properties":{"kind":"building","name":null,"on_campus":false,"highway":null,"sport":null,"levels":null,"id":235382954},"geometry":{"type":"Polygon","coordinates":[[[9.5,344.9],[17.0,342.2],[18.6,346.4],[11.1,349.2],[9.5,344.9]]]}},{"type":"Feature","properties":{"kind":"building","name":null,"on_campus":false,"highway":null,"sport":null,"levels":null,"id":235382957},"geometry":{"type":"Polygon","coordinates":[[[91.2,233.8],[97.2,230.9],[99.0,234.6],[92.9,237.4],[91.2,233.8]]]}},{"type":"Feature","properties":{"kind":"building","name":null,"on_campus":false,"highway":null,"sport":null,"levels":null,"id":235382958},"geometry":{"type":"Polygon","coordinates":[[[85.1,316.5],[86.6,320.4],[81.3,322.5],[79.8,318.7],[85.1,316.5]]]}},{"type":"Feature","properties":{"kind":"building","name":null,"on_campus":false,"highway":null,"sport":null,"levels":null,"id":235382959},"geometry":{"type":"Polygon","coordinates":[[[25.7,166.1],[32.7,166.2],[32.6,172.6],[25.6,172.5],[25.7,166.1]]]}},{"type":"Feature","properties":{"kind":"building","name":null,"on_campus":false,"highway":null,"sport":null,"levels":null,"id":235382965},"geometry":{"type":"Polygon","coordinates":[[[-48.1,177.0],[-48.1,173.2],[-40.3,173.2],[-40.3,177.0],[-48.1,177.0]]]}},{"type":"Feature","properties":{"kind":"building","name":null,"on_campus":false,"highway":null,"sport":null,"levels":null,"id":235382966},"geometry":{"type":"Polygon","coordinates":[[[60.7,335.6],[66.1,333.7],[67.4,337.7],[62.1,339.6],[60.7,335.6]]]}},{"type":"Feature","properties":{"kind":"building","name":null,"on_campus":false,"highway":null,"sport":null,"levels":null,"id":235382967},"geometry":{"type":"Polygon","coordinates":[[[39.8,202.1],[39.5,196.3],[45.8,196.0],[46.1,201.8],[39.8,202.1]]]}},{"type":"Feature","properties":{"kind":"building","name":null,"on_campus":false,"highway":null,"sport":null,"levels":null,"id":235382969},"geometry":{"type":"Polygon","coordinates":[[[42.3,258.4],[38.4,260.0],[36.8,255.9],[40.7,254.3],[42.3,258.4]]]}},{"type":"Feature","properties":{"kind":"building","name":null,"on_campus":false,"highway":null,"sport":null,"levels":null,"id":235382972},"geometry":{"type":"Polygon","coordinates":[[[75.6,324.2],[70.1,326.2],[67.8,320.0],[73.3,318.0],[75.6,324.2]]]}},{"type":"Feature","properties":{"kind":"building","name":null,"on_campus":false,"highway":null,"sport":null,"levels":null,"id":235382974},"geometry":{"type":"Polygon","coordinates":[[[22.3,341.0],[28.6,338.5],[30.2,342.4],[23.9,345.0],[22.3,341.0]]]}},{"type":"Feature","properties":{"kind":"building","name":null,"on_campus":false,"highway":null,"sport":null,"levels":null,"id":235382978},"geometry":{"type":"Polygon","coordinates":[[[-69.2,360.6],[-69.2,367.4],[-75.5,367.4],[-75.4,360.5],[-69.2,360.6]]]}},{"type":"Feature","properties":{"kind":"building","name":null,"on_campus":false,"highway":null,"sport":null,"levels":null,"id":235382982},"geometry":{"type":"Polygon","coordinates":[[[-57.4,265.3],[-64.3,265.4],[-64.5,257.3],[-57.6,257.2],[-57.4,265.3]]]}},{"type":"Feature","properties":{"kind":"building","name":null,"on_campus":false,"highway":null,"sport":null,"levels":null,"id":235382988},"geometry":{"type":"Polygon","coordinates":[[[-43.5,190.1],[-43.5,197.9],[-49.5,197.9],[-49.5,190.1],[-43.5,190.1]]]}},{"type":"Feature","properties":{"kind":"building","name":null,"on_campus":false,"highway":null,"sport":null,"levels":null,"id":235382993},"geometry":{"type":"Polygon","coordinates":[[[-44.6,233.1],[-44.7,239.3],[-49.3,239.2],[-49.1,233.0],[-44.6,233.1]]]}},{"type":"Feature","properties":{"kind":"building","name":null,"on_campus":false,"highway":null,"sport":null,"levels":null,"id":235382998},"geometry":{"type":"Polygon","coordinates":[[[-73.3,384.2],[-73.3,378.1],[-69.0,378.1],[-69.1,384.2],[-73.3,384.2]]]}},{"type":"Feature","properties":{"kind":"building","name":null,"on_campus":false,"highway":null,"sport":null,"levels":null,"id":235383003},"geometry":{"type":"Polygon","coordinates":[[[133.9,306.7],[139.8,304.5],[141.1,308.0],[135.2,310.2],[133.9,306.7]]]}},{"type":"Feature","properties":{"kind":"building","name":null,"on_campus":false,"highway":null,"sport":null,"levels":null,"id":235383009},"geometry":{"type":"Polygon","coordinates":[[[43.6,215.1],[43.9,221.7],[40.0,221.8],[39.8,215.2],[43.6,215.1]]]}},{"type":"Feature","properties":{"kind":"building","name":null,"on_campus":false,"highway":null,"sport":null,"levels":null,"id":235383012},"geometry":{"type":"Polygon","coordinates":[[[124.8,191.0],[124.8,196.6],[120.4,196.7],[120.3,191.0],[124.8,191.0]]]}},{"type":"Feature","properties":{"kind":"building","name":null,"on_campus":false,"highway":null,"sport":null,"levels":null,"id":235383014},"geometry":{"type":"Polygon","coordinates":[[[53.6,248.6],[60.6,245.8],[62.4,250.3],[55.4,253.0],[53.6,248.6]]]}},{"type":"Feature","properties":{"kind":"building","name":null,"on_campus":false,"highway":null,"sport":null,"levels":null,"id":235383015},"geometry":{"type":"Polygon","coordinates":[[[30.9,221.0],[30.7,215.1],[34.6,214.9],[34.8,220.9],[30.9,221.0]]]}},{"type":"Feature","properties":{"kind":"building","name":null,"on_campus":false,"highway":null,"sport":null,"levels":null,"id":235383018},"geometry":{"type":"Polygon","coordinates":[[[-43.8,397.1],[-49.7,397.1],[-49.7,390.8],[-43.8,390.8],[-43.8,397.1]]]}},{"type":"Feature","properties":{"kind":"building","name":null,"on_campus":false,"highway":null,"sport":null,"levels":null,"id":235383020},"geometry":{"type":"Polygon","coordinates":[[[-67.9,329.9],[-67.7,336.1],[-72.5,336.2],[-72.7,330.1],[-67.9,329.9]]]}},{"type":"Feature","properties":{"kind":"building","name":null,"on_campus":false,"highway":null,"sport":null,"levels":null,"id":235383022},"geometry":{"type":"Polygon","coordinates":[[[98.0,231.1],[103.3,229.0],[104.5,232.0],[99.2,234.2],[98.0,231.1]]]}},{"type":"Feature","properties":{"kind":"building","name":null,"on_campus":false,"highway":null,"sport":null,"levels":null,"id":235383023},"geometry":{"type":"Polygon","coordinates":[[[0.9,359.4],[7.9,356.3],[9.8,360.6],[2.8,363.6],[0.9,359.4]]]}},{"type":"Feature","properties":{"kind":"building","name":null,"on_campus":false,"highway":null,"sport":null,"levels":null,"id":235383025},"geometry":{"type":"Polygon","coordinates":[[[109.4,226.9],[115.0,224.6],[116.6,228.3],[111.0,230.6],[109.4,226.9]]]}},{"type":"Feature","properties":{"kind":"building","name":null,"on_campus":false,"highway":null,"sport":null,"levels":null,"id":235383030},"geometry":{"type":"Polygon","coordinates":[[[-49.6,184.4],[-49.6,178.4],[-40.1,178.4],[-40.1,184.4],[-49.6,184.4]]]}},{"type":"Feature","properties":{"kind":"building","name":null,"on_campus":false,"highway":null,"sport":null,"levels":null,"id":235383033},"geometry":{"type":"Polygon","coordinates":[[[80.7,327.6],[86.3,325.5],[87.7,329.1],[82.1,331.2],[80.7,327.6]]]}},{"type":"Feature","properties":{"kind":"building","name":null,"on_campus":false,"highway":null,"sport":null,"levels":null,"id":235383037},"geometry":{"type":"Polygon","coordinates":[[[-68.1,293.7],[-68.0,299.4],[-72.9,299.5],[-73.1,293.8],[-68.1,293.7]]]}},{"type":"Feature","properties":{"kind":"building","name":null,"on_campus":false,"highway":null,"sport":null,"levels":"1","id":235383039},"geometry":{"type":"Polygon","coordinates":[[[-139.9,273.8],[-146.4,273.8],[-146.5,269.6],[-139.9,269.5],[-139.9,273.8]]]}},{"type":"Feature","properties":{"kind":"building","name":null,"on_campus":false,"highway":null,"sport":null,"levels":null,"id":235383042},"geometry":{"type":"Polygon","coordinates":[[[114.1,322.1],[110.0,323.6],[107.9,317.7],[112.0,316.3],[114.1,322.1]]]}},{"type":"Feature","properties":{"kind":"building","name":null,"on_campus":false,"highway":null,"sport":null,"levels":null,"id":235383047},"geometry":{"type":"Polygon","coordinates":[[[146.0,220.4],[144.2,214.8],[147.8,213.6],[149.7,219.3],[146.0,220.4]]]}},{"type":"Feature","properties":{"kind":"building","name":null,"on_campus":false,"highway":null,"sport":null,"levels":null,"id":235383051},"geometry":{"type":"Polygon","coordinates":[[[-146.4,360.4],[-140.0,360.5],[-140.1,366.2],[-146.5,366.0],[-146.4,360.4]]]}},{"type":"Feature","properties":{"kind":"building","name":null,"on_campus":false,"highway":null,"sport":null,"levels":null,"id":235383054},"geometry":{"type":"Polygon","coordinates":[[[-1.3,90.8],[-1.3,87.9],[-1.4,85.2],[4.9,85.1],[4.9,90.7],[-1.3,90.8]]]}},{"type":"Feature","properties":{"kind":"building","name":"Strada 67 Apartments","on_campus":false,"highway":null,"sport":null,"levels":"4","id":235383065},"geometry":{"type":"Polygon","coordinates":[[[-271.4,8.2],[-271.4,5.0],[-270.1,5.0],[-270.1,3.8],[-271.3,3.8],[-271.4,-2.0],[-269.8,-2.0],[-269.8,-3.0],[-271.3,-3.0],[-271.4,-9.0],[-269.9,-9.0],[-269.9,-9.9],[-271.0,-9.8],[-271.1,-15.8],[-269.8,-15.8],[-269.9,-17.1],[-270.8,-17.1],[-270.9,-20.6],[-263.7,-20.7],[-263.7,-22.1],[-252.8,-22.2],[-252.7,-20.3],[-246.8,-20.4],[-246.7,-16.4],[-248.3,-16.4],[-248.3,-15.4],[-247.0,-15.4],[-246.9,-10.3],[-248.5,-10.3],[-248.5,-9.3],[-247.2,-9.3],[-247.1,-3.1],[-248.8,-3.0],[-248.8,-2.0],[-247.4,-2.0],[-247.3,3.8],[-248.6,3.8],[-248.6,4.5],[-247.1,4.5],[-247.4,8.1],[-271.4,8.2]]]}},{"type":"Feature","properties":{"kind":"building","name":"Roosevelt Apartments","on_campus":false,"highway":null,"sport":null,"levels":"6","id":235383070},"geometry":{"type":"Polygon","coordinates":[[[-170.2,-69.3],[-170.8,-43.0],[-173.9,-43.0],[-174.0,-41.1],[-181.1,-41.3],[-181.1,-42.6],[-188.4,-42.8],[-188.5,-41.1],[-195.6,-41.3],[-195.6,-42.6],[-199.4,-42.7],[-199.2,-51.7],[-199.9,-51.8],[-200.5,-51.2],[-203.3,-51.2],[-203.3,-51.7],[-204.2,-51.7],[-204.4,-41.1],[-209.9,-41.2],[-209.9,-42.3],[-214.2,-42.4],[-214.2,-40.7],[-218.9,-40.8],[-218.9,-42.1],[-219.9,-42.1],[-219.9,-42.6],[-223.6,-42.7],[-223.6,-40.7],[-228.6,-40.8],[-228.3,-52.5],[-230.0,-52.6],[-229.9,-58.7],[-228.5,-58.7],[-228.4,-64.5],[-229.6,-64.5],[-229.5,-67.3],[-228.2,-67.3],[-228.1,-71.1],[-215.8,-70.8],[-215.8,-72.3],[-210.4,-72.1],[-210.5,-68.7],[-209.4,-68.6],[-209.3,-69.3],[-206.1,-69.2],[-206.2,-63.9],[-202.2,-63.8],[-202.1,-65.1],[-195.5,-64.9],[-195.5,-64.0],[-188.1,-63.9],[-188.0,-65.2],[-181.4,-65.0],[-181.4,-64.1],[-177.8,-64.0],[-177.7,-70.7],[-174.3,-70.7],[-174.3,-69.4],[-170.2,-69.3]]]}},{"type":"Feature","properties":{"kind":"building","name":null,"on_campus":false,"highway":null,"sport":null,"levels":null,"id":235383074},"geometry":{"type":"Polygon","coordinates":[[[66.5,333.2],[73.2,330.9],[74.9,335.9],[73.1,336.5],[73.5,337.6],[68.6,339.2],[66.5,333.2]]]}},{"type":"Feature","properties":{"kind":"building","name":null,"on_campus":false,"highway":null,"sport":null,"levels":null,"id":235383077},"geometry":{"type":"Polygon","coordinates":[[[121.9,148.5],[121.7,163.6],[112.1,163.4],[112.3,150.3],[116.6,150.3],[116.7,148.4],[121.9,148.5]]]}},{"type":"Feature","properties":{"kind":"building","name":null,"on_campus":false,"highway":null,"sport":null,"levels":null,"id":235383094},"geometry":{"type":"Polygon","coordinates":[[[40.2,352.8],[37.5,346.5],[43.7,343.9],[46.2,349.7],[43.4,350.9],[43.6,351.3],[40.2,352.8]]]}},{"type":"Feature","properties":{"kind":"building","name":null,"on_campus":false,"highway":null,"sport":null,"levels":null,"id":235383099},"geometry":{"type":"Polygon","coordinates":[[[-68.9,141.9],[-53.1,141.8],[-53.1,172.7],[-63.5,172.8],[-63.5,165.4],[-66.1,165.4],[-66.1,159.9],[-68.9,159.9],[-68.9,141.9]]]}},{"type":"Feature","properties":{"kind":"building","name":null,"on_campus":false,"highway":null,"sport":null,"levels":"1","id":235383104},"geometry":{"type":"Polygon","coordinates":[[[-244.8,232.6],[-244.8,245.8],[-253.0,245.8],[-253.0,244.8],[-265.0,244.8],[-264.9,235.1],[-263.7,235.1],[-263.7,232.6],[-244.8,232.6]]]}},{"type":"Feature","properties":{"kind":"building","name":null,"on_campus":false,"highway":null,"sport":null,"levels":"2","id":235383105},"geometry":{"type":"Polygon","coordinates":[[[-36.9,294.1],[-23.4,294.1],[-23.3,295.4],[-21.5,295.4],[-21.5,302.4],[-23.4,302.4],[-23.4,303.5],[-36.9,303.5],[-36.9,294.1]]]}},{"type":"Feature","properties":{"kind":"building","name":null,"on_campus":false,"highway":null,"sport":null,"levels":"1","id":235383108},"geometry":{"type":"Polygon","coordinates":[[[-245.3,360.5],[-264.9,360.1],[-264.8,356.6],[-274.3,356.4],[-274.0,346.3],[-264.6,346.5],[-264.5,341.8],[-244.9,342.3],[-245.3,360.5]]]}},{"type":"Feature","properties":{"kind":"building","name":null,"on_campus":false,"highway":null,"sport":null,"levels":null,"id":235383111},"geometry":{"type":"Polygon","coordinates":[[[-49.3,274.8],[-49.0,264.6],[-44.6,264.7],[-44.6,263.7],[-43.1,263.7],[-43.2,269.1],[-41.3,269.1],[-41.5,275.0],[-49.3,274.8]]]}},{"type":"Feature","properties":{"kind":"building","name":null,"on_campus":false,"highway":null,"sport":null,"levels":"1","id":235383113},"geometry":{"type":"Polygon","coordinates":[[[-252.7,360.8],[-252.7,361.4],[-244.9,361.5],[-245.0,369.9],[-267.3,369.6],[-267.3,372.0],[-283.2,371.9],[-283.1,359.8],[-267.4,359.8],[-267.4,360.3],[-267.4,360.5],[-252.7,360.8]]]}},{"type":"Feature","properties":{"kind":"building","name":null,"on_campus":false,"highway":null,"sport":null,"levels":null,"id":235383117},"geometry":{"type":"Polygon","coordinates":[[[-35.3,100.1],[-51.5,100.1],[-51.5,93.7],[-50.0,93.7],[-50.0,90.4],[-37.6,90.4],[-37.6,93.4],[-35.3,93.4],[-35.3,100.1]]]}},{"type":"Feature","properties":{"kind":"building","name":null,"on_campus":false,"highway":null,"sport":null,"levels":null,"id":235383120},"geometry":{"type":"Polygon","coordinates":[[[-135.8,269.9],[-121.4,269.7],[-121.3,278.3],[-124.2,278.3],[-124.2,281.1],[-128.5,281.1],[-128.6,278.7],[-135.7,278.8],[-135.8,269.9]]]}},{"type":"Feature","properties":{"kind":"building","name":null,"on_campus":false,"highway":null,"sport":null,"levels":null,"id":235383121},"geometry":{"type":"Polygon","coordinates":[[[9.7,324.8],[16.1,341.7],[8.4,344.6],[8.6,345.4],[5.3,346.6],[3.1,341.0],[4.4,340.6],[-0.2,328.6],[9.7,324.8]]]}},{"type":"Feature","properties":{"kind":"building","name":"Seattle Lakeview Central Office","on_campus":false,"highway":null,"sport":null,"levels":"4","id":235383122},"geometry":{"type":"Polygon","coordinates":[[[-68.4,211.8],[-97.1,211.8],[-97.2,178.4],[-96.2,178.4],[-96.2,161.1],[-77.2,161.1],[-77.2,179.0],[-68.5,179.0],[-68.4,211.8]]]}},{"type":"Feature","properties":{"kind":"building","name":null,"on_campus":false,"highway":null,"sport":null,"levels":null,"id":235383126},"geometry":{"type":"Polygon","coordinates":[[[-269.6,116.5],[-269.0,89.7],[-245.7,89.7],[-245.4,100.6],[-257.7,100.6],[-258.3,120.0],[-265.8,120.0],[-267.2,119.2],[-268.5,118.1],[-269.6,116.5]]]}},{"type":"Feature","properties":{"kind":"road","name":null,"on_campus":false,"highway":"service","sport":null,"levels":null,"id":235383128},"geometry":{"type":"LineString","coordinates":[[-144.0,205.4],[-129.1,205.5],[-128.7,169.8],[-143.8,169.9]]}},{"type":"Feature","properties":{"kind":"road","name":"Roosevelt Way Northeast","on_campus":false,"highway":"primary","sport":null,"levels":null,"id":257828747},"geometry":{"type":"LineString","coordinates":[[-236.6,130.7],[-236.4,141.6],[-236.2,165.9],[-235.7,215.5],[-235.6,223.4],[-235.6,231.9],[-235.2,306.9],[-235.1,315.1],[-235.0,322.8],[-234.8,353.3],[-234.4,388.4],[-234.3,397.5],[-234.2,404.5],[-234.3,415.0],[-234.6,456.4],[-234.8,472.2],[-234.8,479.5],[-234.8,486.1],[-235.0,500.5],[-235.1,511.4],[-235.1,516.8],[-235.3,524.2]]}},{"type":"Feature","properties":{"kind":"road","name":"Northeast 65th Street","on_campus":false,"highway":"secondary","sport":null,"levels":null,"id":257835680},"geometry":{"type":"LineString","coordinates":[[171.1,134.4],[180.3,134.3],[211.6,134.1],[238.9,133.9],[245.4,133.8],[251.9,133.7],[258.5,133.6],[291.6,133.4],[332.2,133.1]]}},{"type":"Feature","properties":{"kind":"road","name":"Northeast 66th Street","on_campus":false,"highway":"residential","sport":null,"levels":null,"id":261636797},"geometry":{"type":"LineString","coordinates":[[170.4,54.3],[158.1,54.4],[112.4,53.7],[89.6,53.7],[81.0,53.7],[70.6,53.6],[2.0,53.1],[-10.1,53.1],[-20.3,49.7],[-28.5,47.1],[-98.1,46.9],[-99.7,46.9],[-110.2,46.9]]}},{"type":"Feature","properties":{"kind":"building","name":"Rooster Apartments","on_campus":false,"highway":null,"sport":null,"levels":null,"id":296726067},"geometry":{"type":"Polygon","coordinates":[[[-324.1,58.2],[-324.5,91.6],[-333.9,91.5],[-334.1,116.8],[-282.5,117.3],[-281.9,58.6],[-324.1,58.2]]]}},{"type":"Feature","properties":{"kind":"building","name":"Kavela","on_campus":false,"highway":null,"sport":null,"levels":"6","id":296726068},"geometry":{"type":"Polygon","coordinates":[[[-279.0,59.5],[-246.0,59.5],[-246.0,88.3],[-279.0,88.4],[-279.0,59.5]]]}},{"type":"Feature","properties":{"kind":"parking","name":null,"on_campus":false,"highway":null,"sport":null,"levels":null,"id":297392100},"geometry":{"type":"Polygon","coordinates":[[[-227.5,380.5],[-227.6,396.9],[-197.3,397.1],[-197.2,380.7],[-227.5,380.5]]]}},{"type":"Feature","properties":{"kind":"road","name":null,"on_campus":false,"highway":"service","sport":null,"levels":null,"id":297392101},"geometry":{"type":"LineString","coordinates":[[-200.4,388.5],[-227.1,388.4]]}},{"type":"Feature","properties":{"kind":"road","name":null,"on_campus":false,"highway":"service","sport":null,"levels":null,"id":336012448},"geometry":{"type":"LineString","coordinates":[[-207.5,223.3],[-207.5,216.4],[-207.5,215.0]]}},{"type":"Feature","properties":{"kind":"road","name":null,"on_campus":false,"highway":"service","sport":null,"levels":null,"id":336012449},"geometry":{"type":"LineString","coordinates":[[-187.9,223.2],[-188.0,216.4],[-188.0,214.9]]}},{"type":"Feature","properties":{"kind":"road","name":null,"on_campus":false,"highway":"service","sport":null,"levels":null,"id":336012450},"geometry":{"type":"LineString","coordinates":[[-151.8,346.8],[-143.2,346.8]]}},{"type":"Feature","properties":{"kind":"road","name":null,"on_campus":false,"highway":"service","sport":null,"levels":null,"id":336012454},"geometry":{"type":"LineString","coordinates":[[-144.0,205.4],[-151.0,205.4],[-152.4,205.1],[-153.7,204.5],[-156.1,202.5],[-159.2,198.7],[-161.5,195.1],[-162.3,193.4],[-162.6,191.6],[-162.4,175.4],[-162.2,172.8],[-161.8,171.8],[-160.7,170.7],[-159.3,169.3],[-157.8,168.1],[-156.2,167.0],[-144.6,159.3],[-142.1,157.9]]}},{"type":"Feature","properties":{"kind":"road","name":null,"on_campus":false,"highway":"service","sport":null,"levels":null,"id":336013945},"geometry":{"type":"LineString","coordinates":[[-259.0,-173.8],[-298.3,-174.4],[-355.8,-175.4]]}},{"type":"Feature","properties":{"kind":"road","name":null,"on_campus":false,"highway":"service","sport":null,"levels":null,"id":336013946},"geometry":{"type":"LineString","coordinates":[[-259.8,-130.2],[-259.6,-140.7],[-259.4,-152.4],[-259.2,-163.4],[-259.0,-173.8]]}},{"type":"Feature","properties":{"kind":"parking","name":null,"on_campus":false,"highway":null,"sport":null,"levels":null,"id":336014054},"geometry":{"type":"Polygon","coordinates":[[[-68.5,235.4],[-68.4,268.0],[-99.5,268.1],[-99.7,235.6],[-68.5,235.4]]]}},{"type":"Feature","properties":{"kind":"road","name":null,"on_campus":false,"highway":"service","sport":null,"levels":null,"id":336014055},"geometry":{"type":"LineString","coordinates":[[-93.6,259.0],[-71.6,258.9],[-71.6,245.4],[-93.6,245.5]]}},{"type":"Feature","properties":{"kind":"parking","name":null,"on_campus":false,"highway":null,"sport":null,"levels":null,"id":337700229},"geometry":{"type":"Polygon","coordinates":[[[-282.3,383.2],[-263.4,383.8],[-263.1,396.7],[-282.7,396.4],[-282.3,383.2]]]}},{"type":"Feature","properties":{"kind":"road","name":null,"on_campus":false,"highway":"service","sport":null,"levels":null,"id":337700230},"geometry":{"type":"LineString","coordinates":[[-273.6,396.9],[-273.6,385.3]]}},{"type":"Feature","properties":{"kind":"road","name":null,"on_campus":false,"highway":"service","sport":null,"levels":null,"id":383824729},"geometry":{"type":"LineString","coordinates":[[-66.7,358.6],[-67.9,359.1],[-68.0,381.3]]}},{"type":"Feature","properties":{"kind":"road","name":null,"on_campus":false,"highway":"service","sport":null,"levels":null,"id":383824730},"geometry":{"type":"LineString","coordinates":[[-151.0,257.4],[-151.0,269.8]]}},{"type":"Feature","properties":{"kind":"building","name":"Square One","on_campus":false,"highway":null,"sport":null,"levels":"6","id":383824732},"geometry":{"type":"Polygon","coordinates":[[[-192.0,272.1],[-177.1,272.1],[-177.1,273.0],[-167.7,273.0],[-167.7,272.1],[-152.7,272.1],[-152.7,284.4],[-155.7,284.4],[-155.7,293.8],[-153.6,293.8],[-153.7,304.6],[-177.0,304.5],[-177.0,305.5],[-191.9,305.4],[-191.9,293.4],[-189.0,293.4],[-188.9,284.3],[-192.0,284.2],[-192.0,280.2],[-192.0,272.1]]]}},{"type":"Feature","properties":{"kind":"road","name":null,"on_campus":false,"highway":"service","sport":null,"levels":null,"id":383824734},"geometry":{"type":"LineString","coordinates":[[-284.2,174.4],[-263.6,174.3]]}},{"type":"Feature","properties":{"kind":"road","name":null,"on_campus":false,"highway":"footway","sport":null,"levels":null,"id":391300933},"geometry":{"type":"LineString","coordinates":[[-169.0,165.8],[-176.4,158.4],[-177.9,158.7],[-182.1,154.5],[-187.1,149.5]]}},{"type":"Feature","properties":{"kind":"road","name":null,"on_campus":false,"highway":"steps","sport":null,"levels":null,"id":391300934},"geometry":{"type":"LineString","coordinates":[[-187.0,142.0],[-187.1,149.5]]}},{"type":"Feature","properties":{"kind":"road","name":null,"on_campus":false,"highway":"service","sport":null,"levels":null,"id":393330415},"geometry":{"type":"LineString","coordinates":[[-284.0,244.9],[-267.7,244.9]]}},{"type":"Feature","properties":{"kind":"parking","name":null,"on_campus":false,"highway":null,"sport":null,"levels":null,"id":393330416},"geometry":{"type":"Polygon","coordinates":[[[-279.6,237.7],[-279.4,255.7],[-266.0,255.6],[-266.2,237.5],[-279.6,237.7]]]}},{"type":"Feature","properties":{"kind":"road","name":null,"on_campus":false,"highway":"service","sport":null,"levels":null,"id":393330417},"geometry":{"type":"LineString","coordinates":[[-284.3,379.4],[-270.5,379.1]]}},{"type":"Feature","properties":{"kind":"building","name":null,"on_campus":false,"highway":null,"sport":null,"levels":null,"id":397024838},"geometry":{"type":"Polygon","coordinates":[[[187.7,-37.7],[187.8,-30.9],[178.1,-30.8],[178.0,-37.6],[180.7,-37.6],[187.7,-37.7]]]}},{"type":"Feature","properties":{"kind":"road","name":null,"on_campus":false,"highway":"service","sport":null,"levels":null,"id":406491050},"geometry":{"type":"LineString","coordinates":[[-276.8,-32.4],[-276.8,-23.8],[-276.9,2.9],[-276.9,41.6],[-277.0,49.6]]}},{"type":"Feature","properties":{"kind":"road","name":null,"on_campus":false,"highway":"service","sport":null,"levels":null,"id":406491053},"geometry":{"type":"LineString","coordinates":[[-276.9,2.9],[-303.7,2.7]]}},{"type":"Feature","properties":{"kind":"parking","name":null,"on_campus":false,"highway":null,"sport":null,"levels":null,"id":406491054},"geometry":{"type":"Polygon","coordinates":[[[-286.1,-20.6],[-286.1,-8.7],[-289.6,-8.8],[-289.6,-3.2],[-306.5,-3.3],[-306.6,6.2],[-272.0,6.3],[-271.9,-20.5],[-286.1,-20.6]]]}},{"type":"Feature","properties":{"kind":"road","name":null,"on_campus":false,"highway":"service","sport":null,"levels":null,"id":406632994},"geometry":{"type":"LineString","coordinates":[[-195.1,353.4],[-227.9,353.4],[-234.8,353.3]]}},{"type":"Feature","properties":{"kind":"parking","name":null,"on_campus":false,"highway":null,"sport":null,"levels":null,"id":406632995},"geometry":{"type":"Polygon","coordinates":[[[-226.2,348.9],[-226.1,360.9],[-195.3,360.8],[-195.3,348.8],[-226.2,348.9]]]}},{"type":"Feature","properties":{"kind":"road","name":null,"on_campus":false,"highway":"service","sport":null,"levels":null,"id":406632996},"geometry":{"type":"LineString","coordinates":[[-61.6,222.7],[-61.6,216.3],[-61.9,180.5],[-52.1,180.6]]}},{"type":"Feature","properties":{"kind":"road","name":null,"on_campus":false,"highway":"service","sport":null,"levels":null,"id":406632997},"geometry":{"type":"LineString","coordinates":[[-61.9,180.5],[-67.4,176.1],[-67.5,170.1],[-74.8,170.0]]}},{"type":"Feature","properties":{"kind":"parking","name":null,"on_campus":false,"highway":null,"sport":null,"levels":null,"id":406632998},"geometry":{"type":"Polygon","coordinates":[[[-76.1,159.9],[-76.1,177.9],[-68.5,177.9],[-68.4,211.8],[-53.0,211.7],[-53.1,172.7],[-63.5,172.8],[-63.5,165.4],[-66.1,165.4],[-66.1,159.9],[-68.9,159.9],[-76.1,159.9]]]}},{"type":"Feature","properties":{"kind":"parking","name":null,"on_campus":false,"highway":null,"sport":null,"levels":null,"id":406632999},"geometry":{"type":"Polygon","coordinates":[[[-50.4,142.3],[-42.9,142.3],[-42.9,147.3],[-42.9,153.9],[-50.4,154.0],[-50.4,142.3]]]}},{"type":"Feature","properties":{"kind":"road","name":"Northeast 62nd Street","on_campus":false,"highway":"residential","sport":null,"levels":null,"id":410665025},"geometry":{"type":"LineString","coordinates":[[171.9,334.7],[166.0,337.1],[159.8,339.5],[156.5,340.8],[-0.8,402.1],[-1.8,402.5]]}},{"type":"Feature","properties":{"kind":"road","name":"12th Avenue Northeast","on_campus":false,"highway":"primary","sport":null,"levels":null,"id":428081816},"geometry":{"type":"LineString","coordinates":[[-107.6,463.8],[-107.6,413.2],[-107.6,404.8],[-107.5,398.2],[-107.5,349.8],[-107.4,321.3],[-107.4,314.8],[-107.4,308.1],[-107.4,259.0],[-107.4,245.5],[-107.3,242.6],[-107.3,232.0],[-107.3,222.9]]}},{"type":"Feature","properties":{"kind":"road","name":"12th Avenue Northeast","on_campus":false,"highway":"primary","sport":null,"levels":null,"id":428081817},"geometry":{"type":"LineString","coordinates":[[-108.5,174.0],[-108.6,157.8]]}},{"type":"Feature","properties":{"kind":"road","name":"Roosevelt Way Northeast","on_campus":false,"highway":"primary","sport":null,"levels":null,"id":428081820},"geometry":{"type":"LineString","coordinates":[[-236.9,92.0],[-236.6,119.1],[-236.6,130.7]]}},{"type":"Feature","properties":{"kind":"road","name":"Roosevelt Way Northeast","on_campus":false,"highway":"primary","sport":null,"levels":null,"id":428081824},"geometry":{"type":"LineString","coordinates":[[-242.2,-502.7],[-242.2,-495.8],[-241.9,-426.2],[-241.7,-385.4],[-241.6,-349.8],[-240.0,-281.4],[-239.9,-272.9],[-239.6,-262.9],[-238.2,-197.0],[-238.1,-193.0],[-238.0,-184.5],[-238.1,-168.9],[-238.1,-152.0],[-238.2,-120.1],[-238.2,-111.8],[-238.2,-104.5],[-237.9,-40.2],[-236.7,-32.0]]}},{"type":"Feature","properties":{"kind":"road","name":"Northeast 65th Street","on_campus":false,"highway":"secondary","sport":null,"levels":null,"id":428082496},"geometry":{"type":"LineString","coordinates":[[-397.4,128.6],[-390.5,128.8],[-387.3,128.8],[-370.2,129.0],[-361.3,129.1],[-341.1,129.2],[-335.9,129.3],[-284.5,129.9],[-277.3,130.0],[-272.2,130.1]]}},{"type":"Feature","properties":{"kind":"road","name":"Northeast 65th Street","on_campus":false,"highway":"secondary","sport":null,"levels":null,"id":428082497},"geometry":{"type":"LineString","coordinates":[[-236.6,130.7],[-228.2,130.7],[-208.8,130.7],[-190.3,130.8]]}},{"type":"Feature","properties":{"kind":"road","name":"Northeast 65th Street","on_campus":false,"highway":"secondary","sport":null,"levels":null,"id":428082498},"geometry":{"type":"LineString","coordinates":[[-190.3,130.8],[-173.3,130.8],[-142.6,130.8]]}},{"type":"Feature","properties":{"kind":"road","name":"Northeast 65th Street","on_campus":false,"highway":"secondary","sport":null,"levels":null,"id":428082499},"geometry":{"type":"LineString","coordinates":[[-142.6,130.8],[-139.3,130.8],[-116.8,130.9],[-108.9,130.9]]}},{"type":"Feature","properties":{"kind":"road","name":null,"on_campus":false,"highway":"cycleway","sport":null,"levels":null,"id":440692031},"geometry":{"type":"LineString","coordinates":[[-242.0,130.5],[-241.9,141.5],[-241.5,152.5],[-241.5,155.2],[-241.5,156.1],[-241.5,157.0],[-241.5,165.1],[-241.5,166.0],[-241.5,166.9],[-241.5,170.4],[-239.9,206.5],[-239.8,215.2],[-239.7,223.4],[-239.6,232.0],[-239.6,242.1],[-241.2,254.4],[-241.2,306.4],[-241.2,308.2]]}},{"type":"Feature","properties":{"kind":"building","name":null,"on_campus":false,"highway":null,"sport":null,"levels":null,"id":499165359},"geometry":{"type":"Polygon","coordinates":[[[-68.9,159.9],[-76.1,159.9],[-83.9,159.9],[-83.9,141.9],[-68.9,141.9],[-68.9,159.9]]]}},{"type":"Feature","properties":{"kind":"building","name":null,"on_campus":false,"highway":null,"sport":null,"levels":null,"id":499165360},"geometry":{"type":"Polygon","coordinates":[[[-83.9,159.9],[-99.1,159.9],[-99.1,141.9],[-83.9,141.9],[-83.9,159.9]]]}},{"type":"Feature","properties":{"kind":"road","name":"15th Avenue Northeast","on_campus":false,"highway":"secondary","sport":null,"levels":null,"id":537705998},"geometry":{"type":"LineString","coordinates":[[171.1,134.4],[171.1,126.1],[170.8,99.6],[170.4,54.3]]}},{"type":"Feature","properties":{"kind":"building","name":"Portable 1/2","on_campus":true,"highway":null,"sport":null,"levels":"1","id":548834534},"geometry":{"type":"Polygon","coordinates":[[[-32.4,-64.2],[-52.2,-63.9],[-52.3,-72.8],[-32.5,-73.1],[-32.4,-64.2]]]}},{"type":"Feature","properties":{"kind":"building","name":"Portable 3/4","on_campus":true,"highway":null,"sport":null,"levels":null,"id":548834537},"geometry":{"type":"Polygon","coordinates":[[[-32.3,-61.4],[-32.2,-52.6],[-52.9,-52.3],[-53.0,-61.1],[-32.3,-61.4]]]}},{"type":"Feature","properties":{"kind":"road","name":"Northeast 68th Street","on_campus":false,"highway":"residential","sport":null,"levels":null,"id":559662243},"geometry":{"type":"LineString","coordinates":[[-112.3,-114.2],[-102.0,-114.2],[92.8,-114.4],[156.9,-114.5],[159.1,-114.5],[168.0,-114.5]]}},{"type":"Feature","properties":{"kind":"road","name":null,"on_campus":false,"highway":"service","sport":null,"levels":null,"id":565125014},"geometry":{"type":"LineString","coordinates":[[-208.5,-272.6],[-208.5,-279.5],[-208.4,-309.0]]}},{"type":"Feature","properties":{"kind":"road","name":null,"on_campus":false,"highway":"service","sport":null,"levels":null,"id":565125017},"geometry":{"type":"LineString","coordinates":[[-216.4,-112.5],[-216.3,-105.0],[-216.0,-76.7]]}},{"type":"Feature","properties":{"kind":"road","name":null,"on_campus":false,"highway":"service","sport":null,"levels":null,"id":565125019},"geometry":{"type":"LineString","coordinates":[[-277.3,130.0],[-277.3,121.4],[-277.4,93.4]]}},{"type":"Feature","properties":{"kind":"road","name":null,"on_campus":false,"highway":"service","sport":null,"levels":null,"id":565125021},"geometry":{"type":"LineString","coordinates":[[-142.1,157.9],[-143.8,169.9],[-144.0,205.4]]}},{"type":"Feature","properties":{"kind":"road","name":null,"on_campus":false,"highway":"service","sport":null,"levels":null,"id":565125063},"geometry":{"type":"LineString","coordinates":[[136.6,146.1],[136.6,162.1]]}},{"type":"Feature","properties":{"kind":"road","name":"12th Avenue Northeast","on_campus":false,"highway":"primary","sport":null,"levels":null,"id":576981148},"geometry":{"type":"LineString","coordinates":[[-108.6,157.8],[-108.7,141.0],[-108.9,130.9]]}},{"type":"Feature","properties":{"kind":"road","name":null,"on_campus":false,"highway":"footway","sport":null,"levels":null,"id":594851346},"geometry":{"type":"LineString","coordinates":[[170.7,384.7],[172.9,399.4]]}},{"type":"Feature","properties":{"kind":"road","name":null,"on_campus":false,"highway":"steps","sport":null,"levels":null,"id":594851347},"geometry":{"type":"LineString","coordinates":[[267.3,369.1],[264.6,364.4],[261.2,364.2]]}},{"type":"Feature","properties":{"kind":"road","name":null,"on_campus":false,"highway":"steps","sport":null,"levels":null,"id":594857170},"geometry":{"type":"LineString","coordinates":[[223.4,396.5],[215.0,403.5]]}},{"type":"Feature","properties":{"kind":"building","name":"Lucille on Roosevelt","on_campus":false,"highway":null,"sport":null,"levels":null,"id":600009043},"geometry":{"type":"Polygon","coordinates":[[[-289.6,-102.6],[-289.5,-85.2],[-291.3,-85.2],[-291.3,-73.3],[-249.7,-73.3],[-249.7,-102.7],[-289.6,-102.6]]]}},{"type":"Feature","properties":{"kind":"building","name":"Roosevelt Station Apartments","on_campus":false,"highway":null,"sport":null,"levels":null,"id":600009045},"geometry":{"type":"Polygon","coordinates":[[[-230.0,-183.7],[-229.4,-140.4],[-229.1,-123.1],[-196.5,-123.5],[-196.5,-125.6],[-195.5,-125.6],[-195.9,-152.5],[-207.9,-152.4],[-208.3,-181.9],[-213.8,-181.9],[-213.8,-183.0],[-219.9,-182.9],[-219.9,-183.8],[-230.0,-183.7]]]}},{"type":"Feature","properties":{"kind":"building","name":null,"on_campus":false,"highway":null,"sport":null,"levels":null,"id":600009675},"geometry":{"type":"Polygon","coordinates":[[[150.9,235.5],[147.5,236.8],[147.1,235.8],[141.6,237.8],[137.0,225.9],[143.8,223.4],[144.9,226.3],[147.0,225.5],[150.9,235.5]]]}},{"type":"Feature","properties":{"kind":"building","name":null,"on_campus":false,"highway":null,"sport":null,"levels":null,"id":600009676},"geometry":{"type":"Polygon","coordinates":[[[141.5,194.9],[142.2,194.9],[142.2,197.2],[141.5,197.2],[141.5,202.1],[142.2,202.1],[142.2,205.3],[141.5,205.3],[141.5,206.5],[132.5,206.5],[132.5,193.6],[141.5,193.6],[141.5,194.9]]]}},{"type":"Feature","properties":{"kind":"building","name":null,"on_campus":false,"highway":null,"sport":null,"levels":null,"id":600009677},"geometry":{"type":"Polygon","coordinates":[[[149.4,175.4],[149.4,166.8],[160.2,166.8],[160.2,179.4],[156.9,179.4],[156.9,181.2],[153.1,181.2],[153.1,179.4],[149.4,179.4],[149.4,178.7],[148.8,178.7],[148.8,175.4],[149.4,175.4]]]}},{"type":"Feature","properties":{"kind":"building","name":null,"on_campus":false,"highway":null,"sport":null,"levels":null,"id":600009678},"geometry":{"type":"Polygon","coordinates":[[[143.1,176.2],[138.2,176.2],[138.2,176.9],[135.6,176.9],[135.6,176.2],[134.3,176.2],[134.3,167.3],[147.1,167.3],[147.1,176.2],[146.5,176.2],[146.5,176.9],[143.1,176.9],[143.1,176.2]]]}},{"type":"Feature","properties":{"kind":"building","name":null,"on_campus":false,"highway":null,"sport":null,"levels":null,"id":600009679},"geometry":{"type":"Polygon","coordinates":[[[134.6,188.6],[137.7,188.5],[137.8,190.3],[144.8,190.1],[144.8,188.7],[148.3,188.6],[148.2,184.4],[148.8,184.4],[148.7,182.1],[148.2,182.1],[148.1,178.7],[146.4,178.8],[146.4,178.1],[142.8,178.2],[142.8,178.5],[134.3,178.7],[134.6,188.6]]]}},{"type":"Feature","properties":{"kind":"building","name":"Dwell Roosevelt","on_campus":false,"highway":null,"sport":null,"levels":null,"id":600101706},"geometry":{"type":"Polygon","coordinates":[[[-147.0,90.9],[-147.0,105.4],[-145.1,105.4],[-145.1,112.7],[-147.0,112.7],[-147.0,118.2],[-150.0,118.2],[-150.0,116.3],[-152.5,116.3],[-152.5,118.2],[-154.9,118.2],[-154.9,116.3],[-158.0,116.3],[-158.0,118.2],[-161.6,118.2],[-161.6,112.7],[-161.6,111.8],[-165.3,111.8],[-165.3,112.7],[-165.3,118.2],[-168.9,118.2],[-168.9,116.3],[-172.0,116.3],[-172.0,118.2],[-174.4,118.2],[-174.4,116.3],[-176.8,116.3],[-176.8,118.2],[-179.9,118.2],[-179.9,112.7],[-181.7,112.7],[-181.7,105.4],[-179.9,105.4],[-179.9,90.9],[-170.7,90.9],[-167.1,91.5],[-167.1,92.4],[-165.9,92.4],[-165.9,90.9],[-161.3,90.9],[-161.3,92.4],[-160.1,92.4],[-160.1,91.5],[-156.1,90.9],[-147.0,90.9]]]}},{"type":"Feature","properties":{"kind":"building","name":null,"on_campus":false,"highway":null,"sport":null,"levels":null,"id":600101707},"geometry":{"type":"Polygon","coordinates":[[[-200.0,118.2],[-200.0,108.8],[-200.0,99.7],[-181.7,99.7],[-181.7,105.4],[-181.7,112.7],[-181.7,118.2],[-200.0,118.2]]]}},{"type":"Feature","properties":{"kind":"building","name":null,"on_campus":false,"highway":null,"sport":null,"levels":null,"id":600101710},"geometry":{"type":"Polygon","coordinates":[[[-201.8,101.8],[-201.8,108.8],[-200.0,108.8],[-200.0,118.2],[-227.4,118.2],[-227.4,101.8],[-201.8,101.8]]]}},{"type":"Feature","properties":{"kind":"building","name":null,"on_campus":false,"highway":null,"sport":null,"levels":null,"id":600101711},"geometry":{"type":"Polygon","coordinates":[[[-227.4,87.3],[-204.9,87.3],[-204.9,95.8],[-200.9,95.8],[-200.9,101.8],[-201.8,101.8],[-227.4,101.8],[-227.4,87.3]]]}},{"type":"Feature","properties":{"kind":"building","name":null,"on_campus":false,"highway":null,"sport":null,"levels":null,"id":600101712},"geometry":{"type":"Polygon","coordinates":[[[-197.0,69.4],[-197.0,87.3],[-204.9,87.3],[-227.4,87.3],[-227.4,84.3],[-227.4,78.4],[-227.4,72.4],[-227.4,69.4],[-197.0,69.4]]]}},{"type":"Feature","properties":{"kind":"building","name":null,"on_campus":false,"highway":null,"sport":null,"levels":null,"id":600101713},"geometry":{"type":"Polygon","coordinates":[[[-227.4,56.1],[-197.0,56.1],[-197.0,69.4],[-227.4,69.4],[-227.4,62.8],[-227.4,56.1]]]}},{"type":"Feature","properties":{"kind":"building","name":null,"on_campus":false,"highway":null,"sport":null,"levels":null,"id":600101714},"geometry":{"type":"Polygon","coordinates":[[[-180.9,77.8],[-182.3,77.8],[-182.3,70.8],[-180.9,70.8],[-180.9,69.2],[-182.3,69.2],[-182.3,64.9],[-180.9,64.9],[-180.9,56.2],[-165.3,56.2],[-165.3,63.0],[-164.4,63.0],[-164.4,69.1],[-165.3,69.1],[-165.3,72.5],[-164.4,72.5],[-164.4,77.0],[-165.3,77.0],[-165.3,86.7],[-180.9,86.7],[-180.9,77.8]]]}},{"type":"Feature","properties":{"kind":"building","name":"Swedish Primary Care","on_campus":false,"highway":null,"sport":null,"levels":null,"id":600101715},"geometry":{"type":"Polygon","coordinates":[[[-227.2,244.7],[-227.2,232.2],[-196.4,232.3],[-196.4,244.8],[-203.1,244.8],[-227.2,244.7]]]}},{"type":"Feature","properties":{"kind":"building","name":null,"on_campus":false,"highway":null,"sport":null,"levels":null,"id":600101716},"geometry":{"type":"Polygon","coordinates":[[[-227.2,248.7],[-227.2,244.7],[-203.1,244.8],[-203.1,246.8],[-203.1,248.8],[-197.9,248.8],[-198.0,262.8],[-227.3,262.7],[-227.2,248.7]]]}},{"type":"Feature","properties":{"kind":"building","name":null,"on_campus":false,"highway":null,"sport":null,"levels":null,"id":600101717},"geometry":{"type":"Polygon","coordinates":[[[-227.4,280.7],[-227.3,262.7],[-198.0,262.8],[-196.3,262.8],[-196.3,280.9],[-227.4,280.7]]]}},{"type":"Feature","properties":{"kind":"building","name":null,"on_campus":false,"highway":null,"sport":null,"levels":"1","id":600101718},"geometry":{"type":"Polygon","coordinates":[[[-196.4,292.8],[-227.4,292.7],[-227.4,280.7],[-196.3,280.9],[-196.4,292.8]]]}},{"type":"Feature","properties":{"kind":"building","name":null,"on_campus":false,"highway":null,"sport":null,"levels":"2","id":600101719},"geometry":{"type":"Polygon","coordinates":[[[-227.4,292.7],[-196.4,292.8],[-196.5,305.1],[-227.5,304.9],[-227.4,299.0],[-227.4,292.7]]]}},{"type":"Feature","properties":{"kind":"road","name":"15th Avenue Northeast","on_campus":false,"highway":"secondary","sport":null,"levels":null,"id":621283279},"geometry":{"type":"LineString","coordinates":[[171.6,184.2],[171.5,174.7],[171.3,144.0],[171.1,134.4]]}},{"type":"Feature","properties":{"kind":"road","name":"Northeast 65th Street","on_campus":false,"highway":"secondary","sport":null,"levels":null,"id":621283281},"geometry":{"type":"LineString","coordinates":[[20.9,132.8],[35.5,133.1],[73.9,133.5],[75.6,133.5],[81.3,133.6],[115.6,134.0],[126.1,134.0],[129.3,134.0]]}},{"type":"Feature","properties":{"kind":"road","name":"Northeast 63rd Street","on_campus":false,"highway":"residential","sport":null,"levels":null,"id":630116747},"geometry":{"type":"LineString","coordinates":[[252.2,248.3],[258.0,248.3],[291.8,248.0],[322.2,251.9]]}},{"type":"Feature","properties":{"kind":"building","name":null,"on_campus":false,"highway":null,"sport":null,"levels":null,"id":697664559},"geometry":{"type":"Polygon","coordinates":[[[298.2,230.3],[298.7,239.2],[294.2,239.0],[294.0,230.3],[298.2,230.3]]]}},{"type":"Feature","properties":{"kind":"road","name":null,"on_campus":false,"highway":"footway","sport":null,"levels":null,"id":712311679},"geometry":{"type":"LineString","coordinates":[[179.4,350.1],[179.4,347.8],[179.6,346.2],[180.2,344.9],[181.5,343.8],[183.5,343.0]]}},{"type":"Feature","properties":{"kind":"road","name":null,"on_campus":false,"highway":"footway","sport":null,"levels":null,"id":712318152},"geometry":{"type":"LineString","coordinates":[[160.1,346.0],[161.4,345.9],[162.7,346.4],[163.7,347.3],[164.2,348.4],[164.3,349.9]]}},{"type":"Feature","properties":{"kind":"building","name":null,"on_campus":false,"highway":null,"sport":null,"levels":"7","id":730994609},"geometry":{"type":"Polygon","coordinates":[[[91.4,120.8],[94.1,94.4],[95.6,91.0],[96.0,63.5],[122.2,64.9],[122.4,72.0],[123.6,72.2],[123.1,91.1],[125.3,92.9],[122.7,117.7],[120.5,119.6],[120.3,122.1],[91.4,120.8]]]}},{"type":"Feature","properties":{"kind":"building","name":"Vida","on_campus":false,"highway":null,"sport":null,"levels":null,"id":730994610},"geometry":{"type":"Polygon","coordinates":[[[-34.3,85.4],[-97.6,86.1],[-97.7,72.6],[-97.8,65.0],[-97.9,59.8],[-36.6,59.0],[-36.6,64.3],[-34.6,64.3],[-34.6,62.7],[-23.6,62.5],[-23.2,89.6],[-34.2,89.7],[-34.3,85.4]]]}},{"type":"Feature","properties":{"kind":"building","name":null,"on_campus":false,"highway":null,"sport":null,"levels":"1","id":732680367},"geometry":{"type":"Polygon","coordinates":[[[-260.7,384.0],[-245.9,383.9],[-245.8,396.0],[-249.8,396.0],[-250.2,394.8],[-254.2,394.8],[-254.2,396.2],[-262.5,396.3],[-262.6,390.8],[-260.6,390.8],[-260.7,384.0]]]}},{"type":"Feature","properties":{"kind":"building","name":"Roosevelt Station South Entrance","on_campus":false,"highway":null,"sport":null,"levels":null,"id":732680369},"geometry":{"type":"Polygon","coordinates":[[[-153.8,56.9],[-153.4,87.0],[-145.4,86.9],[-145.0,113.3],[-142.4,113.0],[-135.2,112.1],[-133.7,111.9],[-133.2,115.9],[-127.1,115.2],[-123.0,114.7],[-120.1,114.4],[-120.2,108.7],[-120.3,102.7],[-120.6,90.3],[-122.0,90.3],[-124.4,69.1],[-130.3,69.7],[-131.5,58.0],[-131.7,56.7],[-153.8,56.9]]]}},{"type":"Feature","properties":{"kind":"building","name":"Roosevelt Station North Entrance","on_campus":false,"highway":null,"sport":null,"levels":null,"id":732680375},"geometry":{"type":"Polygon","coordinates":[[[-142.5,33.4],[-142.6,18.1],[-146.9,17.9],[-147.5,-24.3],[-124.7,-22.0],[-121.8,-21.7],[-122.2,-14.7],[-124.3,16.8],[-130.5,16.4],[-131.2,23.5],[-133.1,23.2],[-133.5,27.6],[-134.0,33.4],[-138.5,33.4],[-142.5,33.4]]]}},{"type":"Feature","properties":{"kind":"building","name":"Luna","on_campus":false,"highway":null,"sport":null,"levels":null,"id":732680376},"geometry":{"type":"Polygon","coordinates":[[[-250.2,-260.4],[-250.7,-223.6],[-259.5,-223.8],[-259.5,-225.0],[-272.8,-225.2],[-272.4,-254.1],[-273.3,-254.1],[-273.2,-260.7],[-250.2,-260.4]]]}},{"type":"Feature","properties":{"kind":"building","name":"Vista","on_campus":false,"highway":null,"sport":null,"levels":null,"id":732680377},"geometry":{"type":"Polygon","coordinates":[[[-282.1,-315.2],[-262.3,-315.3],[-262.3,-312.3],[-251.1,-312.4],[-251.2,-340.4],[-273.1,-340.3],[-273.0,-325.8],[-282.1,-325.8],[-282.1,-315.2]]]}},{"type":"Feature","properties":{"kind":"road","name":"Northeast 70th Street","on_campus":false,"highway":"secondary","sport":null,"levels":null,"id":749596862},"geometry":{"type":"LineString","coordinates":[[-419.9,-276.4],[-340.8,-274.4],[-301.1,-273.8],[-267.0,-273.3],[-249.5,-273.1],[-239.9,-272.9],[-232.6,-272.9],[-208.5,-272.6],[-119.4,-271.8],[-109.6,-271.7]]}},{"type":"Feature","properties":{"kind":"road","name":null,"on_campus":false,"highway":"service","sport":null,"levels":null,"id":753871375},"geometry":{"type":"LineString","coordinates":[[-68.1,125.3],[-68.1,123.9],[-68.1,123.0]]}},{"type":"Feature","properties":{"kind":"road","name":null,"on_campus":false,"highway":"service","sport":null,"levels":null,"id":753871376},"geometry":{"type":"LineString","coordinates":[[-68.2,115.9],[-94.0,115.3]]}},{"type":"Feature","properties":{"kind":"road","name":null,"on_campus":false,"highway":"service","sport":null,"levels":null,"id":753871377},"geometry":{"type":"LineString","coordinates":[[-102.9,91.0],[-109.6,90.9]]}},{"type":"Feature","properties":{"kind":"road","name":null,"on_campus":false,"highway":"service","sport":null,"levels":null,"id":753871378},"geometry":{"type":"LineString","coordinates":[[-100.5,91.1],[-101.4,91.0],[-102.9,91.0]]}},{"type":"Feature","properties":{"kind":"road","name":null,"on_campus":false,"highway":"service","sport":null,"levels":null,"id":753871379},"geometry":{"type":"LineString","coordinates":[[-68.1,123.0],[-68.2,115.9]]}},{"type":"Feature","properties":{"kind":"road","name":null,"on_campus":false,"highway":"service","sport":null,"levels":null,"id":753871380},"geometry":{"type":"LineString","coordinates":[[-68.1,131.4],[-68.1,125.3]]}},{"type":"Feature","properties":{"kind":"road","name":null,"on_campus":false,"highway":"service","sport":null,"levels":null,"id":753871394},"geometry":{"type":"LineString","coordinates":[[-94.0,115.3],[-93.8,91.1],[-100.5,91.1]]}},{"type":"Feature","properties":{"kind":"parking","name":null,"on_campus":false,"highway":null,"sport":null,"levels":null,"id":753871395},"geometry":{"type":"Polygon","coordinates":[[[-64.4,123.1],[-68.1,123.0],[-72.8,123.0],[-72.8,121.3],[-74.5,121.2],[-93.5,120.8],[-95.8,120.7],[-98.0,119.4],[-99.0,117.1],[-99.0,111.7],[-99.0,95.3],[-100.4,95.3],[-100.5,91.1],[-100.5,86.9],[-90.9,86.9],[-91.2,107.6],[-66.8,107.9],[-64.5,107.9],[-64.4,123.1]]]}},{"type":"Feature","properties":{"kind":"road","name":null,"on_campus":false,"highway":"service","sport":null,"levels":null,"id":753871396},"geometry":{"type":"LineString","coordinates":[[-44.6,125.6],[-44.5,124.1],[-44.7,118.4]]}},{"type":"Feature","properties":{"kind":"road","name":null,"on_campus":false,"highway":"service","sport":null,"levels":null,"id":753871397},"geometry":{"type":"LineString","coordinates":[[-44.7,118.4],[-44.9,107.4]]}},{"type":"Feature","properties":{"kind":"road","name":null,"on_campus":false,"highway":"service","sport":null,"levels":null,"id":753871398},"geometry":{"type":"LineString","coordinates":[[-44.4,131.8],[-44.6,125.6]]}},{"type":"Feature","properties":{"kind":"parking","name":null,"on_campus":false,"highway":null,"sport":null,"levels":null,"id":753871407},"geometry":{"type":"Polygon","coordinates":[[[-36.9,107.4],[-42.1,107.4],[-44.9,107.4],[-47.7,107.5],[-52.5,107.5],[-52.4,118.4],[-47.7,118.4],[-44.7,118.4],[-42.0,118.4],[-36.8,118.3],[-36.9,107.4]]]}},{"type":"Feature","properties":{"kind":"building","name":"Vivid Roosevelt","on_campus":false,"highway":null,"sport":null,"levels":null,"id":766179156},"geometry":{"type":"Polygon","coordinates":[[[-276.6,-311.7],[-251.0,-311.8],[-250.8,-282.9],[-276.1,-282.8],[-276.6,-311.7]]]}},{"type":"Feature","properties":{"kind":"road","name":null,"on_campus":false,"highway":"service","sport":null,"levels":null,"id":773739844},"geometry":{"type":"LineString","coordinates":[[-290.2,-193.6],[-290.1,-200.3],[-290.0,-220.6],[-289.5,-222.4],[-288.0,-223.7],[-285.9,-224.1],[-279.9,-224.0]]}},{"type":"Feature","properties":{"kind":"road","name":null,"on_campus":false,"highway":"footway","sport":null,"levels":null,"id":827754750},"geometry":{"type":"LineString","coordinates":[[235.5,-461.8],[235.5,-458.5],[238.1,-273.4],[238.1,-270.1]]}},{"type":"Feature","properties":{"kind":"road","name":null,"on_campus":false,"highway":"footway","sport":null,"levels":null,"id":827754756},"geometry":{"type":"LineString","coordinates":[[238.1,-270.1],[238.2,-265.9],[238.3,-261.6]]}},{"type":"Feature","properties":{"kind":"road","name":null,"on_campus":false,"highway":"footway","sport":null,"levels":null,"id":827755389},"geometry":{"type":"LineString","coordinates":[[158.1,-193.7],[6.0,-196.2],[-17.7,-196.6],[-27.6,-196.8],[-33.3,-198.5],[-38.8,-200.5],[-42.4,-201.0],[-46.7,-201.0],[-103.0,-200.8]]}},{"type":"Feature","properties":{"kind":"road","name":null,"on_campus":false,"highway":"footway","sport":null,"levels":null,"id":827755390},"geometry":{"type":"LineString","coordinates":[[-103.0,-200.8],[-104.2,-201.3],[-104.8,-202.5],[-104.8,-208.1],[-105.4,-243.5],[-103.6,-261.2],[-103.4,-263.0],[-102.9,-264.3]]}},{"type":"Feature","properties":{"kind":"road","name":null,"on_campus":false,"highway":"footway","sport":null,"levels":null,"id":827755391},"geometry":{"type":"LineString","coordinates":[[-100.8,-266.3],[-100.1,-271.6],[-99.3,-277.5]]}},{"type":"Feature","properties":{"kind":"road","name":"12th Avenue Northeast","on_campus":false,"highway":"primary","sport":null,"levels":null,"id":839186618},"geometry":{"type":"LineString","coordinates":[[-107.3,222.9],[-107.5,215.1],[-108.5,174.0]]}},{"type":"Feature","properties":{"kind":"road","name":"Roosevelt Way Northeast","on_campus":false,"highway":"primary","sport":null,"levels":null,"id":839209957},"geometry":{"type":"LineString","coordinates":[[-235.7,48.1],[-236.7,55.7],[-236.9,92.0]]}},{"type":"Feature","properties":{"kind":"road","name":null,"on_campus":false,"highway":"footway","sport":null,"levels":null,"id":904263725},"geometry":{"type":"LineString","coordinates":[[144.3,-55.1],[145.8,-54.3],[148.5,-53.0],[149.4,7.3],[149.6,23.4],[127.1,23.7],[112.2,23.7],[101.0,23.7],[75.9,23.9],[75.7,-25.1],[75.6,-31.7],[75.5,-39.3],[75.4,-45.6],[75.2,-57.1],[63.3,-57.1],[55.9,-57.1],[48.0,-57.2],[44.9,-57.2],[16.6,-57.1],[16.6,-58.4],[1.1,-58.1],[-10.4,-58.1],[-15.5,-58.1]]}},{"type":"Feature","properties":{"kind":"road","name":null,"on_campus":false,"highway":"service","sport":null,"levels":null,"id":904263726},"geometry":{"type":"LineString","coordinates":[[-25.9,-76.4],[-25.6,-60.6]]}},{"type":"Feature","properties":{"kind":"road","name":null,"on_campus":false,"highway":"footway","sport":null,"levels":null,"id":904263727},"geometry":{"type":"LineString","coordinates":[[-15.7,-77.0],[-15.7,-74.1],[-15.6,-67.7],[-15.5,-61.4],[-15.5,-58.1],[-15.4,-54.9],[-20.8,-49.1],[-102.4,-48.4]]}},{"type":"Feature","properties":{"kind":"road","name":null,"on_campus":false,"highway":"steps","sport":null,"levels":null,"id":904263728},"geometry":{"type":"LineString","coordinates":[[156.3,-56.4],[145.9,-56.3]]}},{"type":"Feature","properties":{"kind":"road","name":null,"on_campus":false,"highway":"footway","sport":null,"levels":null,"id":904263729},"geometry":{"type":"LineString","coordinates":[[149.4,7.3],[145.0,7.5]]}},{"type":"Feature","properties":{"kind":"road","name":null,"on_campus":false,"highway":"footway","sport":null,"levels":null,"id":904263730},"geometry":{"type":"LineString","coordinates":[[153.4,47.8],[153.3,46.2],[152.1,43.8],[149.9,40.7],[145.9,36.3],[143.5,33.7],[140.7,31.2],[137.9,29.0],[134.2,27.0],[127.1,23.7]]}},{"type":"Feature","properties":{"kind":"road","name":null,"on_campus":false,"highway":"steps","sport":null,"levels":null,"id":904263731},"geometry":{"type":"LineString","coordinates":[[101.0,23.7],[94.2,25.3],[90.6,26.8],[87.2,28.8],[84.9,30.3],[82.2,32.3],[79.5,34.8],[76.3,38.3]]}},{"type":"Feature","properties":{"kind":"road","name":null,"on_campus":false,"highway":"footway","sport":null,"levels":null,"id":904263732},"geometry":{"type":"LineString","coordinates":[[71.7,46.7],[71.6,43.2]]}},{"type":"Feature","properties":{"kind":"road","name":null,"on_campus":false,"highway":"steps","sport":null,"levels":null,"id":904263733},"geometry":{"type":"LineString","coordinates":[[71.3,29.4],[71.3,26.3]]}},{"type":"Feature","properties":{"kind":"road","name":null,"on_campus":false,"highway":"footway","sport":null,"levels":null,"id":904263734},"geometry":{"type":"LineString","coordinates":[[71.3,26.3],[70.8,1.7],[66.6,1.0]]}},{"type":"Feature","properties":{"kind":"road","name":null,"on_campus":false,"highway":"footway","sport":null,"levels":null,"id":904263735},"geometry":{"type":"LineString","coordinates":[[70.8,-2.2],[70.8,-14.0]]}},{"type":"Feature","properties":{"kind":"road","name":null,"on_campus":false,"highway":"pedestrian","sport":null,"levels":null,"id":904263736},"geometry":{"type":"LineString","coordinates":[[45.0,-54.0],[45.2,-47.2],[47.2,-47.2],[49.6,-47.2],[50.4,-47.8],[52.8,-45.9],[54.3,-46.1],[56.0,-46.0],[57.2,-45.4],[58.7,-44.4],[59.7,-43.1],[60.4,-41.7],[60.7,-40.2],[60.7,-38.6],[62.3,-36.5],[63.7,-34.8],[64.9,-33.3],[65.9,-31.7],[66.8,-29.9],[70.6,-30.0],[73.2,-30.1],[73.8,-30.1],[73.8,-31.7],[73.6,-39.3],[73.4,-45.6],[73.1,-54.3],[63.3,-54.2],[56.0,-54.1],[48.1,-54.0],[45.0,-54.0]]}},{"type":"Feature","properties":{"kind":"road","name":null,"on_campus":false,"highway":"steps","sport":null,"levels":null,"id":904263737},"geometry":{"type":"LineString","coordinates":[[149.6,23.4],[161.6,23.3]]}},{"type":"Feature","properties":{"kind":"road","name":null,"on_campus":false,"highway":"footway","sport":null,"levels":null,"id":904263738},"geometry":{"type":"LineString","coordinates":[[149.6,23.4],[149.9,40.7]]}},{"type":"Feature","properties":{"kind":"road","name":null,"on_campus":false,"highway":"steps","sport":null,"levels":null,"id":904828400},"geometry":{"type":"LineString","coordinates":[[1.3,-47.4],[1.2,-54.6]]}},{"type":"Feature","properties":{"kind":"road","name":null,"on_campus":false,"highway":"steps","sport":null,"levels":null,"id":904828401},"geometry":{"type":"LineString","coordinates":[[-10.4,-54.4],[-10.3,-47.2]]}},{"type":"Feature","properties":{"kind":"road","name":null,"on_campus":false,"highway":"footway","sport":null,"levels":null,"id":904828402},"geometry":{"type":"LineString","coordinates":[[-10.4,-54.4],[-10.4,-58.1]]}},{"type":"Feature","properties":{"kind":"road","name":null,"on_campus":false,"highway":"footway","sport":null,"levels":null,"id":904828403},"geometry":{"type":"LineString","coordinates":[[1.2,-54.6],[1.1,-58.1]]}},{"type":"Feature","properties":{"kind":"road","name":null,"on_campus":false,"highway":"footway","sport":null,"levels":null,"id":914568287},"geometry":{"type":"LineString","coordinates":[[112.2,23.7],[112.1,19.6]]}},{"type":"Feature","properties":{"kind":"road","name":null,"on_campus":false,"highway":"footway","sport":null,"levels":null,"id":914568291},"geometry":{"type":"LineString","coordinates":[[70.6,-31.8],[73.8,-31.7],[75.6,-31.7]]}},{"type":"Feature","properties":{"kind":"road","name":null,"on_campus":false,"highway":"steps","sport":null,"levels":null,"id":914568292},"geometry":{"type":"LineString","coordinates":[[70.7,-27.8],[70.6,-30.0],[70.6,-31.8]]}},{"type":"Feature","properties":{"kind":"road","name":null,"on_campus":false,"highway":"footway","sport":null,"levels":null,"id":914568293},"geometry":{"type":"LineString","coordinates":[[70.8,-15.8],[70.8,-22.6],[70.7,-25.1],[70.7,-27.8]]}},{"type":"Feature","properties":{"kind":"road","name":null,"on_campus":false,"highway":"steps","sport":null,"levels":null,"id":914568294},"geometry":{"type":"LineString","coordinates":[[70.8,-14.0],[70.8,-15.8]]}},{"type":"Feature","properties":{"kind":"road","name":null,"on_campus":false,"highway":"footway","sport":null,"levels":null,"id":914568295},"geometry":{"type":"LineString","coordinates":[[70.8,1.7],[70.8,-0.2]]}},{"type":"Feature","properties":{"kind":"road","name":null,"on_campus":false,"highway":"steps","sport":null,"levels":null,"id":914568296},"geometry":{"type":"LineString","coordinates":[[70.8,-0.2],[70.8,-2.2]]}},{"type":"Feature","properties":{"kind":"road","name":null,"on_campus":false,"highway":"footway","sport":null,"levels":null,"id":914568297},"geometry":{"type":"LineString","coordinates":[[71.4,34.5],[71.3,29.4]]}},{"type":"Feature","properties":{"kind":"road","name":null,"on_campus":false,"highway":"steps","sport":null,"levels":null,"id":914568298},"geometry":{"type":"LineString","coordinates":[[71.5,37.5],[71.4,34.5]]}},{"type":"Feature","properties":{"kind":"road","name":null,"on_campus":false,"highway":"steps","sport":null,"levels":null,"id":914568299},"geometry":{"type":"LineString","coordinates":[[112.2,23.7],[112.5,33.9]]}},{"type":"Feature","properties":{"kind":"road","name":null,"on_campus":false,"highway":"footway","sport":null,"levels":null,"id":914568300},"geometry":{"type":"LineString","coordinates":[[112.5,33.9],[114.6,35.7],[114.7,40.8],[112.3,42.8]]}},{"type":"Feature","properties":{"kind":"road","name":null,"on_campus":false,"highway":"footway","sport":null,"levels":null,"id":914568301},"geometry":{"type":"LineString","coordinates":[[112.5,33.9],[109.9,35.4],[109.9,41.1],[112.3,42.8]]}},{"type":"Feature","properties":{"kind":"road","name":null,"on_campus":false,"highway":"footway","sport":null,"levels":null,"id":914568308},"geometry":{"type":"LineString","coordinates":[[70.7,-25.1],[66.4,-25.2],[64.9,-27.6],[63.3,-30.1],[61.2,-33.1],[59.2,-35.5],[57.4,-37.6],[55.7,-39.3],[53.5,-41.2],[51.5,-42.9],[49.4,-44.5],[47.2,-45.6]]}},{"type":"Feature","properties":{"kind":"road","name":null,"on_campus":false,"highway":"steps","sport":null,"levels":null,"id":914568309},"geometry":{"type":"LineString","coordinates":[[48.1,-54.0],[48.0,-57.2]]}},{"type":"Feature","properties":{"kind":"road","name":null,"on_campus":false,"highway":"footway","sport":null,"levels":null,"id":914568310},"geometry":{"type":"LineString","coordinates":[[47.2,-47.2],[47.1,-50.9],[48.1,-50.9],[48.1,-54.0]]}},{"type":"Feature","properties":{"kind":"road","name":null,"on_campus":false,"highway":"steps","sport":null,"levels":null,"id":914568311},"geometry":{"type":"LineString","coordinates":[[47.2,-45.6],[47.2,-47.2]]}},{"type":"Feature","properties":{"kind":"road","name":null,"on_campus":false,"highway":"steps","sport":null,"levels":null,"id":914568312},"geometry":{"type":"LineString","coordinates":[[55.9,-57.1],[56.0,-54.1]]}},{"type":"Feature","properties":{"kind":"road","name":null,"on_campus":false,"highway":"steps","sport":null,"levels":null,"id":914568313},"geometry":{"type":"LineString","coordinates":[[63.3,-57.1],[63.3,-54.2]]}},{"type":"Feature","properties":{"kind":"road","name":null,"on_campus":false,"highway":"steps","sport":null,"levels":null,"id":914568314},"geometry":{"type":"LineString","coordinates":[[73.1,-54.3],[75.2,-57.1]]}},{"type":"Feature","properties":{"kind":"road","name":null,"on_campus":false,"highway":"steps","sport":null,"levels":null,"id":914568315},"geometry":{"type":"LineString","coordinates":[[73.4,-45.6],[75.4,-45.6]]}},{"type":"Feature","properties":{"kind":"road","name":null,"on_campus":false,"highway":"steps","sport":null,"levels":null,"id":914568316},"geometry":{"type":"LineString","coordinates":[[73.6,-39.3],[75.5,-39.3]]}},{"type":"Feature","properties":{"kind":"road","name":null,"on_campus":false,"highway":"footway","sport":null,"levels":null,"id":914786556},"geometry":{"type":"LineString","coordinates":[[145.9,-56.3],[145.8,-54.3]]}},{"type":"Feature","properties":{"kind":"road","name":null,"on_campus":false,"highway":"footway","sport":null,"levels":null,"id":914786557},"geometry":{"type":"LineString","coordinates":[[161.9,-56.7],[168.9,-57.1],[175.5,-57.5]]}},{"type":"Feature","properties":{"kind":"road","name":null,"on_campus":false,"highway":"steps","sport":null,"levels":null,"id":914786558},"geometry":{"type":"LineString","coordinates":[[159.4,-38.0],[157.7,-38.0]]}},{"type":"Feature","properties":{"kind":"road","name":null,"on_campus":false,"highway":"footway","sport":null,"levels":null,"id":923134763},"geometry":{"type":"LineString","coordinates":[[157.2,-262.6],[157.2,-268.6],[157.1,-274.1]]}},{"type":"Feature","properties":{"kind":"road","name":null,"on_campus":false,"highway":"footway","sport":null,"levels":null,"id":923134764},"geometry":{"type":"LineString","coordinates":[[158.1,-191.9],[158.1,-185.8],[158.2,-181.1]]}},{"type":"Feature","properties":{"kind":"road","name":null,"on_campus":false,"highway":"footway","sport":null,"levels":null,"id":923134765},"geometry":{"type":"LineString","coordinates":[[158.2,-178.8],[-19.9,-181.3],[-43.6,-185.7],[-102.0,-185.8]]}},{"type":"Feature","properties":{"kind":"road","name":null,"on_campus":false,"highway":"footway","sport":null,"levels":null,"id":923134766},"geometry":{"type":"LineString","coordinates":[[159.0,-120.9],[159.1,-114.5],[159.1,-113.2]]}},{"type":"Feature","properties":{"kind":"road","name":null,"on_campus":false,"highway":"footway","sport":null,"levels":null,"id":923134767},"geometry":{"type":"LineString","coordinates":[[159.1,-111.9],[159.3,-106.9],[160.0,-75.1],[160.3,-56.7],[160.5,-38.0],[161.6,23.3],[161.8,39.2],[161.3,41.5],[160.9,42.8],[160.4,43.7],[159.3,45.0],[157.8,46.3],[156.3,47.2]]}},{"type":"Feature","properties":{"kind":"road","name":null,"on_campus":false,"highway":"footway","sport":null,"levels":null,"id":923134768},"geometry":{"type":"LineString","coordinates":[[157.3,48.5],[158.1,54.4],[158.4,57.3]]}},{"type":"Feature","properties":{"kind":"road","name":null,"on_campus":false,"highway":"footway","sport":null,"levels":null,"id":923134770},"geometry":{"type":"LineString","coordinates":[[161.6,44.3],[170.4,44.6],[176.3,44.7]]}},{"type":"Feature","properties":{"kind":"road","name":null,"on_campus":false,"highway":"footway","sport":null,"levels":null,"id":923134771},"geometry":{"type":"LineString","coordinates":[[-105.2,-106.0],[-112.1,-106.4],[-118.2,-106.7]]}},{"type":"Feature","properties":{"kind":"road","name":null,"on_campus":false,"highway":"footway","sport":null,"levels":null,"id":923134772},"geometry":{"type":"LineString","coordinates":[[-114.5,-22.5],[-111.4,-22.5],[-105.6,-22.5]]}},{"type":"Feature","properties":{"kind":"road","name":null,"on_campus":false,"highway":"footway","sport":null,"levels":null,"id":923134773},"geometry":{"type":"LineString","coordinates":[[-116.8,122.8],[-116.8,130.9],[-116.8,138.5]]}},{"type":"Feature","properties":{"kind":"road","name":null,"on_campus":false,"highway":"footway","sport":null,"levels":null,"id":923134775},"geometry":{"type":"LineString","coordinates":[[156.3,-56.4],[156.9,-56.5],[160.3,-56.7]]}},{"type":"Feature","properties":{"kind":"parking","name":null,"on_campus":false,"highway":null,"sport":null,"levels":null,"id":932006455},"geometry":{"type":"Polygon","coordinates":[[[130.2,165.9],[144.2,166.0],[144.4,143.8],[130.4,143.6],[130.2,165.9]]]}},{"type":"Feature","properties":{"kind":"road","name":null,"on_campus":false,"highway":"footway","sport":null,"levels":null,"id":936144932},"geometry":{"type":"LineString","coordinates":[[159.4,-38.0],[160.5,-38.0]]}},{"type":"Feature","properties":{"kind":"road","name":null,"on_campus":false,"highway":"footway","sport":null,"levels":null,"id":936144934},"geometry":{"type":"LineString","coordinates":[[157.7,-38.0],[157.1,-38.0],[156.9,-56.5]]}},{"type":"Feature","properties":{"kind":"road","name":null,"on_campus":false,"highway":"footway","sport":null,"levels":null,"id":958306693},"geometry":{"type":"LineString","coordinates":[[-281.2,121.4],[-284.6,119.9],[-332.1,119.3],[-335.5,120.4],[-336.8,120.4]]}},{"type":"Feature","properties":{"kind":"road","name":null,"on_campus":false,"highway":"footway","sport":null,"levels":null,"id":958306698},"geometry":{"type":"LineString","coordinates":[[-419.5,54.6],[-418.8,54.5],[-248.0,57.3]]}},{"type":"Feature","properties":{"kind":"road","name":null,"on_campus":false,"highway":"footway","sport":null,"levels":null,"id":958306759},"geometry":{"type":"LineString","coordinates":[[-429.6,-267.0],[-428.9,-267.2],[-428.1,-267.2],[-281.6,-265.6],[-249.4,-264.8]]}},{"type":"Feature","properties":{"kind":"road","name":null,"on_campus":false,"highway":"footway","sport":null,"levels":null,"id":958306763},"geometry":{"type":"LineString","coordinates":[[-336.0,-282.1],[-334.2,-282.1],[-304.0,-281.7],[-301.0,-281.6],[-251.5,-280.9],[-250.2,-281.4]]}},{"type":"Feature","properties":{"kind":"road","name":"Northeast 65th Street","on_campus":false,"highway":"secondary","sport":null,"levels":null,"id":968918095},"geometry":{"type":"LineString","coordinates":[[-272.2,130.1],[-266.7,130.2],[-258.1,130.3],[-245.3,130.5],[-242.0,130.5],[-236.6,130.7]]}},{"type":"Feature","properties":{"kind":"building","name":null,"on_campus":false,"highway":null,"sport":null,"levels":"8","id":988133895},"geometry":{"type":"Polygon","coordinates":[[[131.4,65.4],[130.5,120.2],[131.8,122.6],[157.4,123.4],[157.5,121.9],[160.8,121.4],[161.2,97.5],[157.7,96.9],[157.6,95.0],[160.8,94.6],[160.7,67.7],[158.0,67.4],[157.8,65.9],[131.4,65.4]]]}},{"type":"Feature","properties":{"kind":"road","name":"16th Avenue Northeast","on_campus":false,"highway":"residential","sport":null,"levels":null,"id":988167527},"geometry":{"type":"LineString","coordinates":[[248.5,-71.8],[248.5,-73.6],[248.5,-76.2],[247.6,-140.8],[246.4,-218.8],[245.8,-258.3],[245.8,-260.9]]}},{"type":"Feature","properties":{"kind":"road","name":"Northeast 70th Street","on_campus":false,"highway":"residential","sport":null,"levels":null,"id":988167528},"geometry":{"type":"LineString","coordinates":[[165.9,-267.3],[173.7,-265.5],[175.8,-265.0],[179.0,-265.0],[207.6,-265.4],[238.2,-265.9],[241.1,-265.9]]}},{"type":"Feature","properties":{"kind":"road","name":null,"on_campus":false,"highway":"residential","sport":null,"levels":null,"id":988167529},"geometry":{"type":"LineString","coordinates":[[250.7,-265.2],[250.6,-266.0],[250.5,-266.9],[249.8,-268.4],[248.7,-269.6],[247.2,-270.3],[246.0,-270.4],[245.5,-270.5],[243.9,-270.1],[242.5,-269.2],[241.6,-268.0],[241.1,-266.5],[241.1,-265.9],[241.0,-265.0],[241.5,-263.6],[242.4,-262.3],[243.6,-261.4],[245.0,-260.9],[245.8,-260.9],[246.6,-260.9],[248.0,-261.4],[249.3,-262.3],[250.2,-263.6],[250.7,-265.2]]}},{"type":"Feature","properties":{"kind":"road","name":null,"on_campus":false,"highway":"residential","sport":null,"levels":null,"id":988167530},"geometry":{"type":"LineString","coordinates":[[254.0,-65.4],[254.0,-66.2],[254.0,-67.3],[253.3,-69.1],[252.1,-70.5],[250.5,-71.5],[248.5,-71.8],[246.7,-71.5],[245.0,-70.6],[243.9,-69.3],[243.1,-67.7],[243.0,-66.5],[242.9,-66.0],[243.3,-64.3],[244.2,-62.8],[245.7,-61.6],[247.2,-60.9],[248.6,-60.8],[249.0,-60.8],[250.7,-61.2],[252.2,-62.1],[253.4,-63.6],[254.0,-65.4]]}},{"type":"Feature","properties":{"kind":"road","name":"17th Avenue Northeast","on_campus":false,"highway":"residential","sport":null,"levels":null,"id":988335649},"geometry":{"type":"LineString","coordinates":[[332.2,133.1],[332.1,123.5],[332.1,121.2],[329.4,-57.5],[329.3,-59.6],[329.2,-67.1],[329.1,-74.7],[329.1,-76.5],[326.2,-259.5],[326.1,-262.0]]}},{"type":"Feature","properties":{"kind":"road","name":"Northeast 70th Street","on_campus":false,"highway":"residential","sport":null,"levels":null,"id":988335650},"geometry":{"type":"LineString","coordinates":[[250.6,-266.0],[253.4,-266.0],[318.5,-267.0],[321.3,-267.0]]}},{"type":"Feature","properties":{"kind":"road","name":null,"on_campus":false,"highway":"residential","sport":null,"levels":null,"id":988335651},"geometry":{"type":"LineString","coordinates":[[331.0,-266.5],[330.9,-267.0],[330.8,-268.2],[330.1,-269.7],[328.8,-270.9],[327.3,-271.5],[326.1,-271.6],[325.6,-271.7],[324.0,-271.2],[322.6,-270.2],[321.7,-269.0],[321.3,-267.5],[321.3,-267.0],[321.3,-266.0],[321.8,-264.6],[322.7,-263.3],[324.0,-262.5],[325.5,-262.0],[326.1,-262.0],[327.0,-262.1],[328.4,-262.6],[329.7,-263.5],[330.6,-264.9],[331.0,-266.5]]}},{"type":"Feature","properties":{"kind":"road","name":null,"on_campus":false,"highway":"residential","sport":null,"levels":null,"id":988725245},"geometry":{"type":"LineString","coordinates":[[-2.9,316.0],[-2.6,313.9],[-3.0,311.9],[-4.0,310.1],[-5.6,308.7],[-7.5,307.9],[-8.9,307.8],[-9.6,307.8],[-11.6,308.3],[-13.4,309.5],[-14.7,311.1],[-15.3,313.1],[-15.3,314.4],[-15.3,315.2],[-14.6,317.2],[-13.2,318.9],[-11.4,320.0],[-9.3,320.4],[-8.8,320.4],[-7.2,320.2],[-5.3,319.3],[-3.8,317.8],[-2.9,316.0]]}},{"type":"Feature","properties":{"kind":"road","name":"12th Avenue Northeast","on_campus":false,"highway":"primary","sport":null,"levels":null,"id":992769714},"geometry":{"type":"LineString","coordinates":[[-108.9,130.9],[-109.0,119.2],[-109.6,90.9],[-110.0,56.2],[-110.2,46.9],[-110.3,38.7],[-111.1,-7.4]]}},{"type":"Feature","properties":{"kind":"road","name":"15th Avenue Northeast","on_campus":false,"highway":"secondary","sport":null,"levels":null,"id":1066159393},"geometry":{"type":"LineString","coordinates":[[170.4,54.3],[170.4,44.6],[168.9,-57.1],[168.7,-65.5],[168.6,-75.2],[168.0,-114.5],[168.0,-121.8],[167.6,-150.0],[167.2,-174.6],[167.0,-185.6],[167.0,-190.7],[166.3,-240.8],[166.1,-258.1],[165.9,-267.3]]}},{"type":"Feature","properties":{"kind":"road","name":"Northeast 69th Street","on_campus":false,"highway":"residential","sport":null,"levels":null,"id":1066159395},"geometry":{"type":"LineString","coordinates":[[-112.8,-193.3],[-104.3,-193.3],[-101.2,-193.4],[-44.4,-193.7],[-21.9,-188.9],[153.7,-185.8],[158.1,-185.8],[167.0,-185.6]]}},{"type":"Feature","properties":{"kind":"road","name":null,"on_campus":false,"highway":"footway","sport":null,"levels":null,"id":1074570770},"geometry":{"type":"LineString","coordinates":[[-233.6,-344.3],[-233.6,-343.2],[-232.9,-281.8]]}},{"type":"Feature","properties":{"kind":"road","name":null,"on_campus":false,"highway":"footway","sport":null,"levels":null,"id":1074570844},"geometry":{"type":"LineString","coordinates":[[-253.7,-343.5],[-252.0,-343.0],[-250.8,-342.0],[-250.2,-340.5],[-249.6,-282.8],[-250.2,-281.4]]}},{"type":"Feature","properties":{"kind":"road","name":null,"on_campus":false,"highway":"footway","sport":null,"levels":null,"id":1074570853},"geometry":{"type":"LineString","coordinates":[[-117.3,-341.8],[-116.2,-341.2],[-115.6,-340.0],[-114.8,-298.2],[-114.9,-293.4],[-115.3,-288.8],[-115.9,-284.2],[-116.6,-279.7]]}},{"type":"Feature","properties":{"kind":"road","name":null,"on_campus":false,"highway":"footway","sport":null,"levels":null,"id":1074570858},"geometry":{"type":"LineString","coordinates":[[-249.5,-280.8],[-240.0,-281.4],[-233.9,-281.7]]}},{"type":"Feature","properties":{"kind":"road","name":null,"on_campus":false,"highway":"footway","sport":null,"levels":null,"id":1074570859},"geometry":{"type":"LineString","coordinates":[[-232.7,-264.6],[-221.5,-264.5],[-120.7,-265.7]]}},{"type":"Feature","properties":{"kind":"road","name":null,"on_campus":false,"highway":"footway","sport":null,"levels":null,"id":1074570860},"geometry":{"type":"LineString","coordinates":[[-247.4,-262.9],[-239.6,-262.9],[-234.1,-262.8]]}},{"type":"Feature","properties":{"kind":"road","name":null,"on_campus":false,"highway":"footway","sport":null,"levels":null,"id":1074570861},"geometry":{"type":"LineString","coordinates":[[-249.4,-264.8],[-249.3,-262.9],[-248.5,-200.1],[-248.8,-199.7],[-248.8,-198.1]]}},{"type":"Feature","properties":{"kind":"road","name":null,"on_campus":false,"highway":"footway","sport":null,"levels":null,"id":1074570862},"geometry":{"type":"LineString","coordinates":[[-249.5,-280.8],[-249.5,-273.1],[-249.4,-266.1]]}},{"type":"Feature","properties":{"kind":"road","name":null,"on_campus":false,"highway":"footway","sport":null,"levels":null,"id":1074570863},"geometry":{"type":"LineString","coordinates":[[-232.5,-279.8],[-232.6,-272.9],[-232.7,-265.8]]}},{"type":"Feature","properties":{"kind":"road","name":null,"on_campus":false,"highway":"footway","sport":null,"levels":null,"id":1074570864},"geometry":{"type":"LineString","coordinates":[[-232.9,-281.8],[-232.4,-281.0],[-231.9,-280.5],[-230.9,-280.0],[-229.8,-279.8],[-228.5,-279.8],[-212.4,-279.6]]}},{"type":"Feature","properties":{"kind":"road","name":null,"on_campus":false,"highway":"footway","sport":null,"levels":null,"id":1074570865},"geometry":{"type":"LineString","coordinates":[[-232.7,-264.6],[-232.7,-262.8],[-231.8,-201.2],[-231.2,-200.2],[-230.2,-199.7]]}},{"type":"Feature","properties":{"kind":"road","name":null,"on_campus":false,"highway":"footway","sport":null,"levels":null,"id":1074570866},"geometry":{"type":"LineString","coordinates":[[-205.1,-279.5],[-118.7,-278.3],[-117.7,-278.7],[-117.0,-279.1],[-116.6,-279.7]]}},{"type":"Feature","properties":{"kind":"road","name":null,"on_campus":false,"highway":"footway","sport":null,"levels":null,"id":1074570868},"geometry":{"type":"LineString","coordinates":[[-212.4,-279.6],[-208.5,-279.5],[-205.1,-279.5]]}},{"type":"Feature","properties":{"kind":"road","name":null,"on_campus":false,"highway":"footway","sport":null,"levels":null,"id":1074570876},"geometry":{"type":"LineString","coordinates":[[-118.7,-277.4],[-119.4,-271.8],[-120.1,-266.7]]}},{"type":"Feature","properties":{"kind":"road","name":null,"on_campus":false,"highway":"footway","sport":null,"levels":null,"id":1074570877},"geometry":{"type":"LineString","coordinates":[[-115.6,-279.7],[-108.7,-279.6],[-100.7,-279.5]]}},{"type":"Feature","properties":{"kind":"road","name":null,"on_campus":false,"highway":"footway","sport":null,"levels":null,"id":1074570878},"geometry":{"type":"LineString","coordinates":[[-117.7,-264.4],[-110.5,-264.4],[-104.0,-264.3]]}},{"type":"Feature","properties":{"kind":"road","name":null,"on_campus":false,"highway":"footway","sport":null,"levels":null,"id":1074570879},"geometry":{"type":"LineString","coordinates":[[-120.7,-264.4],[-117.7,-264.4]]}},{"type":"Feature","properties":{"kind":"road","name":null,"on_campus":false,"highway":"footway","sport":null,"levels":null,"id":1074570881},"geometry":{"type":"LineString","coordinates":[[-99.9,-279.5],[-99.6,-279.0],[-99.2,-278.5],[-98.4,-278.0],[-97.2,-277.7],[-63.9,-277.3]]}},{"type":"Feature","properties":{"kind":"road","name":null,"on_campus":false,"highway":"footway","sport":null,"levels":null,"id":1074570883},"geometry":{"type":"LineString","coordinates":[[-10.6,-276.6],[-8.5,-276.6],[67.6,-275.6],[69.7,-275.5]]}},{"type":"Feature","properties":{"kind":"road","name":null,"on_campus":false,"highway":"footway","sport":null,"levels":null,"id":1074570884},"geometry":{"type":"LineString","coordinates":[[82.6,-275.4],[82.0,-369.5]]}},{"type":"Feature","properties":{"kind":"road","name":null,"on_campus":false,"highway":"footway","sport":null,"levels":null,"id":1074570886},"geometry":{"type":"LineString","coordinates":[[-63.9,-277.3],[-61.4,-277.3],[-59.3,-277.2]]}},{"type":"Feature","properties":{"kind":"road","name":null,"on_campus":false,"highway":"footway","sport":null,"levels":null,"id":1074570887},"geometry":{"type":"LineString","coordinates":[[-59.3,-277.2],[-23.1,-276.8],[-21.9,-276.7]]}},{"type":"Feature","properties":{"kind":"road","name":null,"on_campus":false,"highway":"footway","sport":null,"levels":null,"id":1074570888},"geometry":{"type":"LineString","coordinates":[[-21.9,-276.7],[-15.8,-276.7],[-10.6,-276.6]]}},{"type":"Feature","properties":{"kind":"road","name":null,"on_campus":false,"highway":"footway","sport":null,"levels":null,"id":1074570889},"geometry":{"type":"LineString","coordinates":[[69.7,-275.5],[75.7,-275.5],[80.2,-275.4]]}},{"type":"Feature","properties":{"kind":"road","name":null,"on_campus":false,"highway":"footway","sport":null,"levels":null,"id":1074570890},"geometry":{"type":"LineString","coordinates":[[-8.5,-276.6],[-9.6,-368.4]]}},{"type":"Feature","properties":{"kind":"road","name":null,"on_campus":false,"highway":"footway","sport":null,"levels":null,"id":1074570891},"geometry":{"type":"LineString","coordinates":[[-23.1,-276.8],[-24.2,-368.2]]}},{"type":"Feature","properties":{"kind":"road","name":null,"on_campus":false,"highway":"footway","sport":null,"levels":null,"id":1074570892},"geometry":{"type":"LineString","coordinates":[[67.6,-275.6],[66.5,-366.3]]}},{"type":"Feature","properties":{"kind":"road","name":null,"on_campus":false,"highway":"footway","sport":null,"levels":null,"id":1074570897},"geometry":{"type":"LineString","coordinates":[[-102.9,-264.3],[-101.9,-265.1],[-100.8,-265.6],[-32.4,-265.3],[-28.5,-265.2],[-24.7,-264.8],[-21.1,-264.4],[-17.9,-263.9],[-15.0,-263.2],[-12.5,-262.5],[-10.0,-262.0],[-8.0,-261.7],[-6.6,-261.6],[-2.0,-261.6],[23.2,-261.0],[157.3,-259.0]]}},{"type":"Feature","properties":{"kind":"road","name":null,"on_campus":false,"highway":"footway","sport":null,"levels":null,"id":1074570898},"geometry":{"type":"LineString","coordinates":[[80.2,-275.4],[82.6,-275.4],[103.0,-275.0],[139.3,-274.4],[154.6,-274.1],[155.7,-274.3],[156.7,-274.8]]}},{"type":"Feature","properties":{"kind":"road","name":null,"on_campus":false,"highway":"service","sport":null,"levels":null,"id":1077639850},"geometry":{"type":"LineString","coordinates":[[-193.0,223.2],[-193.0,231.5],[-192.9,246.8],[-192.8,265.3],[-192.8,269.8]]}},{"type":"Feature","properties":{"kind":"road","name":null,"on_campus":false,"highway":"footway","sport":null,"levels":null,"id":1079419995},"geometry":{"type":"LineString","coordinates":[[-248.0,57.3],[-246.7,57.5],[-245.8,58.2],[-245.5,59.3],[-244.5,119.1],[-244.7,120.3],[-245.5,121.2]]}},{"type":"Feature","properties":{"kind":"road","name":null,"on_campus":false,"highway":"footway","sport":null,"levels":null,"id":1079419996},"geometry":{"type":"LineString","coordinates":[[-121.1,-185.7],[-120.1,-185.2],[-119.6,-184.3],[-118.8,-122.6],[-119.4,-121.5],[-120.5,-120.9]]}},{"type":"Feature","properties":{"kind":"road","name":null,"on_campus":false,"highway":"footway","sport":null,"levels":null,"id":1079419997},"geometry":{"type":"LineString","coordinates":[[-230.2,-199.7],[-121.3,-200.6]]}},{"type":"Feature","properties":{"kind":"road","name":null,"on_campus":false,"highway":"footway","sport":null,"levels":null,"id":1079419998},"geometry":{"type":"LineString","coordinates":[[-231.5,-184.0],[-209.7,-184.1],[-206.6,-185.1],[-121.1,-185.7]]}},{"type":"Feature","properties":{"kind":"road","name":null,"on_campus":false,"highway":"footway","sport":null,"levels":null,"id":1079419999},"geometry":{"type":"LineString","coordinates":[[-230.4,-120.0],[-120.5,-120.9]]}},{"type":"Feature","properties":{"kind":"road","name":null,"on_campus":false,"highway":"footway","sport":null,"levels":null,"id":1079420000},"geometry":{"type":"LineString","coordinates":[[-103.2,-105.5],[92.8,-106.5],[159.3,-106.9]]}},{"type":"Feature","properties":{"kind":"road","name":null,"on_campus":false,"highway":"footway","sport":null,"levels":null,"id":1079420001},"geometry":{"type":"LineString","coordinates":[[-227.2,-25.4],[-228.9,-24.4],[-228.2,38.7],[-228.2,39.8],[-228.2,41.2]]}},{"type":"Feature","properties":{"kind":"road","name":null,"on_campus":false,"highway":"footway","sport":null,"levels":null,"id":1079420002},"geometry":{"type":"LineString","coordinates":[[-433.4,-41.0],[-247.3,-38.6]]}},{"type":"Feature","properties":{"kind":"road","name":null,"on_campus":false,"highway":"footway","sport":null,"levels":null,"id":1079420003},"geometry":{"type":"LineString","coordinates":[[-227.2,-25.4],[-192.3,-25.4],[-120.2,-25.5]]}},{"type":"Feature","properties":{"kind":"road","name":null,"on_campus":false,"highway":"footway","sport":null,"levels":null,"id":1079420004},"geometry":{"type":"LineString","coordinates":[[-428.6,39.3],[-281.4,41.5]]}},{"type":"Feature","properties":{"kind":"road","name":null,"on_campus":false,"highway":"footway","sport":null,"levels":null,"id":1079420005},"geometry":{"type":"LineString","coordinates":[[162.9,125.6],[161.6,124.7],[88.2,123.7],[86.8,123.7]]}},{"type":"Feature","properties":{"kind":"road","name":null,"on_campus":false,"highway":"footway","sport":null,"levels":null,"id":1079420008},"geometry":{"type":"LineString","coordinates":[[-192.1,54.6],[-153.5,54.6],[-146.3,55.6],[-119.4,55.6]]}},{"type":"Feature","properties":{"kind":"road","name":null,"on_campus":false,"highway":"footway","sport":null,"levels":null,"id":1079420009},"geometry":{"type":"LineString","coordinates":[[-99.6,39.5],[-98.1,39.8],[-96.2,39.9],[-31.0,39.8],[-18.3,42.1],[2.1,45.8],[71.7,46.7],[89.6,47.0],[112.4,47.3],[153.4,47.8],[155.1,47.6],[156.3,47.2]]}},{"type":"Feature","properties":{"kind":"road","name":null,"on_campus":false,"highway":"footway","sport":null,"levels":null,"id":1079420010},"geometry":{"type":"LineString","coordinates":[[-100.4,55.2],[-98.3,54.0],[-35.3,53.9],[-26.5,53.8],[-24.9,54.2],[-22.4,55.5],[-20.2,56.8],[-18.5,58.3],[-16.9,60.1]]}},{"type":"Feature","properties":{"kind":"road","name":null,"on_campus":false,"highway":"footway","sport":null,"levels":null,"id":1079420011},"geometry":{"type":"LineString","coordinates":[[-2.9,60.5],[-2.7,122.9],[-2.7,123.6]]}},{"type":"Feature","properties":{"kind":"road","name":null,"on_campus":false,"highway":"footway","sport":null,"levels":null,"id":1079420012},"geometry":{"type":"LineString","coordinates":[[159.3,62.3],[88.8,61.5]]}},{"type":"Feature","properties":{"kind":"road","name":null,"on_campus":false,"highway":"footway","sport":null,"levels":null,"id":1079420013},"geometry":{"type":"LineString","coordinates":[[73.1,61.3],[73.4,124.9]]}},{"type":"Feature","properties":{"kind":"road","name":null,"on_campus":false,"highway":"footway","sport":null,"levels":null,"id":1079420014},"geometry":{"type":"LineString","coordinates":[[89.6,57.8],[88.8,61.5],[87.9,65.3],[88.2,123.7]]}},{"type":"Feature","properties":{"kind":"road","name":null,"on_campus":false,"highway":"footway","sport":null,"levels":null,"id":1079420015},"geometry":{"type":"LineString","coordinates":[[158.4,59.2],[159.3,62.3],[161.1,68.8],[161.9,123.6],[161.6,124.7],[161.0,126.6]]}},{"type":"Feature","properties":{"kind":"road","name":null,"on_campus":false,"highway":"footway","sport":null,"levels":null,"id":1079420016},"geometry":{"type":"LineString","coordinates":[[-21.6,53.7],[-20.3,49.7],[-18.9,44.9]]}},{"type":"Feature","properties":{"kind":"road","name":null,"on_campus":false,"highway":"footway","sport":null,"levels":null,"id":1079420017},"geometry":{"type":"LineString","coordinates":[[2.1,48.4],[2.0,53.1],[2.0,57.4]]}},{"type":"Feature","properties":{"kind":"road","name":null,"on_campus":false,"highway":"footway","sport":null,"levels":null,"id":1079420018},"geometry":{"type":"LineString","coordinates":[[157.3,-259.0],[158.1,-193.7]]}},{"type":"Feature","properties":{"kind":"road","name":null,"on_campus":false,"highway":"footway","sport":null,"levels":null,"id":1079420019},"geometry":{"type":"LineString","coordinates":[[159.0,-151.5],[158.9,-174.6],[158.8,-177.3],[158.2,-178.8]]}},{"type":"Feature","properties":{"kind":"road","name":null,"on_campus":false,"highway":"footway","sport":null,"levels":null,"id":1079420020},"geometry":{"type":"LineString","coordinates":[[-100.8,118.9],[-101.0,117.6],[-101.2,116.0],[-101.4,94.9]]}},{"type":"Feature","properties":{"kind":"road","name":null,"on_campus":false,"highway":"footway","sport":null,"levels":null,"id":1079420021},"geometry":{"type":"LineString","coordinates":[[-100.7,140.0],[-100.2,131.0],[-99.8,122.7]]}},{"type":"Feature","properties":{"kind":"road","name":null,"on_campus":false,"highway":"footway","sport":null,"levels":null,"id":1079420022},"geometry":{"type":"LineString","coordinates":[[-102.3,119.2],[-109.0,119.2],[-112.7,119.2]]}},{"type":"Feature","properties":{"kind":"road","name":null,"on_campus":false,"highway":"footway","sport":null,"levels":null,"id":1079420023},"geometry":{"type":"LineString","coordinates":[[-112.7,141.6],[-108.7,141.0],[-100.7,140.0]]}},{"type":"Feature","properties":{"kind":"road","name":null,"on_campus":false,"highway":"footway","sport":null,"levels":null,"id":1079420032},"geometry":{"type":"LineString","coordinates":[[-288.5,-200.3],[-248.8,-199.7]]}},{"type":"Feature","properties":{"kind":"road","name":null,"on_campus":false,"highway":"footway","sport":null,"levels":null,"id":1079420038},"geometry":{"type":"LineString","coordinates":[[-294.3,-185.3],[-250.7,-184.7]]}},{"type":"Feature","properties":{"kind":"road","name":null,"on_campus":false,"highway":"footway","sport":null,"levels":null,"id":1079420039},"geometry":{"type":"LineString","coordinates":[[-248.7,-196.5],[-249.5,-193.2],[-250.7,-187.9]]}},{"type":"Feature","properties":{"kind":"road","name":null,"on_campus":false,"highway":"footway","sport":null,"levels":null,"id":1079420040},"geometry":{"type":"LineString","coordinates":[[-247.9,-156.1],[-248.0,-165.5],[-248.1,-170.9],[-248.2,-181.5],[-248.2,-182.4],[-248.6,-183.7],[-249.5,-184.4],[-250.7,-184.7],[-250.7,-186.3]]}},{"type":"Feature","properties":{"kind":"road","name":null,"on_campus":false,"highway":"footway","sport":null,"levels":null,"id":1079420041},"geometry":{"type":"LineString","coordinates":[[-246.4,-183.1],[-238.0,-184.5],[-233.8,-185.2]]}},{"type":"Feature","properties":{"kind":"road","name":null,"on_campus":false,"highway":"footway","sport":null,"levels":null,"id":1079420043},"geometry":{"type":"LineString","coordinates":[[-231.7,-197.2],[-231.7,-193.1],[-231.7,-188.7]]}},{"type":"Feature","properties":{"kind":"road","name":null,"on_campus":false,"highway":"footway","sport":null,"levels":null,"id":1079420048},"geometry":{"type":"LineString","coordinates":[[-294.0,-119.8],[-247.7,-119.1]]}},{"type":"Feature","properties":{"kind":"road","name":null,"on_campus":false,"highway":"footway","sport":null,"levels":null,"id":1079420049},"geometry":{"type":"LineString","coordinates":[[-245.3,-119.7],[-238.2,-120.1],[-233.2,-120.4]]}},{"type":"Feature","properties":{"kind":"road","name":null,"on_campus":false,"highway":"footway","sport":null,"levels":null,"id":1079420050},"geometry":{"type":"LineString","coordinates":[[-231.2,-186.9],[-231.6,-185.2],[-231.5,-184.0],[-230.7,-120.6],[-230.4,-120.0],[-229.8,-118.4]]}},{"type":"Feature","properties":{"kind":"road","name":null,"on_campus":false,"highway":"footway","sport":null,"levels":null,"id":1079420051},"geometry":{"type":"LineString","coordinates":[[-230.7,-116.9],[-230.6,-112.0],[-230.5,-108.5]]}},{"type":"Feature","properties":{"kind":"road","name":null,"on_campus":false,"highway":"footway","sport":null,"levels":null,"id":1079420052},"geometry":{"type":"LineString","coordinates":[[-247.8,-147.5],[-247.4,-119.7],[-247.7,-119.1],[-248.4,-117.4]]}},{"type":"Feature","properties":{"kind":"road","name":null,"on_campus":false,"highway":"footway","sport":null,"levels":null,"id":1079420053},"geometry":{"type":"LineString","coordinates":[[-432.5,-107.0],[-249.3,-104.3]]}},{"type":"Feature","properties":{"kind":"road","name":null,"on_campus":false,"highway":"footway","sport":null,"levels":null,"id":1079420054},"geometry":{"type":"LineString","coordinates":[[-245.7,-103.9],[-238.2,-104.5],[-232.9,-104.9]]}},{"type":"Feature","properties":{"kind":"road","name":null,"on_campus":false,"highway":"footway","sport":null,"levels":null,"id":1079420055},"geometry":{"type":"LineString","coordinates":[[-247.6,-115.9],[-248.0,-112.0],[-248.4,-106.5]]}},{"type":"Feature","properties":{"kind":"road","name":null,"on_campus":false,"highway":"service","sport":null,"levels":null,"id":1079420056},"geometry":{"type":"LineString","coordinates":[[-259.4,-152.4],[-247.8,-152.2],[-238.1,-152.0]]}},{"type":"Feature","properties":{"kind":"road","name":null,"on_campus":false,"highway":"footway","sport":null,"levels":null,"id":1079420058},"geometry":{"type":"LineString","coordinates":[[-247.9,-156.1],[-247.8,-152.2],[-247.8,-147.5]]}},{"type":"Feature","properties":{"kind":"road","name":null,"on_campus":false,"highway":"footway","sport":null,"levels":null,"id":1079420059},"geometry":{"type":"LineString","coordinates":[[-249.3,-104.3],[-248.2,-103.2],[-246.8,-70.1],[-246.4,-39.7],[-247.3,-38.6]]}},{"type":"Feature","properties":{"kind":"road","name":null,"on_campus":false,"highway":"footway","sport":null,"levels":null,"id":1079420060},"geometry":{"type":"LineString","coordinates":[[-247.3,-35.2],[-247.3,-32.2],[-247.4,-27.3]]}},{"type":"Feature","properties":{"kind":"road","name":null,"on_campus":false,"highway":"footway","sport":null,"levels":null,"id":1079420061},"geometry":{"type":"LineString","coordinates":[[-433.9,-26.3],[-280.5,-23.9]]}},{"type":"Feature","properties":{"kind":"road","name":null,"on_campus":false,"highway":"footway","sport":null,"levels":null,"id":1079420062},"geometry":{"type":"LineString","coordinates":[[-280.5,-23.9],[-276.8,-23.8],[-272.8,-23.8]]}},{"type":"Feature","properties":{"kind":"road","name":null,"on_campus":false,"highway":"footway","sport":null,"levels":null,"id":1079420063},"geometry":{"type":"LineString","coordinates":[[-272.8,41.7],[-248.0,42.0]]}},{"type":"Feature","properties":{"kind":"road","name":null,"on_campus":false,"highway":"footway","sport":null,"levels":null,"id":1079420064},"geometry":{"type":"LineString","coordinates":[[-281.4,41.5],[-276.9,41.6],[-272.8,41.7]]}},{"type":"Feature","properties":{"kind":"road","name":null,"on_campus":false,"highway":"footway","sport":null,"levels":null,"id":1079420065},"geometry":{"type":"LineString","coordinates":[[-248.0,42.0],[-246.7,41.5],[-245.9,40.5],[-245.7,39.2],[-246.2,-23.7]]}},{"type":"Feature","properties":{"kind":"road","name":null,"on_campus":false,"highway":"footway","sport":null,"levels":null,"id":1079420066},"geometry":{"type":"LineString","coordinates":[[-248.0,54.0],[-248.0,49.8],[-248.0,45.7]]}},{"type":"Feature","properties":{"kind":"road","name":null,"on_campus":false,"highway":"footway","sport":null,"levels":null,"id":1079420068},"geometry":{"type":"LineString","coordinates":[[-248.0,54.0],[-248.0,57.3]]}},{"type":"Feature","properties":{"kind":"road","name":null,"on_campus":false,"highway":"footway","sport":null,"levels":null,"id":1079420069},"geometry":{"type":"LineString","coordinates":[[-120.2,-28.1],[-120.2,-25.5],[-118.7,-25.3],[-117.8,-24.1],[-117.6,-22.4],[-118.2,-20.1],[-118.7,-17.7],[-119.1,-15.4],[-119.4,-13.3],[-119.7,-10.8],[-120.0,-8.3],[-120.2,-5.6],[-120.3,-2.4],[-120.3,0.6],[-120.1,3.6],[-119.9,6.6],[-119.4,10.5],[-119.1,12.0],[-118.7,14.5],[-117.9,18.8],[-117.5,22.4],[-117.3,25.5],[-117.6,28.8],[-118.0,31.2],[-118.4,32.9],[-118.9,34.8],[-119.5,36.5],[-119.5,37.6],[-119.5,37.8],[-119.5,41.6]]}},{"type":"Feature","properties":{"kind":"road","name":null,"on_campus":false,"highway":"footway","sport":null,"levels":null,"id":1079420070},"geometry":{"type":"LineString","coordinates":[[-120.3,-37.0],[-120.2,-32.6],[-120.2,-29.4]]}},{"type":"Feature","properties":{"kind":"road","name":null,"on_campus":false,"highway":"footway","sport":null,"levels":null,"id":1079420072},"geometry":{"type":"LineString","coordinates":[[-114.7,-40.7],[-111.6,-40.7],[-104.3,-40.7]]}},{"type":"Feature","properties":{"kind":"road","name":null,"on_campus":false,"highway":"footway","sport":null,"levels":null,"id":1079420073},"geometry":{"type":"LineString","coordinates":[[-114.7,-40.7],[-116.8,-40.7]]}},{"type":"Feature","properties":{"kind":"road","name":null,"on_campus":false,"highway":"footway","sport":null,"levels":null,"id":1079420074},"geometry":{"type":"LineString","coordinates":[[-228.3,120.5],[-116.8,120.4],[-115.9,120.1],[-115.4,119.2]]}},{"type":"Feature","properties":{"kind":"road","name":null,"on_campus":false,"highway":"footway","sport":null,"levels":null,"id":1079420075},"geometry":{"type":"LineString","coordinates":[[-242.6,119.1],[-236.6,119.1],[-230.3,119.1]]}},{"type":"Feature","properties":{"kind":"road","name":null,"on_campus":false,"highway":"footway","sport":null,"levels":null,"id":1079420076},"geometry":{"type":"LineString","coordinates":[[-228.3,120.5],[-228.3,122.5]]}},{"type":"Feature","properties":{"kind":"road","name":null,"on_campus":false,"highway":"footway","sport":null,"levels":null,"id":1079420078},"geometry":{"type":"LineString","coordinates":[[-273.4,121.4],[-246.7,121.6],[-245.5,121.2]]}},{"type":"Feature","properties":{"kind":"road","name":null,"on_campus":false,"highway":"footway","sport":null,"levels":null,"id":1079420079},"geometry":{"type":"LineString","coordinates":[[-281.2,121.4],[-277.3,121.4],[-273.4,121.4]]}},{"type":"Feature","properties":{"kind":"road","name":null,"on_campus":false,"highway":"footway","sport":null,"levels":null,"id":1079420080},"geometry":{"type":"LineString","coordinates":[[-228.2,39.8],[-201.4,39.7],[-160.3,39.6]]}},{"type":"Feature","properties":{"kind":"road","name":null,"on_campus":false,"highway":"footway","sport":null,"levels":null,"id":1079420082},"geometry":{"type":"LineString","coordinates":[[-229.0,55.4],[-228.4,112.4],[-228.4,119.1],[-228.3,120.5]]}},{"type":"Feature","properties":{"kind":"road","name":null,"on_campus":false,"highway":"footway","sport":null,"levels":null,"id":1079420083},"geometry":{"type":"LineString","coordinates":[[-128.2,31.9],[-126.2,27.6],[-119.1,12.0]]}},{"type":"Feature","properties":{"kind":"road","name":null,"on_campus":false,"highway":"footway","sport":null,"levels":null,"id":1079420084},"geometry":{"type":"LineString","coordinates":[[-129.3,36.4],[-129.3,34.5]]}},{"type":"Feature","properties":{"kind":"road","name":null,"on_campus":false,"highway":"steps","sport":null,"levels":null,"id":1079420085},"geometry":{"type":"LineString","coordinates":[[-129.3,34.5],[-128.2,31.9]]}},{"type":"Feature","properties":{"kind":"road","name":null,"on_campus":false,"highway":"footway","sport":null,"levels":null,"id":1079420086},"geometry":{"type":"LineString","coordinates":[[-118.0,31.2],[-121.9,29.5]]}},{"type":"Feature","properties":{"kind":"road","name":null,"on_campus":false,"highway":"footway","sport":null,"levels":null,"id":1079420087},"geometry":{"type":"LineString","coordinates":[[-122.9,29.0],[-126.2,27.6],[-133.5,27.6]]}},{"type":"Feature","properties":{"kind":"road","name":null,"on_campus":false,"highway":"steps","sport":null,"levels":null,"id":1079420088},"geometry":{"type":"LineString","coordinates":[[-121.9,29.5],[-122.9,29.0]]}},{"type":"Feature","properties":{"kind":"road","name":null,"on_campus":false,"highway":"footway","sport":null,"levels":null,"id":1079420089},"geometry":{"type":"LineString","coordinates":[[-119.4,49.9],[-119.4,55.6],[-119.3,57.2],[-119.2,71.0],[-115.6,110.3],[-115.4,119.2]]}},{"type":"Feature","properties":{"kind":"road","name":null,"on_campus":false,"highway":"footway","sport":null,"levels":null,"id":1079420090},"geometry":{"type":"LineString","coordinates":[[-119.5,41.6],[-119.4,46.9],[-119.4,49.9]]}},{"type":"Feature","properties":{"kind":"road","name":null,"on_campus":false,"highway":"footway","sport":null,"levels":null,"id":1079420091},"geometry":{"type":"LineString","coordinates":[[-113.7,37.6],[-110.3,38.7],[-100.7,41.9]]}},{"type":"Feature","properties":{"kind":"road","name":null,"on_campus":false,"highway":"footway","sport":null,"levels":null,"id":1079420092},"geometry":{"type":"LineString","coordinates":[[-119.5,37.6],[-113.7,37.6]]}},{"type":"Feature","properties":{"kind":"road","name":null,"on_campus":false,"highway":"footway","sport":null,"levels":null,"id":1079420093},"geometry":{"type":"LineString","coordinates":[[-99.6,39.5],[-100.7,41.9]]}},{"type":"Feature","properties":{"kind":"road","name":null,"on_campus":false,"highway":"footway","sport":null,"levels":null,"id":1079420094},"geometry":{"type":"LineString","coordinates":[[-119.3,57.2],[-113.5,57.2]]}},{"type":"Feature","properties":{"kind":"road","name":null,"on_campus":false,"highway":"footway","sport":null,"levels":null,"id":1079420095},"geometry":{"type":"LineString","coordinates":[[-113.5,57.2],[-110.0,56.2],[-102.4,54.0]]}},{"type":"Feature","properties":{"kind":"road","name":null,"on_campus":false,"highway":"footway","sport":null,"levels":null,"id":1079420097},"geometry":{"type":"LineString","coordinates":[[-238.2,39.2],[-234.7,39.0],[-231.2,38.7]]}},{"type":"Feature","properties":{"kind":"road","name":null,"on_campus":false,"highway":"footway","sport":null,"levels":null,"id":1079420098},"geometry":{"type":"LineString","coordinates":[[-229.0,43.6],[-229.0,47.0],[-229.0,53.6]]}},{"type":"Feature","properties":{"kind":"road","name":null,"on_campus":false,"highway":"footway","sport":null,"levels":null,"id":1079420114},"geometry":{"type":"LineString","coordinates":[[-112.7,119.2],[-115.4,119.2]]}},{"type":"Feature","properties":{"kind":"road","name":null,"on_campus":false,"highway":"footway","sport":null,"levels":null,"id":1079420115},"geometry":{"type":"LineString","coordinates":[[-72.6,123.8],[-96.0,122.4],[-97.7,122.1],[-98.9,121.4],[-99.9,120.4],[-100.8,118.9]]}},{"type":"Feature","properties":{"kind":"road","name":null,"on_campus":false,"highway":"footway","sport":null,"levels":null,"id":1079420116},"geometry":{"type":"LineString","coordinates":[[-104.3,-40.7],[-102.3,-40.7]]}},{"type":"Feature","properties":{"kind":"road","name":null,"on_campus":false,"highway":"footway","sport":null,"levels":null,"id":1079420117},"geometry":{"type":"LineString","coordinates":[[-105.6,-22.5],[-102.0,-22.5]]}},{"type":"Feature","properties":{"kind":"road","name":null,"on_campus":false,"highway":"footway","sport":null,"levels":null,"id":1079420118},"geometry":{"type":"LineString","coordinates":[[-212.9,-105.0],[-119.6,-105.5]]}},{"type":"Feature","properties":{"kind":"road","name":null,"on_campus":false,"highway":"footway","sport":null,"levels":null,"id":1079420119},"geometry":{"type":"LineString","coordinates":[[-230.8,-105.0],[-220.0,-105.0]]}},{"type":"Feature","properties":{"kind":"road","name":null,"on_campus":false,"highway":"footway","sport":null,"levels":null,"id":1079420120},"geometry":{"type":"LineString","coordinates":[[-220.0,-105.0],[-216.3,-105.0],[-212.9,-105.0]]}},{"type":"Feature","properties":{"kind":"road","name":null,"on_campus":false,"highway":"footway","sport":null,"levels":null,"id":1079420121},"geometry":{"type":"LineString","coordinates":[[-101.5,87.3],[-100.3,85.2],[-100.4,55.2]]}},{"type":"Feature","properties":{"kind":"road","name":null,"on_campus":false,"highway":"footway","sport":null,"levels":null,"id":1079420122},"geometry":{"type":"LineString","coordinates":[[-101.4,94.9],[-101.4,91.0],[-101.5,87.3]]}},{"type":"Feature","properties":{"kind":"road","name":null,"on_campus":false,"highway":"footway","sport":null,"levels":null,"id":1079420123},"geometry":{"type":"LineString","coordinates":[[-229.7,-106.8],[-230.8,-105.0],[-230.2,-40.6],[-229.9,-40.2]]}},{"type":"Feature","properties":{"kind":"road","name":null,"on_campus":false,"highway":"footway","sport":null,"levels":null,"id":1079420124},"geometry":{"type":"LineString","coordinates":[[-229.9,-37.1],[-229.6,-32.1],[-229.4,-28.0]]}},{"type":"Feature","properties":{"kind":"road","name":null,"on_campus":false,"highway":"footway","sport":null,"levels":null,"id":1079420125},"geometry":{"type":"LineString","coordinates":[[-229.9,-40.2],[-155.6,-40.5],[-148.9,-41.1],[-120.3,-41.2],[-117.7,-41.2]]}},{"type":"Feature","properties":{"kind":"road","name":null,"on_campus":false,"highway":"footway","sport":null,"levels":null,"id":1079420126},"geometry":{"type":"LineString","coordinates":[[-272.8,-23.8],[-247.3,-23.7],[-246.2,-23.7]]}},{"type":"Feature","properties":{"kind":"road","name":null,"on_campus":false,"highway":"footway","sport":null,"levels":null,"id":1079420127},"geometry":{"type":"LineString","coordinates":[[-238.9,-23.8],[-235.3,-24.1],[-231.6,-24.4]]}},{"type":"Feature","properties":{"kind":"road","name":null,"on_campus":false,"highway":"footway","sport":null,"levels":null,"id":1079420128},"geometry":{"type":"LineString","coordinates":[[-244.3,-39.7],[-237.9,-40.2],[-232.3,-40.6]]}},{"type":"Feature","properties":{"kind":"road","name":null,"on_campus":false,"highway":"footway","sport":null,"levels":null,"id":1079420129},"geometry":{"type":"LineString","coordinates":[[-119.6,-105.5],[-118.5,-104.4],[-117.7,-41.2],[-116.8,-40.7]]}},{"type":"Feature","properties":{"kind":"road","name":null,"on_campus":false,"highway":"footway","sport":null,"levels":null,"id":1079420130},"geometry":{"type":"LineString","coordinates":[[-118.7,-119.2],[-112.3,-119.7],[-104.1,-120.4]]}},{"type":"Feature","properties":{"kind":"road","name":null,"on_campus":false,"highway":"footway","sport":null,"levels":null,"id":1079420131},"geometry":{"type":"LineString","coordinates":[[-103.2,-121.6],[-102.0,-121.0],[159.0,-122.2]]}},{"type":"Feature","properties":{"kind":"road","name":null,"on_campus":false,"highway":"footway","sport":null,"levels":null,"id":1079420132},"geometry":{"type":"LineString","coordinates":[[-118.7,-119.2],[-118.5,-114.1],[-118.2,-106.7]]}},{"type":"Feature","properties":{"kind":"road","name":null,"on_campus":false,"highway":"footway","sport":null,"levels":null,"id":1079420133},"geometry":{"type":"LineString","coordinates":[[-101.2,-110.3],[-103.2,-106.1],[-103.2,-105.5],[-102.8,-79.5]]}},{"type":"Feature","properties":{"kind":"road","name":null,"on_campus":false,"highway":"footway","sport":null,"levels":null,"id":1079420134},"geometry":{"type":"LineString","coordinates":[[-102.8,-79.5],[-102.8,-75.7],[-102.7,-72.1]]}},{"type":"Feature","properties":{"kind":"road","name":null,"on_campus":false,"highway":"footway","sport":null,"levels":null,"id":1079420135},"geometry":{"type":"LineString","coordinates":[[-101.3,-112.2],[-102.0,-114.2],[-104.1,-120.4]]}},{"type":"Feature","properties":{"kind":"road","name":null,"on_campus":false,"highway":"footway","sport":null,"levels":null,"id":1079420136},"geometry":{"type":"LineString","coordinates":[[-101.2,-110.3],[-101.3,-112.2]]}},{"type":"Feature","properties":{"kind":"road","name":null,"on_campus":false,"highway":"footway","sport":null,"levels":null,"id":1079420137},"geometry":{"type":"LineString","coordinates":[[-100.7,41.9],[-99.7,46.9],[-98.9,51.0]]}},{"type":"Feature","properties":{"kind":"road","name":null,"on_campus":false,"highway":"footway","sport":null,"levels":null,"id":1079420138},"geometry":{"type":"LineString","coordinates":[[-98.3,54.0],[-98.9,51.0]]}},{"type":"Feature","properties":{"kind":"road","name":null,"on_campus":false,"highway":"footway","sport":null,"levels":null,"id":1079420139},"geometry":{"type":"LineString","coordinates":[[-102.7,-72.1],[-102.4,-48.4],[-102.3,-40.7],[-102.0,-22.5],[-101.2,37.6],[-100.7,38.7],[-99.6,39.5]]}},{"type":"Feature","properties":{"kind":"road","name":null,"on_campus":false,"highway":"footway","sport":null,"levels":null,"id":1079420140},"geometry":{"type":"LineString","coordinates":[[-120.7,-265.7],[-120.7,-264.4],[-119.8,-201.4],[-120.0,-200.9],[-120.6,-200.6],[-121.3,-200.6]]}},{"type":"Feature","properties":{"kind":"road","name":null,"on_campus":false,"highway":"footway","sport":null,"levels":null,"id":1079420141},"geometry":{"type":"LineString","coordinates":[[-119.6,-199.2],[-119.7,-193.3],[-119.9,-188.1]]}},{"type":"Feature","properties":{"kind":"road","name":null,"on_campus":false,"highway":"footway","sport":null,"levels":null,"id":1079420142},"geometry":{"type":"LineString","coordinates":[[-104.1,-188.0],[-104.3,-193.3],[-104.5,-198.8]]}},{"type":"Feature","properties":{"kind":"road","name":null,"on_campus":false,"highway":"steps","sport":null,"levels":null,"id":1079420144},"geometry":{"type":"LineString","coordinates":[[112.3,42.8],[112.4,47.3]]}},{"type":"Feature","properties":{"kind":"road","name":null,"on_campus":false,"highway":"footway","sport":null,"levels":null,"id":1079420145},"geometry":{"type":"LineString","coordinates":[[-114.5,141.6],[-116.8,140.1],[-117.5,140.1],[-187.0,140.0],[-228.2,139.9]]}},{"type":"Feature","properties":{"kind":"road","name":null,"on_campus":false,"highway":"footway","sport":null,"levels":null,"id":1079420146},"geometry":{"type":"LineString","coordinates":[[-35.3,53.9],[-35.3,58.3],[-18.5,58.3]]}},{"type":"Feature","properties":{"kind":"road","name":null,"on_campus":false,"highway":"footway","sport":null,"levels":null,"id":1079420147},"geometry":{"type":"LineString","coordinates":[[-22.4,55.5],[-21.6,53.7]]}},{"type":"Feature","properties":{"kind":"road","name":null,"on_campus":false,"highway":"footway","sport":null,"levels":null,"id":1079420148},"geometry":{"type":"LineString","coordinates":[[-18.9,44.9],[-18.3,42.1]]}},{"type":"Feature","properties":{"kind":"road","name":null,"on_campus":false,"highway":"footway","sport":null,"levels":null,"id":1079420149},"geometry":{"type":"LineString","coordinates":[[2.1,45.8],[2.1,48.4]]}},{"type":"Feature","properties":{"kind":"road","name":null,"on_campus":false,"highway":"footway","sport":null,"levels":null,"id":1079420150},"geometry":{"type":"LineString","coordinates":[[2.0,57.4],[2.0,60.5]]}},{"type":"Feature","properties":{"kind":"road","name":null,"on_campus":false,"highway":"footway","sport":null,"levels":null,"id":1079420151},"geometry":{"type":"LineString","coordinates":[[-15.2,59.3],[-16.9,60.1]]}},{"type":"Feature","properties":{"kind":"road","name":null,"on_campus":false,"highway":"footway","sport":null,"levels":null,"id":1079420152},"geometry":{"type":"LineString","coordinates":[[-5.7,59.6],[-10.0,59.5],[-15.2,59.3]]}},{"type":"Feature","properties":{"kind":"road","name":null,"on_campus":false,"highway":"footway","sport":null,"levels":null,"id":1079420153},"geometry":{"type":"LineString","coordinates":[[73.1,61.3],[69.1,61.3],[2.0,60.5],[-2.1,60.4],[-2.9,60.5],[-4.1,60.7]]}},{"type":"Feature","properties":{"kind":"road","name":null,"on_campus":false,"highway":"footway","sport":null,"levels":null,"id":1079420154},"geometry":{"type":"LineString","coordinates":[[84.7,61.4],[81.0,61.4],[75.8,61.3]]}},{"type":"Feature","properties":{"kind":"road","name":null,"on_campus":false,"highway":"footway","sport":null,"levels":null,"id":1079420156},"geometry":{"type":"LineString","coordinates":[[-64.4,123.9],[-68.1,123.9],[-72.6,123.8]]}},{"type":"Feature","properties":{"kind":"road","name":null,"on_campus":false,"highway":"footway","sport":null,"levels":null,"id":1079420157},"geometry":{"type":"LineString","coordinates":[[-16.1,122.2],[-17.8,123.4],[-19.4,124.4],[-41.8,124.2]]}},{"type":"Feature","properties":{"kind":"road","name":null,"on_campus":false,"highway":"footway","sport":null,"levels":null,"id":1079420158},"geometry":{"type":"LineString","coordinates":[[-14.4,122.6],[-9.2,122.8],[-6.6,122.8]]}},{"type":"Feature","properties":{"kind":"road","name":null,"on_campus":false,"highway":"footway","sport":null,"levels":null,"id":1079420161},"geometry":{"type":"LineString","coordinates":[[-47.8,124.1],[-64.4,123.9]]}},{"type":"Feature","properties":{"kind":"road","name":null,"on_campus":false,"highway":"footway","sport":null,"levels":null,"id":1079420162},"geometry":{"type":"LineString","coordinates":[[-41.8,124.2],[-44.5,124.1],[-47.8,124.1]]}},{"type":"Feature","properties":{"kind":"road","name":null,"on_campus":false,"highway":"footway","sport":null,"levels":null,"id":1079420163},"geometry":{"type":"LineString","coordinates":[[75.4,123.4],[73.4,124.9],[73.1,125.1],[72.0,125.4],[-1.8,124.6],[-2.4,124.2],[-2.7,123.6]]}},{"type":"Feature","properties":{"kind":"road","name":null,"on_campus":false,"highway":"footway","sport":null,"levels":null,"id":1079420164},"geometry":{"type":"LineString","coordinates":[[84.9,123.8],[81.2,123.8],[77.1,123.8]]}},{"type":"Feature","properties":{"kind":"road","name":null,"on_campus":false,"highway":"footway","sport":null,"levels":null,"id":1079420170},"geometry":{"type":"LineString","coordinates":[[71.7,49.2],[70.6,53.6],[69.2,58.3]]}},{"type":"Feature","properties":{"kind":"road","name":null,"on_campus":false,"highway":"footway","sport":null,"levels":null,"id":1079420171},"geometry":{"type":"LineString","coordinates":[[71.7,46.7],[71.7,49.2]]}},{"type":"Feature","properties":{"kind":"road","name":null,"on_campus":false,"highway":"footway","sport":null,"levels":null,"id":1079420173},"geometry":{"type":"LineString","coordinates":[[89.6,56.6],[89.6,53.7],[89.6,49.3]]}},{"type":"Feature","properties":{"kind":"road","name":null,"on_campus":false,"highway":"footway","sport":null,"levels":null,"id":1079420174},"geometry":{"type":"LineString","coordinates":[[89.6,49.3],[89.6,47.0]]}},{"type":"Feature","properties":{"kind":"road","name":null,"on_campus":false,"highway":"footway","sport":null,"levels":null,"id":1079523394},"geometry":{"type":"LineString","coordinates":[[-200.5,25.4],[-194.1,-10.0]]}},{"type":"Feature","properties":{"kind":"road","name":null,"on_campus":false,"highway":"footway","sport":null,"levels":null,"id":1079523395},"geometry":{"type":"LineString","coordinates":[[-201.4,39.7],[-201.4,30.3]]}},{"type":"Feature","properties":{"kind":"road","name":null,"on_campus":false,"highway":"steps","sport":null,"levels":null,"id":1079523396},"geometry":{"type":"LineString","coordinates":[[-201.4,30.3],[-200.5,25.4]]}},{"type":"Feature","properties":{"kind":"road","name":null,"on_campus":false,"highway":"footway","sport":null,"levels":null,"id":1079523397},"geometry":{"type":"LineString","coordinates":[[-194.1,-10.0],[-192.2,-20.1]]}},{"type":"Feature","properties":{"kind":"road","name":null,"on_campus":false,"highway":"footway","sport":null,"levels":null,"id":1079523398},"geometry":{"type":"LineString","coordinates":[[-192.2,-20.1],[-192.3,-25.4]]}},{"type":"Feature","properties":{"kind":"road","name":null,"on_campus":false,"highway":"service","sport":null,"levels":null,"id":1079523399},"geometry":{"type":"LineString","coordinates":[[-157.6,46.9],[-157.7,39.6],[-157.7,37.7]]}},{"type":"Feature","properties":{"kind":"road","name":null,"on_campus":false,"highway":"footway","sport":null,"levels":null,"id":1079523400},"geometry":{"type":"LineString","coordinates":[[-155.0,39.6],[-138.4,39.5],[-138.4,36.4],[-129.3,36.4],[-119.5,36.5]]}},{"type":"Feature","properties":{"kind":"road","name":null,"on_campus":false,"highway":"footway","sport":null,"levels":null,"id":1079523401},"geometry":{"type":"LineString","coordinates":[[-160.3,39.6],[-157.7,39.6],[-155.0,39.6]]}},{"type":"Feature","properties":{"kind":"road","name":null,"on_campus":false,"highway":"service","sport":null,"levels":null,"id":1079528094},"geometry":{"type":"LineString","coordinates":[[167.6,-150.0],[159.0,-150.0],[79.5,-151.4]]}},{"type":"Feature","properties":{"kind":"road","name":null,"on_campus":false,"highway":"footway","sport":null,"levels":null,"id":1079528095},"geometry":{"type":"LineString","coordinates":[[159.0,-122.2],[159.1,-128.2],[159.1,-147.8]]}},{"type":"Feature","properties":{"kind":"road","name":null,"on_campus":false,"highway":"footway","sport":null,"levels":null,"id":1079528096},"geometry":{"type":"LineString","coordinates":[[159.1,-147.8],[159.0,-150.0],[159.0,-151.5]]}},{"type":"Feature","properties":{"kind":"road","name":null,"on_campus":false,"highway":"footway","sport":null,"levels":null,"id":1079692188},"geometry":{"type":"LineString","coordinates":[[-245.7,399.6],[-244.8,398.0],[-244.4,397.2],[-244.4,384.9],[-244.3,360.9],[-244.3,329.8],[-244.3,323.2],[-245.0,322.1],[-246.0,320.7]]}},{"type":"Feature","properties":{"kind":"road","name":null,"on_campus":false,"highway":"footway","sport":null,"levels":null,"id":1079692195},"geometry":{"type":"LineString","coordinates":[[-245.2,216.6],[-244.0,216.1],[-243.6,215.2],[-243.6,214.1],[-243.3,166.0],[-243.3,156.1],[-243.3,143.8],[-244.0,141.8],[-244.8,140.7],[-245.9,139.4]]}},{"type":"Feature","properties":{"kind":"road","name":null,"on_campus":false,"highway":"footway","sport":null,"levels":null,"id":1079692196},"geometry":{"type":"LineString","coordinates":[[-243.9,228.6],[-244.1,223.4],[-244.3,218.8]]}},{"type":"Feature","properties":{"kind":"road","name":null,"on_campus":false,"highway":"footway","sport":null,"levels":null,"id":1079692198},"geometry":{"type":"LineString","coordinates":[[-245.0,138.2],[-245.3,130.5],[-245.5,122.9]]}},{"type":"Feature","properties":{"kind":"road","name":null,"on_campus":false,"highway":"footway","sport":null,"levels":null,"id":1079692199},"geometry":{"type":"LineString","coordinates":[[-242.6,141.5],[-241.9,141.5],[-236.4,141.6],[-232.1,141.7]]}},{"type":"Feature","properties":{"kind":"road","name":null,"on_campus":false,"highway":"footway","sport":null,"levels":null,"id":1079692200},"geometry":{"type":"LineString","coordinates":[[-245.9,139.4],[-245.0,138.2]]}},{"type":"Feature","properties":{"kind":"road","name":null,"on_campus":false,"highway":"footway","sport":null,"levels":null,"id":1079692201},"geometry":{"type":"LineString","coordinates":[[-228.3,122.5],[-228.2,130.7],[-228.2,138.4]]}},{"type":"Feature","properties":{"kind":"road","name":null,"on_campus":false,"highway":"footway","sport":null,"levels":null,"id":1079692206},"geometry":{"type":"LineString","coordinates":[[-282.9,140.4],[-244.8,140.7]]}},{"type":"Feature","properties":{"kind":"road","name":null,"on_campus":false,"highway":"footway","sport":null,"levels":null,"id":1079692221},"geometry":{"type":"LineString","coordinates":[[-283.2,321.8],[-245.0,322.1]]}},{"type":"Feature","properties":{"kind":"road","name":null,"on_campus":false,"highway":"footway","sport":null,"levels":null,"id":1079692238},"geometry":{"type":"LineString","coordinates":[[-270.7,397.8],[-244.8,398.0]]}},{"type":"Feature","properties":{"kind":"road","name":null,"on_campus":false,"highway":"footway","sport":null,"levels":null,"id":1079692240},"geometry":{"type":"LineString","coordinates":[[-242.3,306.3],[-241.2,306.4],[-235.2,306.9],[-229.0,307.4]]}},{"type":"Feature","properties":{"kind":"road","name":null,"on_campus":false,"highway":"footway","sport":null,"levels":null,"id":1079692246},"geometry":{"type":"LineString","coordinates":[[-283.4,397.7],[-276.8,397.7]]}},{"type":"Feature","properties":{"kind":"road","name":null,"on_campus":false,"highway":"footway","sport":null,"levels":null,"id":1079692247},"geometry":{"type":"LineString","coordinates":[[-276.8,397.7],[-273.6,397.8],[-270.7,397.8]]}},{"type":"Feature","properties":{"kind":"road","name":null,"on_campus":false,"highway":"service","sport":null,"levels":null,"id":1079692248},"geometry":{"type":"LineString","coordinates":[[-273.6,404.4],[-273.6,397.8],[-273.6,396.9]]}},{"type":"Feature","properties":{"kind":"road","name":null,"on_campus":false,"highway":"footway","sport":null,"levels":null,"id":1079692249},"geometry":{"type":"LineString","coordinates":[[-244.0,306.0],[-243.8,246.1],[-243.8,233.2]]}},{"type":"Feature","properties":{"kind":"road","name":null,"on_campus":false,"highway":"footway","sport":null,"levels":null,"id":1079692250},"geometry":{"type":"LineString","coordinates":[[-245.2,319.1],[-245.2,315.0],[-245.2,310.0]]}},{"type":"Feature","properties":{"kind":"road","name":null,"on_campus":false,"highway":"footway","sport":null,"levels":null,"id":1079692251},"geometry":{"type":"LineString","coordinates":[[-244.3,323.2],[-242.5,323.2]]}},{"type":"Feature","properties":{"kind":"road","name":null,"on_campus":false,"highway":"footway","sport":null,"levels":null,"id":1079692252},"geometry":{"type":"LineString","coordinates":[[-245.2,310.0],[-246.7,306.7]]}},{"type":"Feature","properties":{"kind":"road","name":null,"on_campus":false,"highway":"footway","sport":null,"levels":null,"id":1079692253},"geometry":{"type":"LineString","coordinates":[[-283.3,306.3],[-246.7,306.7],[-244.7,306.7],[-244.0,306.0]]}},{"type":"Feature","properties":{"kind":"road","name":null,"on_campus":false,"highway":"footway","sport":null,"levels":null,"id":1079692257},"geometry":{"type":"LineString","coordinates":[[-282.9,216.2],[-245.2,216.6]]}},{"type":"Feature","properties":{"kind":"road","name":null,"on_campus":false,"highway":"footway","sport":null,"levels":null,"id":1079692258},"geometry":{"type":"LineString","coordinates":[[-283.2,231.0],[-245.6,231.3],[-244.3,231.9],[-243.8,233.2]]}},{"type":"Feature","properties":{"kind":"road","name":null,"on_campus":false,"highway":"footway","sport":null,"levels":null,"id":1079692276},"geometry":{"type":"LineString","coordinates":[[-232.1,141.7],[-229.1,141.7]]}},{"type":"Feature","properties":{"kind":"road","name":null,"on_campus":false,"highway":"footway","sport":null,"levels":null,"id":1079692278},"geometry":{"type":"LineString","coordinates":[[-228.2,139.9],[-229.1,141.7],[-229.2,215.8],[-228.8,216.4],[-227.7,217.7]]}},{"type":"Feature","properties":{"kind":"road","name":null,"on_campus":false,"highway":"footway","sport":null,"levels":null,"id":1079692279},"geometry":{"type":"LineString","coordinates":[[-227.7,219.6],[-227.9,223.3],[-228.1,228.3]]}},{"type":"Feature","properties":{"kind":"road","name":null,"on_campus":false,"highway":"footway","sport":null,"levels":null,"id":1079692280},"geometry":{"type":"LineString","coordinates":[[-240.9,215.1],[-239.8,215.2],[-235.7,215.5],[-232.0,215.8]]}},{"type":"Feature","properties":{"kind":"road","name":null,"on_campus":false,"highway":"footway","sport":null,"levels":null,"id":1079692281},"geometry":{"type":"LineString","coordinates":[[-244.3,218.8],[-245.2,216.6]]}},{"type":"Feature","properties":{"kind":"road","name":null,"on_campus":false,"highway":"footway","sport":null,"levels":null,"id":1079692282},"geometry":{"type":"LineString","coordinates":[[-232.0,215.8],[-229.2,215.8]]}},{"type":"Feature","properties":{"kind":"road","name":null,"on_campus":false,"highway":"footway","sport":null,"levels":null,"id":1079692283},"geometry":{"type":"LineString","coordinates":[[-241.0,232.1],[-239.6,232.0],[-235.6,231.9],[-232.0,231.8]]}},{"type":"Feature","properties":{"kind":"road","name":null,"on_campus":false,"highway":"footway","sport":null,"levels":null,"id":1079692284},"geometry":{"type":"LineString","coordinates":[[-241.0,232.1],[-243.8,233.2]]}},{"type":"Feature","properties":{"kind":"road","name":null,"on_campus":false,"highway":"footway","sport":null,"levels":null,"id":1079692285},"geometry":{"type":"LineString","coordinates":[[-232.0,231.8],[-230.2,231.8]]}},{"type":"Feature","properties":{"kind":"road","name":null,"on_campus":false,"highway":"footway","sport":null,"levels":null,"id":1079692286},"geometry":{"type":"LineString","coordinates":[[-242.5,323.2],[-241.3,323.1],[-235.0,322.8],[-228.7,322.4]]}},{"type":"Feature","properties":{"kind":"road","name":null,"on_campus":false,"highway":"footway","sport":null,"levels":null,"id":1079692287},"geometry":{"type":"LineString","coordinates":[[-244.0,306.0],[-242.3,306.3]]}},{"type":"Feature","properties":{"kind":"road","name":null,"on_campus":false,"highway":"footway","sport":null,"levels":null,"id":1079692288},"geometry":{"type":"LineString","coordinates":[[-228.0,229.9],[-228.0,231.5],[-228.0,306.3]]}},{"type":"Feature","properties":{"kind":"road","name":null,"on_campus":false,"highway":"footway","sport":null,"levels":null,"id":1079692289},"geometry":{"type":"LineString","coordinates":[[-229.0,307.4],[-228.9,315.1],[-228.7,322.4]]}},{"type":"Feature","properties":{"kind":"road","name":null,"on_campus":false,"highway":"footway","sport":null,"levels":null,"id":1079692290},"geometry":{"type":"LineString","coordinates":[[-227.9,322.9],[-227.9,348.8]]}},{"type":"Feature","properties":{"kind":"road","name":null,"on_campus":false,"highway":"footway","sport":null,"levels":null,"id":1079692291},"geometry":{"type":"LineString","coordinates":[[-227.9,348.8],[-227.9,353.4],[-227.9,355.0]]}},{"type":"Feature","properties":{"kind":"road","name":null,"on_campus":false,"highway":"footway","sport":null,"levels":null,"id":1079692292},"geometry":{"type":"LineString","coordinates":[[-227.9,355.0],[-227.9,383.7]]}},{"type":"Feature","properties":{"kind":"road","name":null,"on_campus":false,"highway":"footway","sport":null,"levels":null,"id":1079692293},"geometry":{"type":"LineString","coordinates":[[-227.9,383.7],[-227.9,388.4],[-227.9,389.6]]}},{"type":"Feature","properties":{"kind":"road","name":null,"on_campus":false,"highway":"footway","sport":null,"levels":null,"id":1079692294},"geometry":{"type":"LineString","coordinates":[[-227.9,389.6],[-227.9,397.4],[-227.6,398.1],[-226.9,399.8]]}},{"type":"Feature","properties":{"kind":"road","name":null,"on_campus":false,"highway":"footway","sport":null,"levels":null,"id":1079692296},"geometry":{"type":"LineString","coordinates":[[-242.4,397.6],[-241.3,397.6],[-234.3,397.5],[-230.1,397.5]]}},{"type":"Feature","properties":{"kind":"road","name":null,"on_campus":false,"highway":"footway","sport":null,"levels":null,"id":1079692297},"geometry":{"type":"LineString","coordinates":[[-230.1,397.5],[-227.9,397.4]]}},{"type":"Feature","properties":{"kind":"road","name":null,"on_campus":false,"highway":"service","sport":null,"levels":null,"id":1079692310},"geometry":{"type":"LineString","coordinates":[[-227.1,388.4],[-227.9,388.4],[-234.4,388.4]]}},{"type":"Feature","properties":{"kind":"road","name":null,"on_campus":false,"highway":"footway","sport":null,"levels":null,"id":1080616612},"geometry":{"type":"LineString","coordinates":[[180.4,142.0],[180.3,134.3],[180.3,128.4]]}},{"type":"Feature","properties":{"kind":"road","name":null,"on_campus":false,"highway":"footway","sport":null,"levels":null,"id":1080616613},"geometry":{"type":"LineString","coordinates":[[-99.6,140.9],[-98.9,140.5],[-98.0,140.3],[-96.9,140.2],[-53.9,140.6]]}},{"type":"Feature","properties":{"kind":"road","name":null,"on_campus":false,"highway":"footway","sport":null,"levels":null,"id":1080616614},"geometry":{"type":"LineString","coordinates":[[161.0,128.0],[161.1,134.3],[161.1,141.7]]}},{"type":"Feature","properties":{"kind":"road","name":null,"on_campus":false,"highway":"footway","sport":null,"levels":null,"id":1080616616},"geometry":{"type":"LineString","coordinates":[[177.5,126.1],[171.1,126.1],[164.1,126.1]]}},{"type":"Feature","properties":{"kind":"road","name":null,"on_campus":false,"highway":"footway","sport":null,"levels":null,"id":1080616617},"geometry":{"type":"LineString","coordinates":[[177.5,126.1],[179.2,126.2],[180.3,127.1],[242.2,126.2],[243.6,125.2],[245.4,124.0]]}},{"type":"Feature","properties":{"kind":"road","name":null,"on_campus":false,"highway":"footway","sport":null,"levels":null,"id":1080616618},"geometry":{"type":"LineString","coordinates":[[177.8,144.0],[179.1,144.0],[179.6,143.5],[180.4,143.1],[181.4,143.1],[209.9,142.6]]}},{"type":"Feature","properties":{"kind":"road","name":null,"on_campus":false,"highway":"footway","sport":null,"levels":null,"id":1080616619},"geometry":{"type":"LineString","coordinates":[[164.3,144.0],[171.3,144.0],[177.8,144.0]]}},{"type":"Feature","properties":{"kind":"road","name":null,"on_campus":false,"highway":"footway","sport":null,"levels":null,"id":1080616620},"geometry":{"type":"LineString","coordinates":[[130.7,142.5],[161.1,142.8],[162.0,142.9],[162.9,143.4],[163.3,144.0],[164.3,144.0]]}},{"type":"Feature","properties":{"kind":"road","name":null,"on_campus":false,"highway":"footway","sport":null,"levels":null,"id":1080616622},"geometry":{"type":"LineString","coordinates":[[123.7,142.4],[126.1,142.4],[130.7,142.5]]}},{"type":"Feature","properties":{"kind":"road","name":null,"on_campus":false,"highway":"service","sport":null,"levels":null,"id":1080616623},"geometry":{"type":"LineString","coordinates":[[126.2,146.1],[136.6,146.1]]}},{"type":"Feature","properties":{"kind":"road","name":null,"on_campus":false,"highway":"service","sport":null,"levels":null,"id":1080616624},"geometry":{"type":"LineString","coordinates":[[136.6,162.1],[126.3,162.1]]}},{"type":"Feature","properties":{"kind":"road","name":null,"on_campus":false,"highway":"footway","sport":null,"levels":null,"id":1080616625},"geometry":{"type":"LineString","coordinates":[[88.2,144.0],[88.4,143.0],[89.0,142.4],[89.9,142.0],[123.7,142.4]]}},{"type":"Feature","properties":{"kind":"road","name":null,"on_campus":false,"highway":"footway","sport":null,"levels":null,"id":1080616626},"geometry":{"type":"LineString","coordinates":[[76.5,143.6],[81.3,143.8],[85.7,143.9]]}},{"type":"Feature","properties":{"kind":"road","name":null,"on_campus":false,"highway":"footway","sport":null,"levels":null,"id":1080616627},"geometry":{"type":"LineString","coordinates":[[38.0,141.5],[70.5,141.9],[71.9,142.1],[73.1,142.8]]}},{"type":"Feature","properties":{"kind":"road","name":null,"on_campus":false,"highway":"footway","sport":null,"levels":null,"id":1080616628},"geometry":{"type":"LineString","coordinates":[[32.9,141.5],[35.6,141.5],[38.0,141.5]]}},{"type":"Feature","properties":{"kind":"road","name":null,"on_campus":false,"highway":"footway","sport":null,"levels":null,"id":1080616629},"geometry":{"type":"LineString","coordinates":[[-2.5,141.5],[-1.7,141.1],[32.9,141.5]]}},{"type":"Feature","properties":{"kind":"road","name":null,"on_campus":false,"highway":"footway","sport":null,"levels":null,"id":1080616630},"geometry":{"type":"LineString","coordinates":[[-15.8,141.8],[-9.2,142.0],[-5.4,142.2]]}},{"type":"Feature","properties":{"kind":"road","name":null,"on_campus":false,"highway":"service","sport":null,"levels":null,"id":1080616631},"geometry":{"type":"LineString","coordinates":[[-51.9,315.1],[-51.9,322.9],[-52.0,361.2],[-52.2,398.3],[-52.2,405.5],[-52.2,413.2],[-52.4,455.0],[-52.5,479.1]]}},{"type":"Feature","properties":{"kind":"road","name":null,"on_campus":false,"highway":"footway","sport":null,"levels":null,"id":1080616632},"geometry":{"type":"LineString","coordinates":[[-50.6,140.6],[-18.4,141.0]]}},{"type":"Feature","properties":{"kind":"road","name":null,"on_campus":false,"highway":"footway","sport":null,"levels":null,"id":1080616633},"geometry":{"type":"LineString","coordinates":[[-53.9,140.6],[-52.1,140.6],[-50.6,140.6]]}},{"type":"Feature","properties":{"kind":"road","name":null,"on_campus":false,"highway":"footway","sport":null,"levels":null,"id":1080616634},"geometry":{"type":"LineString","coordinates":[[177.3,-72.5],[176.4,-73.3],[176.4,-75.2],[175.7,-121.4],[175.0,-174.5],[174.8,-189.9],[173.8,-257.3]]}},{"type":"Feature","properties":{"kind":"road","name":null,"on_campus":false,"highway":"footway","sport":null,"levels":null,"id":1080616636},"geometry":{"type":"LineString","coordinates":[[176.3,44.7],[178.0,44.7]]}},{"type":"Feature","properties":{"kind":"road","name":null,"on_campus":false,"highway":"footway","sport":null,"levels":null,"id":1080616637},"geometry":{"type":"LineString","coordinates":[[176.6,-57.5],[176.6,-59.2]]}},{"type":"Feature","properties":{"kind":"road","name":null,"on_campus":false,"highway":"footway","sport":null,"levels":null,"id":1080616638},"geometry":{"type":"LineString","coordinates":[[179.2,126.2],[178.0,44.7],[176.6,-57.5]]}},{"type":"Feature","properties":{"kind":"road","name":null,"on_campus":false,"highway":"footway","sport":null,"levels":null,"id":1080616639},"geometry":{"type":"LineString","coordinates":[[176.6,-59.2],[177.1,-65.6],[177.4,-69.9]]}},{"type":"Feature","properties":{"kind":"road","name":null,"on_campus":false,"highway":"footway","sport":null,"levels":null,"id":1080616640},"geometry":{"type":"LineString","coordinates":[[161.6,-75.1],[168.6,-75.2],[174.6,-75.2]]}},{"type":"Feature","properties":{"kind":"road","name":null,"on_campus":false,"highway":"footway","sport":null,"levels":null,"id":1080616641},"geometry":{"type":"LineString","coordinates":[[160.0,-75.1],[161.6,-75.1]]}},{"type":"Feature","properties":{"kind":"road","name":null,"on_campus":false,"highway":"footway","sport":null,"levels":null,"id":1080616643},"geometry":{"type":"LineString","coordinates":[[160.2,-122.2],[168.0,-121.8],[174.0,-121.4]]}},{"type":"Feature","properties":{"kind":"road","name":null,"on_campus":false,"highway":"footway","sport":null,"levels":null,"id":1080616644},"geometry":{"type":"LineString","coordinates":[[174.0,-121.4],[175.7,-121.4]]}},{"type":"Feature","properties":{"kind":"road","name":null,"on_campus":false,"highway":"footway","sport":null,"levels":null,"id":1080616645},"geometry":{"type":"LineString","coordinates":[[160.4,-174.6],[167.2,-174.6],[173.2,-174.6]]}},{"type":"Feature","properties":{"kind":"road","name":null,"on_campus":false,"highway":"footway","sport":null,"levels":null,"id":1080616647},"geometry":{"type":"LineString","coordinates":[[173.2,-174.6],[175.0,-174.5]]}},{"type":"Feature","properties":{"kind":"road","name":null,"on_campus":false,"highway":"footway","sport":null,"levels":null,"id":1080616648},"geometry":{"type":"LineString","coordinates":[[158.1,-191.9],[167.0,-190.7],[173.0,-189.9]]}},{"type":"Feature","properties":{"kind":"road","name":null,"on_campus":false,"highway":"footway","sport":null,"levels":null,"id":1080616649},"geometry":{"type":"LineString","coordinates":[[173.0,-189.9],[174.8,-189.9]]}},{"type":"Feature","properties":{"kind":"road","name":null,"on_campus":false,"highway":"footway","sport":null,"levels":null,"id":1080616650},"geometry":{"type":"LineString","coordinates":[[173.8,-259.1],[173.7,-265.5],[173.7,-270.3]]}},{"type":"Feature","properties":{"kind":"road","name":null,"on_campus":false,"highway":"footway","sport":null,"levels":null,"id":1080616651},"geometry":{"type":"LineString","coordinates":[[159.0,-259.0],[166.1,-258.1],[172.5,-257.2]]}},{"type":"Feature","properties":{"kind":"road","name":null,"on_campus":false,"highway":"footway","sport":null,"levels":null,"id":1080616652},"geometry":{"type":"LineString","coordinates":[[173.6,-272.4],[172.5,-352.1],[173.1,-359.7],[174.1,-366.1],[176.0,-373.7],[177.9,-379.6],[180.7,-386.7],[185.2,-395.8],[190.0,-405.9],[193.8,-416.0],[196.5,-424.6],[197.6,-430.8],[198.6,-438.3],[199.0,-447.0],[199.1,-458.0],[199.0,-459.7]]}},{"type":"Feature","properties":{"kind":"road","name":null,"on_campus":false,"highway":"footway","sport":null,"levels":null,"id":1080616653},"geometry":{"type":"LineString","coordinates":[[172.2,-272.4],[165.9,-273.1],[157.1,-274.1]]}},{"type":"Feature","properties":{"kind":"road","name":null,"on_campus":false,"highway":"footway","sport":null,"levels":null,"id":1080616654},"geometry":{"type":"LineString","coordinates":[[172.5,-257.2],[173.8,-257.3]]}},{"type":"Feature","properties":{"kind":"road","name":null,"on_campus":false,"highway":"footway","sport":null,"levels":null,"id":1080616662},"geometry":{"type":"LineString","coordinates":[[-116.8,140.1],[-116.8,138.5]]}},{"type":"Feature","properties":{"kind":"road","name":null,"on_campus":false,"highway":"footway","sport":null,"levels":null,"id":1080777119},"geometry":{"type":"LineString","coordinates":[[256.3,-60.7],[256.3,-58.9],[256.2,-56.9],[258.8,125.2]]}},{"type":"Feature","properties":{"kind":"road","name":null,"on_campus":false,"highway":"footway","sport":null,"levels":null,"id":1080777120},"geometry":{"type":"LineString","coordinates":[[241.1,-61.1],[240.9,-58.4],[241.1,-56.7],[243.6,125.2]]}},{"type":"Feature","properties":{"kind":"road","name":null,"on_campus":false,"highway":"footway","sport":null,"levels":null,"id":1080777121},"geometry":{"type":"LineString","coordinates":[[318.6,-262.7],[318.6,-259.4],[321.2,-74.6]]}},{"type":"Feature","properties":{"kind":"road","name":null,"on_campus":false,"highway":"footway","sport":null,"levels":null,"id":1080777122},"geometry":{"type":"LineString","coordinates":[[336.7,-59.8],[339.3,123.9]]}},{"type":"Feature","properties":{"kind":"road","name":null,"on_campus":false,"highway":"footway","sport":null,"levels":null,"id":1080777169},"geometry":{"type":"LineString","coordinates":[[173.6,-272.4],[238.1,-273.4],[241.4,-273.4]]}},{"type":"Feature","properties":{"kind":"road","name":null,"on_campus":false,"highway":"footway","sport":null,"levels":null,"id":1080777170},"geometry":{"type":"LineString","coordinates":[[241.4,-273.4],[246.0,-273.5],[249.9,-273.5]]}},{"type":"Feature","properties":{"kind":"road","name":null,"on_campus":false,"highway":"footway","sport":null,"levels":null,"id":1080777171},"geometry":{"type":"LineString","coordinates":[[250.6,-461.7],[250.7,-458.7],[253.2,-273.6],[253.3,-270.4]]}},{"type":"Feature","properties":{"kind":"road","name":null,"on_campus":false,"highway":"footway","sport":null,"levels":null,"id":1080777172},"geometry":{"type":"LineString","coordinates":[[253.3,-270.4],[253.4,-266.0],[253.4,-261.8]]}},{"type":"Feature","properties":{"kind":"road","name":null,"on_campus":false,"highway":"footway","sport":null,"levels":null,"id":1080777173},"geometry":{"type":"LineString","coordinates":[[173.8,-257.3],[238.3,-258.2],[241.7,-258.3]]}},{"type":"Feature","properties":{"kind":"road","name":null,"on_campus":false,"highway":"footway","sport":null,"levels":null,"id":1080777174},"geometry":{"type":"LineString","coordinates":[[241.7,-258.3],[245.8,-258.3],[250.2,-258.4]]}},{"type":"Feature","properties":{"kind":"road","name":null,"on_campus":false,"highway":"footway","sport":null,"levels":null,"id":1080777175},"geometry":{"type":"LineString","coordinates":[[249.9,-273.5],[253.2,-273.6],[318.4,-274.6],[321.8,-274.6]]}},{"type":"Feature","properties":{"kind":"road","name":null,"on_campus":false,"highway":"footway","sport":null,"levels":null,"id":1080777176},"geometry":{"type":"LineString","coordinates":[[315.8,-462.6],[315.8,-459.6],[318.4,-274.6],[318.4,-271.3]]}},{"type":"Feature","properties":{"kind":"road","name":null,"on_campus":false,"highway":"footway","sport":null,"levels":null,"id":1080777177},"geometry":{"type":"LineString","coordinates":[[321.8,-274.6],[326.1,-274.7],[330.5,-274.7]]}},{"type":"Feature","properties":{"kind":"road","name":null,"on_campus":false,"highway":"footway","sport":null,"levels":null,"id":1080777178},"geometry":{"type":"LineString","coordinates":[[331.0,-463.1],[331.0,-459.9],[333.6,-274.8],[333.7,-271.6]]}},{"type":"Feature","properties":{"kind":"road","name":null,"on_campus":false,"highway":"footway","sport":null,"levels":null,"id":1080777179},"geometry":{"type":"LineString","coordinates":[[333.7,-271.6],[333.7,-267.1],[333.8,-262.6]]}},{"type":"Feature","properties":{"kind":"road","name":null,"on_campus":false,"highway":"footway","sport":null,"levels":null,"id":1080777180},"geometry":{"type":"LineString","coordinates":[[250.2,-258.4],[253.5,-258.4],[318.6,-259.4],[322.0,-259.4]]}},{"type":"Feature","properties":{"kind":"road","name":null,"on_campus":false,"highway":"footway","sport":null,"levels":null,"id":1080777181},"geometry":{"type":"LineString","coordinates":[[322.0,-259.4],[326.2,-259.5],[330.7,-259.6]]}},{"type":"Feature","properties":{"kind":"road","name":null,"on_campus":false,"highway":"footway","sport":null,"levels":null,"id":1080777182},"geometry":{"type":"LineString","coordinates":[[318.4,-271.3],[318.5,-267.0],[318.6,-262.7]]}},{"type":"Feature","properties":{"kind":"road","name":null,"on_campus":false,"highway":"footway","sport":null,"levels":null,"id":1080777183},"geometry":{"type":"LineString","coordinates":[[330.5,-274.7],[333.6,-274.8],[398.8,-275.7],[402.1,-275.8]]}},{"type":"Feature","properties":{"kind":"road","name":null,"on_campus":false,"highway":"footway","sport":null,"levels":null,"id":1080777184},"geometry":{"type":"LineString","coordinates":[[396.1,-463.9],[396.2,-460.8],[398.8,-275.7],[398.8,-272.5]]}},{"type":"Feature","properties":{"kind":"road","name":null,"on_campus":false,"highway":"footway","sport":null,"levels":null,"id":1080777188},"geometry":{"type":"LineString","coordinates":[[330.7,-259.6],[333.9,-259.6],[399.0,-260.6],[402.1,-260.6]]}},{"type":"Feature","properties":{"kind":"road","name":null,"on_campus":false,"highway":"footway","sport":null,"levels":null,"id":1080777190},"geometry":{"type":"LineString","coordinates":[[398.8,-272.5],[398.9,-268.3],[398.9,-263.9]]}},{"type":"Feature","properties":{"kind":"road","name":null,"on_campus":false,"highway":"footway","sport":null,"levels":null,"id":1080777201},"geometry":{"type":"LineString","coordinates":[[177.3,-72.5],[239.3,-73.4],[240.9,-73.8],[242.7,-74.2]]}},{"type":"Feature","properties":{"kind":"road","name":null,"on_campus":false,"highway":"footway","sport":null,"levels":null,"id":1080777202},"geometry":{"type":"LineString","coordinates":[[244.3,-73.6],[248.5,-73.6],[252.6,-73.7]]}},{"type":"Feature","properties":{"kind":"road","name":null,"on_campus":false,"highway":"footway","sport":null,"levels":null,"id":1080777203},"geometry":{"type":"LineString","coordinates":[[238.3,-261.6],[238.3,-258.2],[240.9,-73.8],[240.9,-71.8]]}},{"type":"Feature","properties":{"kind":"road","name":null,"on_campus":false,"highway":"footway","sport":null,"levels":null,"id":1080777204},"geometry":{"type":"LineString","coordinates":[[253.4,-261.8],[253.5,-258.4],[256.0,-74.0],[256.0,-71.9]]}},{"type":"Feature","properties":{"kind":"road","name":null,"on_campus":false,"highway":"footway","sport":null,"levels":null,"id":1080777205},"geometry":{"type":"LineString","coordinates":[[255.4,-70.5],[255.7,-66.3],[256.3,-60.7]]}},{"type":"Feature","properties":{"kind":"road","name":null,"on_campus":false,"highway":"footway","sport":null,"levels":null,"id":1080777206},"geometry":{"type":"LineString","coordinates":[[176.6,-57.5],[240.9,-58.4],[243.4,-58.2]]}},{"type":"Feature","properties":{"kind":"road","name":null,"on_campus":false,"highway":"footway","sport":null,"levels":null,"id":1080777207},"geometry":{"type":"LineString","coordinates":[[243.4,-58.2],[248.7,-58.5],[253.7,-58.5]]}},{"type":"Feature","properties":{"kind":"road","name":null,"on_campus":false,"highway":"footway","sport":null,"levels":null,"id":1080777208},"geometry":{"type":"LineString","coordinates":[[241.7,-70.3],[241.5,-66.5],[241.1,-61.1]]}},{"type":"Feature","properties":{"kind":"road","name":null,"on_campus":false,"highway":"footway","sport":null,"levels":null,"id":1080777209},"geometry":{"type":"LineString","coordinates":[[254.2,-74.3],[256.0,-74.0],[257.6,-73.6],[321.2,-74.6]]}},{"type":"Feature","properties":{"kind":"road","name":null,"on_campus":false,"highway":"footway","sport":null,"levels":null,"id":1080777210},"geometry":{"type":"LineString","coordinates":[[324.2,-74.6],[329.1,-74.7],[333.2,-74.7]]}},{"type":"Feature","properties":{"kind":"road","name":null,"on_campus":false,"highway":"footway","sport":null,"levels":null,"id":1080777211},"geometry":{"type":"LineString","coordinates":[[333.8,-262.6],[333.9,-259.6],[336.5,-74.8]]}},{"type":"Feature","properties":{"kind":"road","name":null,"on_campus":false,"highway":"footway","sport":null,"levels":null,"id":1080777212},"geometry":{"type":"LineString","coordinates":[[336.5,-71.5],[336.6,-67.2],[336.6,-63.0]]}},{"type":"Feature","properties":{"kind":"road","name":null,"on_campus":false,"highway":"footway","sport":null,"levels":null,"id":1080777213},"geometry":{"type":"LineString","coordinates":[[253.7,-58.5],[256.3,-58.9],[321.4,-59.5]]}},{"type":"Feature","properties":{"kind":"road","name":null,"on_campus":false,"highway":"footway","sport":null,"levels":null,"id":1080777214},"geometry":{"type":"LineString","coordinates":[[324.6,-59.6],[329.3,-59.6],[333.3,-59.7]]}},{"type":"Feature","properties":{"kind":"road","name":null,"on_campus":false,"highway":"footway","sport":null,"levels":null,"id":1080777215},"geometry":{"type":"LineString","coordinates":[[321.4,-59.5],[323.9,124.0]]}},{"type":"Feature","properties":{"kind":"road","name":null,"on_campus":false,"highway":"footway","sport":null,"levels":null,"id":1080777216},"geometry":{"type":"LineString","coordinates":[[321.2,-71.3],[321.3,-67.0],[321.3,-62.7]]}},{"type":"Feature","properties":{"kind":"road","name":null,"on_campus":false,"highway":"footway","sport":null,"levels":null,"id":1080777217},"geometry":{"type":"LineString","coordinates":[[336.5,-74.8],[400.2,-75.7],[401.5,-76.4],[403.8,-77.5]]}},{"type":"Feature","properties":{"kind":"road","name":null,"on_campus":false,"highway":"footway","sport":null,"levels":null,"id":1080777221},"geometry":{"type":"LineString","coordinates":[[336.7,-59.8],[400.5,-60.7],[401.8,-60.3],[403.5,-59.8]]}},{"type":"Feature","properties":{"kind":"road","name":null,"on_campus":false,"highway":"footway","sport":null,"levels":null,"id":1080777235},"geometry":{"type":"LineString","coordinates":[[247.0,124.8],[251.7,124.8],[255.4,124.8]]}},{"type":"Feature","properties":{"kind":"road","name":null,"on_campus":false,"highway":"footway","sport":null,"levels":null,"id":1080777237},"geometry":{"type":"LineString","coordinates":[[327.4,123.6],[332.1,123.5],[335.7,123.4]]}},{"type":"Feature","properties":{"kind":"road","name":null,"on_campus":false,"highway":"footway","sport":null,"levels":null,"id":1080777238},"geometry":{"type":"LineString","coordinates":[[257.1,123.9],[258.8,125.2],[259.7,126.0],[322.5,125.0],[323.9,124.0],[325.7,122.8]]}},{"type":"Feature","properties":{"kind":"road","name":null,"on_campus":false,"highway":"footway","sport":null,"levels":null,"id":1080777240},"geometry":{"type":"LineString","coordinates":[[337.3,122.6],[339.3,123.9],[340.5,124.7],[403.2,123.8],[404.4,122.6],[404.3,120.5],[406.7,120.5]]}},{"type":"Feature","properties":{"kind":"road","name":null,"on_campus":false,"highway":"footway","sport":null,"levels":null,"id":1081062402},"geometry":{"type":"LineString","coordinates":[[-115.8,354.8],[-115.8,398.2],[-115.8,400.2]]}},{"type":"Feature","properties":{"kind":"road","name":null,"on_campus":false,"highway":"footway","sport":null,"levels":null,"id":1081062403},"geometry":{"type":"LineString","coordinates":[[-98.4,322.9],[-100.1,322.9],[-100.7,323.2],[-100.9,323.7],[-101.0,398.2],[-101.0,399.7]]}},{"type":"Feature","properties":{"kind":"road","name":null,"on_campus":false,"highway":"footway","sport":null,"levels":null,"id":1081062404},"geometry":{"type":"LineString","coordinates":[[-16.7,322.9],[-16.3,398.3]]}},{"type":"Feature","properties":{"kind":"road","name":null,"on_campus":false,"highway":"footway","sport":null,"levels":null,"id":1081062405},"geometry":{"type":"LineString","coordinates":[[-2.4,262.7],[-2.5,231.5],[-2.5,216.3],[-2.9,142.2],[-2.5,141.5]]}},{"type":"Feature","properties":{"kind":"road","name":null,"on_campus":false,"highway":"footway","sport":null,"levels":null,"id":1081062406},"geometry":{"type":"LineString","coordinates":[[-50.7,216.3],[-17.1,216.3],[-14.0,216.3]]}},{"type":"Feature","properties":{"kind":"road","name":null,"on_campus":false,"highway":"footway","sport":null,"levels":null,"id":1081062407},"geometry":{"type":"LineString","coordinates":[[-51.0,231.5],[-17.0,231.5],[-13.9,231.5]]}},{"type":"Feature","properties":{"kind":"road","name":null,"on_campus":false,"highway":"footway","sport":null,"levels":null,"id":1081062408},"geometry":{"type":"LineString","coordinates":[[-4.3,304.2],[-2.2,303.4],[-1.1,303.0],[74.3,273.6],[77.8,272.2]]}},{"type":"Feature","properties":{"kind":"road","name":null,"on_campus":false,"highway":"footway","sport":null,"levels":null,"id":1081062409},"geometry":{"type":"LineString","coordinates":[[-3.2,320.7],[-2.1,320.3],[1.3,319.0],[78.7,288.8],[90.1,284.4],[162.6,256.2],[163.6,256.2]]}},{"type":"Feature","properties":{"kind":"road","name":null,"on_campus":false,"highway":"footway","sport":null,"levels":null,"id":1081062410},"geometry":{"type":"LineString","coordinates":[[-193.9,398.1],[-151.1,398.2]]}},{"type":"Feature","properties":{"kind":"road","name":null,"on_campus":false,"highway":"footway","sport":null,"levels":null,"id":1081062412},"geometry":{"type":"LineString","coordinates":[[73.1,142.8],[73.8,145.0],[74.2,234.7]]}},{"type":"Feature","properties":{"kind":"road","name":null,"on_campus":false,"highway":"footway","sport":null,"levels":null,"id":1081062413},"geometry":{"type":"LineString","coordinates":[[88.2,144.0],[88.7,229.1]]}},{"type":"Feature","properties":{"kind":"road","name":null,"on_campus":false,"highway":"footway","sport":null,"levels":null,"id":1081062414},"geometry":{"type":"LineString","coordinates":[[164.3,326.0],[164.2,294.5]]}},{"type":"Feature","properties":{"kind":"road","name":null,"on_campus":false,"highway":"service","sport":null,"levels":null,"id":1081062417},"geometry":{"type":"LineString","coordinates":[[-200.3,404.6],[-200.3,398.1],[-200.4,388.5]]}},{"type":"Feature","properties":{"kind":"road","name":null,"on_campus":false,"highway":"footway","sport":null,"levels":null,"id":1081062418},"geometry":{"type":"LineString","coordinates":[[-228.8,216.4],[-211.6,216.4]]}},{"type":"Feature","properties":{"kind":"road","name":null,"on_campus":false,"highway":"footway","sport":null,"levels":null,"id":1081062419},"geometry":{"type":"LineString","coordinates":[[-211.6,216.4],[-207.5,216.4],[-202.7,216.4]]}},{"type":"Feature","properties":{"kind":"road","name":null,"on_campus":false,"highway":"footway","sport":null,"levels":null,"id":1081062420},"geometry":{"type":"LineString","coordinates":[[-202.7,216.4],[-192.0,216.4]]}},{"type":"Feature","properties":{"kind":"road","name":null,"on_campus":false,"highway":"footway","sport":null,"levels":null,"id":1081062421},"geometry":{"type":"LineString","coordinates":[[-192.0,216.4],[-188.0,216.4],[-182.8,216.4]]}},{"type":"Feature","properties":{"kind":"road","name":null,"on_campus":false,"highway":"footway","sport":null,"levels":null,"id":1081062422},"geometry":{"type":"LineString","coordinates":[[-230.2,231.8],[-228.0,231.5],[-196.4,231.5]]}},{"type":"Feature","properties":{"kind":"road","name":null,"on_campus":false,"highway":"footway","sport":null,"levels":null,"id":1081062423},"geometry":{"type":"LineString","coordinates":[[-196.4,231.5],[-193.0,231.5],[-189.8,231.5]]}},{"type":"Feature","properties":{"kind":"road","name":null,"on_campus":false,"highway":"footway","sport":null,"levels":null,"id":1081062424},"geometry":{"type":"LineString","coordinates":[[-189.8,231.5],[-175.6,231.5]]}},{"type":"Feature","properties":{"kind":"road","name":null,"on_campus":false,"highway":"footway","sport":null,"levels":null,"id":1081062425},"geometry":{"type":"LineString","coordinates":[[-175.6,231.5],[-172.3,231.5],[-169.0,231.5]]}},{"type":"Feature","properties":{"kind":"road","name":null,"on_campus":false,"highway":"footway","sport":null,"levels":null,"id":1081062426},"geometry":{"type":"LineString","coordinates":[[-169.0,231.5],[-161.9,231.5],[-154.0,231.5]]}},{"type":"Feature","properties":{"kind":"road","name":null,"on_campus":false,"highway":"footway","sport":null,"levels":null,"id":1081062427},"geometry":{"type":"LineString","coordinates":[[-154.0,231.5],[-151.0,231.5],[-148.2,231.5]]}},{"type":"Feature","properties":{"kind":"road","name":null,"on_campus":false,"highway":"footway","sport":null,"levels":null,"id":1081062428},"geometry":{"type":"LineString","coordinates":[[-117.5,140.1],[-117.4,154.4]]}},{"type":"Feature","properties":{"kind":"road","name":null,"on_campus":false,"highway":"footway","sport":null,"levels":null,"id":1081062429},"geometry":{"type":"LineString","coordinates":[[-117.4,154.4],[-117.4,157.8],[-117.4,161.1]]}},{"type":"Feature","properties":{"kind":"road","name":null,"on_campus":false,"highway":"service","sport":null,"levels":null,"id":1081062430},"geometry":{"type":"LineString","coordinates":[[-93.6,245.5],[-100.7,245.5],[-107.4,245.5]]}},{"type":"Feature","properties":{"kind":"road","name":null,"on_campus":false,"highway":"service","sport":null,"levels":null,"id":1081062431},"geometry":{"type":"LineString","coordinates":[[-107.4,259.0],[-100.8,259.0],[-93.6,259.0]]}},{"type":"Feature","properties":{"kind":"road","name":null,"on_campus":false,"highway":"footway","sport":null,"levels":null,"id":1081062432},"geometry":{"type":"LineString","coordinates":[[-99.6,140.9],[-100.1,141.6],[-100.4,142.3],[-100.5,143.1],[-100.6,144.2],[-100.7,214.8],[-100.7,216.3],[-100.7,218.2]]}},{"type":"Feature","properties":{"kind":"road","name":null,"on_campus":false,"highway":"footway","sport":null,"levels":null,"id":1081062433},"geometry":{"type":"LineString","coordinates":[[-100.7,242.7],[-100.7,245.5],[-100.7,248.9]]}},{"type":"Feature","properties":{"kind":"road","name":null,"on_campus":false,"highway":"footway","sport":null,"levels":null,"id":1081062434},"geometry":{"type":"LineString","coordinates":[[-100.7,248.9],[-100.8,256.2]]}},{"type":"Feature","properties":{"kind":"road","name":null,"on_campus":false,"highway":"footway","sport":null,"levels":null,"id":1081062435},"geometry":{"type":"LineString","coordinates":[[-100.8,256.2],[-100.8,259.0],[-100.8,262.2]]}},{"type":"Feature","properties":{"kind":"road","name":null,"on_campus":false,"highway":"footway","sport":null,"levels":null,"id":1081062436},"geometry":{"type":"LineString","coordinates":[[-117.4,161.1],[-117.4,163.1],[-117.1,216.3],[-116.5,217.8]]}},{"type":"Feature","properties":{"kind":"road","name":null,"on_campus":false,"highway":"footway","sport":null,"levels":null,"id":1081062437},"geometry":{"type":"LineString","coordinates":[[-115.5,241.5],[-115.5,242.6],[-115.5,248.4]]}},{"type":"Feature","properties":{"kind":"road","name":null,"on_campus":false,"highway":"footway","sport":null,"levels":null,"id":1081062438},"geometry":{"type":"LineString","coordinates":[[-123.9,165.1],[-128.7,169.8]]}},{"type":"Feature","properties":{"kind":"road","name":null,"on_campus":false,"highway":"steps","sport":null,"levels":null,"id":1081062439},"geometry":{"type":"LineString","coordinates":[[-118.3,163.1],[-120.4,163.1],[-123.9,165.1]]}},{"type":"Feature","properties":{"kind":"road","name":null,"on_campus":false,"highway":"footway","sport":null,"levels":null,"id":1081062440},"geometry":{"type":"LineString","coordinates":[[-182.8,216.4],[-165.2,216.4],[-162.0,216.4],[-117.1,216.3],[-114.6,215.1]]}},{"type":"Feature","properties":{"kind":"road","name":null,"on_campus":false,"highway":"footway","sport":null,"levels":null,"id":1081062441},"geometry":{"type":"LineString","coordinates":[[-112.7,215.1],[-107.5,215.1],[-102.3,215.1]]}},{"type":"Feature","properties":{"kind":"road","name":null,"on_campus":false,"highway":"footway","sport":null,"levels":null,"id":1081062442},"geometry":{"type":"LineString","coordinates":[[-116.5,219.6],[-116.5,222.9],[-116.4,228.2]]}},{"type":"Feature","properties":{"kind":"road","name":null,"on_campus":false,"highway":"footway","sport":null,"levels":null,"id":1081062443},"geometry":{"type":"LineString","coordinates":[[-116.5,217.8],[-116.5,219.6]]}},{"type":"Feature","properties":{"kind":"road","name":null,"on_campus":false,"highway":"footway","sport":null,"levels":null,"id":1081062444},"geometry":{"type":"LineString","coordinates":[[-116.4,229.9],[-115.7,231.5],[-115.5,231.8],[-115.5,241.5]]}},{"type":"Feature","properties":{"kind":"road","name":null,"on_campus":false,"highway":"footway","sport":null,"levels":null,"id":1081062445},"geometry":{"type":"LineString","coordinates":[[-115.5,231.8],[-112.8,231.9]]}},{"type":"Feature","properties":{"kind":"road","name":null,"on_campus":false,"highway":"footway","sport":null,"levels":null,"id":1081062446},"geometry":{"type":"LineString","coordinates":[[-148.2,231.5],[-115.7,231.5]]}},{"type":"Feature","properties":{"kind":"road","name":null,"on_campus":false,"highway":"footway","sport":null,"levels":null,"id":1081062447},"geometry":{"type":"LineString","coordinates":[[-112.8,231.9],[-107.3,232.0],[-102.2,232.1]]}},{"type":"Feature","properties":{"kind":"road","name":null,"on_campus":false,"highway":"footway","sport":null,"levels":null,"id":1081062448},"geometry":{"type":"LineString","coordinates":[[-100.7,230.4],[-100.7,231.5],[-100.7,232.4],[-100.7,242.7]]}},{"type":"Feature","properties":{"kind":"road","name":null,"on_campus":false,"highway":"footway","sport":null,"levels":null,"id":1081062449},"geometry":{"type":"LineString","coordinates":[[-100.7,218.2],[-100.7,222.9],[-100.7,230.4]]}},{"type":"Feature","properties":{"kind":"road","name":null,"on_campus":false,"highway":"footway","sport":null,"levels":null,"id":1081062450},"geometry":{"type":"LineString","coordinates":[[-100.7,216.3],[-63.7,216.3]]}},{"type":"Feature","properties":{"kind":"road","name":null,"on_campus":false,"highway":"footway","sport":null,"levels":null,"id":1081062451},"geometry":{"type":"LineString","coordinates":[[-63.7,216.3],[-61.6,216.3],[-59.6,216.3]]}},{"type":"Feature","properties":{"kind":"road","name":null,"on_campus":false,"highway":"footway","sport":null,"levels":null,"id":1081062452},"geometry":{"type":"LineString","coordinates":[[-59.6,216.3],[-53.7,216.3]]}},{"type":"Feature","properties":{"kind":"road","name":null,"on_campus":false,"highway":"footway","sport":null,"levels":null,"id":1081062453},"geometry":{"type":"LineString","coordinates":[[-53.7,216.3],[-52.0,216.3],[-50.7,216.3]]}},{"type":"Feature","properties":{"kind":"road","name":null,"on_campus":false,"highway":"footway","sport":null,"levels":null,"id":1081062454},"geometry":{"type":"LineString","coordinates":[[-100.7,231.5],[-53.8,231.5]]}},{"type":"Feature","properties":{"kind":"road","name":null,"on_campus":false,"highway":"footway","sport":null,"levels":null,"id":1081062455},"geometry":{"type":"LineString","coordinates":[[-53.8,231.5],[-52.0,231.5],[-51.0,231.5]]}},{"type":"Feature","properties":{"kind":"road","name":null,"on_campus":false,"highway":"footway","sport":null,"levels":null,"id":1081062456},"geometry":{"type":"LineString","coordinates":[[-18.4,141.0],[-17.7,141.3],[-17.4,141.9],[-17.4,143.0],[-17.1,216.3],[-17.1,217.8]]}},{"type":"Feature","properties":{"kind":"road","name":null,"on_campus":false,"highway":"footway","sport":null,"levels":null,"id":1081062457},"geometry":{"type":"LineString","coordinates":[[-17.1,219.2],[-17.1,222.4],[-17.0,228.1]]}},{"type":"Feature","properties":{"kind":"road","name":null,"on_campus":false,"highway":"footway","sport":null,"levels":null,"id":1081062458},"geometry":{"type":"LineString","coordinates":[[-14.0,216.3],[-9.5,216.3],[-5.9,216.3]]}},{"type":"Feature","properties":{"kind":"road","name":null,"on_campus":false,"highway":"footway","sport":null,"levels":null,"id":1081062459},"geometry":{"type":"LineString","coordinates":[[-5.9,216.3],[-2.5,216.3]]}},{"type":"Feature","properties":{"kind":"road","name":null,"on_campus":false,"highway":"footway","sport":null,"levels":null,"id":1081062460},"geometry":{"type":"LineString","coordinates":[[-5.9,231.5],[-2.5,231.5]]}},{"type":"Feature","properties":{"kind":"road","name":null,"on_campus":false,"highway":"footway","sport":null,"levels":null,"id":1081062461},"geometry":{"type":"LineString","coordinates":[[-13.9,231.5],[-9.4,231.5],[-5.9,231.5]]}},{"type":"Feature","properties":{"kind":"road","name":null,"on_campus":false,"highway":"footway","sport":null,"levels":null,"id":1081062462},"geometry":{"type":"LineString","coordinates":[[-228.0,306.3],[-227.5,306.8],[-196.8,306.8]]}},{"type":"Feature","properties":{"kind":"road","name":null,"on_campus":false,"highway":"footway","sport":null,"levels":null,"id":1081062463},"geometry":{"type":"LineString","coordinates":[[-196.8,306.8],[-194.6,306.8],[-192.3,306.8]]}},{"type":"Feature","properties":{"kind":"road","name":null,"on_campus":false,"highway":"footway","sport":null,"levels":null,"id":1081062464},"geometry":{"type":"LineString","coordinates":[[-227.9,322.9],[-196.1,322.9]]}},{"type":"Feature","properties":{"kind":"road","name":null,"on_campus":false,"highway":"footway","sport":null,"levels":null,"id":1081062465},"geometry":{"type":"LineString","coordinates":[[-196.1,322.9],[-194.7,322.9],[-193.3,322.9]]}},{"type":"Feature","properties":{"kind":"road","name":null,"on_campus":false,"highway":"footway","sport":null,"levels":null,"id":1081062466},"geometry":{"type":"LineString","coordinates":[[-193.3,322.9],[-185.4,322.9]]}},{"type":"Feature","properties":{"kind":"road","name":null,"on_campus":false,"highway":"footway","sport":null,"levels":null,"id":1081062467},"geometry":{"type":"LineString","coordinates":[[-185.4,322.9],[-182.0,322.9],[-177.4,322.9]]}},{"type":"Feature","properties":{"kind":"road","name":null,"on_campus":false,"highway":"footway","sport":null,"levels":null,"id":1081062468},"geometry":{"type":"LineString","coordinates":[[-192.3,306.8],[-152.2,306.7]]}},{"type":"Feature","properties":{"kind":"road","name":null,"on_campus":false,"highway":"footway","sport":null,"levels":null,"id":1081062469},"geometry":{"type":"LineString","coordinates":[[-152.2,306.7],[-149.5,306.7],[-144.7,306.7]]}},{"type":"Feature","properties":{"kind":"road","name":null,"on_campus":false,"highway":"footway","sport":null,"levels":null,"id":1081062470},"geometry":{"type":"LineString","coordinates":[[-177.4,322.9],[-143.0,322.9],[-136.9,322.9]]}},{"type":"Feature","properties":{"kind":"road","name":null,"on_campus":false,"highway":"footway","sport":null,"levels":null,"id":1081062471},"geometry":{"type":"LineString","coordinates":[[-136.9,322.9],[-133.0,322.9],[-129.1,322.9]]}},{"type":"Feature","properties":{"kind":"road","name":null,"on_campus":false,"highway":"footway","sport":null,"levels":null,"id":1081062472},"geometry":{"type":"LineString","coordinates":[[-144.7,306.7],[-117.8,306.7],[-116.8,306.3]]}},{"type":"Feature","properties":{"kind":"road","name":null,"on_campus":false,"highway":"footway","sport":null,"levels":null,"id":1081062473},"geometry":{"type":"LineString","coordinates":[[-129.1,322.9],[-116.8,322.9]]}},{"type":"Feature","properties":{"kind":"road","name":null,"on_campus":false,"highway":"footway","sport":null,"levels":null,"id":1081062474},"geometry":{"type":"LineString","coordinates":[[-100.4,320.8],[-107.4,321.3],[-115.8,321.9]]}},{"type":"Feature","properties":{"kind":"road","name":null,"on_campus":false,"highway":"footway","sport":null,"levels":null,"id":1081062475},"geometry":{"type":"LineString","coordinates":[[-115.5,248.4],[-115.7,304.1],[-116.1,305.6],[-116.8,306.3]]}},{"type":"Feature","properties":{"kind":"road","name":null,"on_campus":false,"highway":"footway","sport":null,"levels":null,"id":1081062476},"geometry":{"type":"LineString","coordinates":[[-100.8,262.2],[-100.9,304.0],[-100.7,305.3],[-100.1,306.2],[-99.0,306.7]]}},{"type":"Feature","properties":{"kind":"road","name":null,"on_campus":false,"highway":"footway","sport":null,"levels":null,"id":1081062477},"geometry":{"type":"LineString","coordinates":[[-98.4,322.9],[-69.1,322.9]]}},{"type":"Feature","properties":{"kind":"road","name":null,"on_campus":false,"highway":"footway","sport":null,"levels":null,"id":1081062478},"geometry":{"type":"LineString","coordinates":[[-69.1,322.9],[-67.4,322.9],[-66.2,322.9]]}},{"type":"Feature","properties":{"kind":"road","name":null,"on_campus":false,"highway":"footway","sport":null,"levels":null,"id":1081062479},"geometry":{"type":"LineString","coordinates":[[-99.0,306.7],[-68.9,306.7]]}},{"type":"Feature","properties":{"kind":"road","name":null,"on_campus":false,"highway":"footway","sport":null,"levels":null,"id":1081062480},"geometry":{"type":"LineString","coordinates":[[-68.9,306.7],[-67.4,306.7],[-65.8,306.7]]}},{"type":"Feature","properties":{"kind":"road","name":null,"on_campus":false,"highway":"footway","sport":null,"levels":null,"id":1081062481},"geometry":{"type":"LineString","coordinates":[[-66.2,322.9],[-53.8,322.9]]}},{"type":"Feature","properties":{"kind":"road","name":null,"on_campus":false,"highway":"footway","sport":null,"levels":null,"id":1081062482},"geometry":{"type":"LineString","coordinates":[[-53.8,322.9],[-51.9,322.9],[-50.7,322.9]]}},{"type":"Feature","properties":{"kind":"road","name":null,"on_campus":false,"highway":"footway","sport":null,"levels":null,"id":1081062483},"geometry":{"type":"LineString","coordinates":[[-65.8,306.7],[-53.1,306.7]]}},{"type":"Feature","properties":{"kind":"road","name":null,"on_campus":false,"highway":"footway","sport":null,"levels":null,"id":1081062484},"geometry":{"type":"LineString","coordinates":[[-53.1,306.7],[-51.9,306.7],[-50.5,306.7]]}},{"type":"Feature","properties":{"kind":"road","name":null,"on_campus":false,"highway":"footway","sport":null,"levels":null,"id":1081062485},"geometry":{"type":"LineString","coordinates":[[-50.5,306.7],[-19.2,306.7],[-16.7,306.7],[-15.2,306.7]]}},{"type":"Feature","properties":{"kind":"road","name":null,"on_campus":false,"highway":"footway","sport":null,"levels":null,"id":1081062486},"geometry":{"type":"LineString","coordinates":[[-15.2,306.7],[-8.9,305.3],[-4.3,304.2]]}},{"type":"Feature","properties":{"kind":"road","name":null,"on_campus":false,"highway":"footway","sport":null,"levels":null,"id":1081062487},"geometry":{"type":"LineString","coordinates":[[-50.7,322.9],[-19.1,322.9],[-16.7,322.9],[-14.3,322.9]]}},{"type":"Feature","properties":{"kind":"road","name":null,"on_campus":false,"highway":"footway","sport":null,"levels":null,"id":1081062488},"geometry":{"type":"LineString","coordinates":[[-14.3,322.9],[-8.8,321.8],[-3.2,320.7]]}},{"type":"Feature","properties":{"kind":"road","name":null,"on_campus":false,"highway":"footway","sport":null,"levels":null,"id":1081062489},"geometry":{"type":"LineString","coordinates":[[-19.2,309.4],[-19.1,314.5],[-19.1,319.4]]}},{"type":"Feature","properties":{"kind":"road","name":null,"on_campus":false,"highway":"footway","sport":null,"levels":null,"id":1081062490},"geometry":{"type":"LineString","coordinates":[[0.0,305.9],[-0.1,310.7],[-0.3,317.0]]}},{"type":"Feature","properties":{"kind":"road","name":null,"on_campus":false,"highway":"footway","sport":null,"levels":null,"id":1081062491},"geometry":{"type":"LineString","coordinates":[[-2.1,320.3],[-2.0,353.3]]}},{"type":"Feature","properties":{"kind":"road","name":null,"on_campus":false,"highway":"footway","sport":null,"levels":null,"id":1081062492},"geometry":{"type":"LineString","coordinates":[[-17.0,229.8],[-17.0,231.5],[-16.7,306.7]]}},{"type":"Feature","properties":{"kind":"road","name":null,"on_campus":false,"highway":"footway","sport":null,"levels":null,"id":1081062497},"geometry":{"type":"LineString","coordinates":[[-2.3,271.2],[-2.2,303.4]]}},{"type":"Feature","properties":{"kind":"road","name":null,"on_campus":false,"highway":"footway","sport":null,"levels":null,"id":1081062498},"geometry":{"type":"LineString","coordinates":[[-2.4,262.7],[-2.3,266.0],[-2.3,271.2]]}},{"type":"Feature","properties":{"kind":"road","name":null,"on_campus":false,"highway":"footway","sport":null,"levels":null,"id":1081062499},"geometry":{"type":"LineString","coordinates":[[74.2,239.8],[74.3,273.6],[74.3,277.3]]}},{"type":"Feature","properties":{"kind":"road","name":null,"on_campus":false,"highway":"footway","sport":null,"levels":null,"id":1081062500},"geometry":{"type":"LineString","coordinates":[[74.2,234.7],[74.2,236.5],[74.2,239.8]]}},{"type":"Feature","properties":{"kind":"road","name":null,"on_campus":false,"highway":"footway","sport":null,"levels":null,"id":1081062501},"geometry":{"type":"LineString","coordinates":[[88.7,234.1],[88.9,267.9],[88.9,270.5]]}},{"type":"Feature","properties":{"kind":"road","name":null,"on_campus":false,"highway":"footway","sport":null,"levels":null,"id":1081062502},"geometry":{"type":"LineString","coordinates":[[88.7,229.1],[88.7,230.9],[88.7,234.1]]}},{"type":"Feature","properties":{"kind":"road","name":null,"on_campus":false,"highway":"footway","sport":null,"levels":null,"id":1081062503},"geometry":{"type":"LineString","coordinates":[[163.3,144.0],[163.6,144.7],[163.7,145.5],[163.8,146.4],[163.9,199.5]]}},{"type":"Feature","properties":{"kind":"road","name":null,"on_campus":false,"highway":"footway","sport":null,"levels":null,"id":1081062504},"geometry":{"type":"LineString","coordinates":[[163.9,199.5],[163.9,202.0],[163.9,205.1]]}},{"type":"Feature","properties":{"kind":"road","name":null,"on_campus":false,"highway":"footway","sport":null,"levels":null,"id":1081062505},"geometry":{"type":"LineString","coordinates":[[163.9,205.1],[164.0,237.3],[163.7,238.3],[162.8,239.0]]}},{"type":"Feature","properties":{"kind":"road","name":null,"on_campus":false,"highway":"footway","sport":null,"levels":null,"id":1081062506},"geometry":{"type":"LineString","coordinates":[[162.9,241.8],[163.3,249.2],[163.5,254.7]]}},{"type":"Feature","properties":{"kind":"road","name":null,"on_campus":false,"highway":"footway","sport":null,"levels":null,"id":1081062507},"geometry":{"type":"LineString","coordinates":[[163.6,256.2],[164.1,257.0],[164.2,289.2]]}},{"type":"Feature","properties":{"kind":"road","name":null,"on_campus":false,"highway":"footway","sport":null,"levels":null,"id":1081062508},"geometry":{"type":"LineString","coordinates":[[164.2,289.2],[164.2,292.2],[164.2,294.5]]}},{"type":"Feature","properties":{"kind":"road","name":null,"on_campus":false,"highway":"footway","sport":null,"levels":null,"id":1081062509},"geometry":{"type":"LineString","coordinates":[[-2.0,359.6],[-1.8,394.7]]}},{"type":"Feature","properties":{"kind":"road","name":null,"on_campus":false,"highway":"footway","sport":null,"levels":null,"id":1081062510},"geometry":{"type":"LineString","coordinates":[[-2.0,353.3],[-2.0,355.4],[-2.0,359.6]]}},{"type":"Feature","properties":{"kind":"road","name":null,"on_campus":false,"highway":"footway","sport":null,"levels":null,"id":1081062511},"geometry":{"type":"LineString","coordinates":[[74.3,277.3],[75.7,280.9],[77.5,285.8]]}},{"type":"Feature","properties":{"kind":"road","name":null,"on_campus":false,"highway":"footway","sport":null,"levels":null,"id":1081062512},"geometry":{"type":"LineString","coordinates":[[77.5,285.8],[78.7,288.8]]}},{"type":"Feature","properties":{"kind":"road","name":null,"on_campus":false,"highway":"footway","sport":null,"levels":null,"id":1081062513},"geometry":{"type":"LineString","coordinates":[[89.0,281.4],[90.1,284.4]]}},{"type":"Feature","properties":{"kind":"road","name":null,"on_campus":false,"highway":"footway","sport":null,"levels":null,"id":1081062514},"geometry":{"type":"LineString","coordinates":[[88.9,270.5],[89.0,275.7],[89.0,281.4]]}},{"type":"Feature","properties":{"kind":"road","name":null,"on_campus":false,"highway":"footway","sport":null,"levels":null,"id":1081062515},"geometry":{"type":"LineString","coordinates":[[86.4,268.9],[88.9,267.9],[162.8,239.0]]}},{"type":"Feature","properties":{"kind":"road","name":null,"on_campus":false,"highway":"footway","sport":null,"levels":null,"id":1081062516},"geometry":{"type":"LineString","coordinates":[[77.8,272.2],[82.1,270.5],[86.4,268.9]]}},{"type":"Feature","properties":{"kind":"road","name":null,"on_campus":false,"highway":"footway","sport":null,"levels":null,"id":1081062517},"geometry":{"type":"LineString","coordinates":[[-1.8,394.7],[158.5,332.4],[161.6,331.2],[163.1,330.2],[163.9,329.2],[164.3,327.8],[164.3,326.0]]}},{"type":"Feature","properties":{"kind":"road","name":null,"on_campus":false,"highway":"footway","sport":null,"levels":null,"id":1081062518},"geometry":{"type":"LineString","coordinates":[[-1.8,394.7],[-8.4,396.3],[-16.3,398.3]]}},{"type":"Feature","properties":{"kind":"road","name":null,"on_campus":false,"highway":"footway","sport":null,"levels":null,"id":1081062520},"geometry":{"type":"LineString","coordinates":[[-50.4,398.3],[-16.3,398.3]]}},{"type":"Feature","properties":{"kind":"road","name":null,"on_campus":false,"highway":"footway","sport":null,"levels":null,"id":1081062521},"geometry":{"type":"LineString","coordinates":[[-53.7,398.3],[-52.2,398.3],[-50.4,398.3]]}},{"type":"Feature","properties":{"kind":"road","name":null,"on_campus":false,"highway":"footway","sport":null,"levels":null,"id":1081062527},"geometry":{"type":"LineString","coordinates":[[-101.0,398.2],[-53.7,398.3]]}},{"type":"Feature","properties":{"kind":"road","name":null,"on_campus":false,"highway":"footway","sport":null,"levels":null,"id":1081062528},"geometry":{"type":"LineString","coordinates":[[-114.6,398.2],[-107.5,398.2],[-101.8,398.2]]}},{"type":"Feature","properties":{"kind":"road","name":null,"on_campus":false,"highway":"footway","sport":null,"levels":null,"id":1081062534},"geometry":{"type":"LineString","coordinates":[[-101.8,398.2],[-101.0,398.2]]}},{"type":"Feature","properties":{"kind":"road","name":null,"on_campus":false,"highway":"footway","sport":null,"levels":null,"id":1081062537},"geometry":{"type":"LineString","coordinates":[[-147.9,398.2],[-115.8,398.2],[-114.6,398.2]]}},{"type":"Feature","properties":{"kind":"road","name":null,"on_campus":false,"highway":"footway","sport":null,"levels":null,"id":1081062538},"geometry":{"type":"LineString","coordinates":[[-151.1,398.2],[-149.4,398.2],[-147.9,398.2]]}},{"type":"Feature","properties":{"kind":"road","name":null,"on_campus":false,"highway":"footway","sport":null,"levels":null,"id":1081062539},"geometry":{"type":"LineString","coordinates":[[-227.6,398.1],[-202.2,398.1]]}},{"type":"Feature","properties":{"kind":"road","name":null,"on_campus":false,"highway":"footway","sport":null,"levels":null,"id":1081062540},"geometry":{"type":"LineString","coordinates":[[-202.2,398.1],[-200.3,398.1],[-197.1,398.1]]}},{"type":"Feature","properties":{"kind":"road","name":null,"on_campus":false,"highway":"footway","sport":null,"levels":null,"id":1081062544},"geometry":{"type":"LineString","coordinates":[[-197.1,398.1],[-195.1,398.1],[-193.9,398.1]]}},{"type":"Feature","properties":{"kind":"road","name":null,"on_campus":false,"highway":"footway","sport":null,"levels":null,"id":1081062547},"geometry":{"type":"LineString","coordinates":[[-116.8,322.9],[-116.0,323.5],[-115.7,324.5],[-115.7,347.1]]}},{"type":"Feature","properties":{"kind":"road","name":null,"on_campus":false,"highway":"footway","sport":null,"levels":null,"id":1081062548},"geometry":{"type":"LineString","coordinates":[[-115.7,347.1],[-115.7,349.6],[-115.8,354.8]]}},{"type":"Feature","properties":{"kind":"road","name":null,"on_campus":false,"highway":"service","sport":null,"levels":null,"id":1081062549},"geometry":{"type":"LineString","coordinates":[[-182.0,346.5],[-151.8,346.8]]}},{"type":"Feature","properties":{"kind":"road","name":null,"on_campus":false,"highway":"service","sport":null,"levels":null,"id":1081062550},"geometry":{"type":"LineString","coordinates":[[-143.2,346.8],[-133.0,349.4]]}},{"type":"Feature","properties":{"kind":"road","name":null,"on_campus":false,"highway":"service","sport":null,"levels":null,"id":1081062551},"geometry":{"type":"LineString","coordinates":[[-133.0,327.0],[-133.0,322.9],[-133.0,314.8]]}},{"type":"Feature","properties":{"kind":"road","name":null,"on_campus":false,"highway":"service","sport":null,"levels":null,"id":1081062552},"geometry":{"type":"LineString","coordinates":[[-133.0,349.4],[-133.0,327.0]]}},{"type":"Feature","properties":{"kind":"road","name":null,"on_campus":false,"highway":"footway","sport":null,"levels":null,"id":1081062555},"geometry":{"type":"LineString","coordinates":[[159.7,335.6],[159.8,339.5],[159.9,344.5]]}},{"type":"Feature","properties":{"kind":"road","name":null,"on_campus":false,"highway":"footway","sport":null,"levels":null,"id":1081062556},"geometry":{"type":"LineString","coordinates":[[160.1,346.0],[158.9,346.2],[156.7,347.2],[154.7,348.7],[151.5,350.5],[147.9,351.3],[143.8,352.4],[139.4,354.5],[134.4,356.4],[127.7,359.3],[123.9,361.3],[120.6,362.9],[117.2,364.2],[114.0,365.5],[110.6,367.1],[106.5,368.2],[101.7,369.9],[97.2,372.1],[92.8,374.2],[88.1,376.6],[83.3,378.1],[78.9,378.9],[75.1,380.6],[70.9,382.7],[66.3,384.5],[62.0,385.7],[57.6,386.8],[53.3,388.2],[49.1,389.4],[45.1,391.4],[40.7,392.7],[36.8,393.0],[33.5,394.2],[30.0,396.0],[25.9,398.1],[22.1,399.4],[18.6,401.2],[14.8,403.4],[11.1,405.0],[8.8,406.6],[-0.1,410.5]]}},{"type":"Feature","properties":{"kind":"road","name":null,"on_campus":false,"highway":"footway","sport":null,"levels":null,"id":1082168821},"geometry":{"type":"LineString","coordinates":[[178.2,323.6],[172.0,324.8],[165.5,326.0]]}},{"type":"Feature","properties":{"kind":"road","name":null,"on_campus":false,"highway":"footway","sport":null,"levels":null,"id":1082168822},"geometry":{"type":"LineString","coordinates":[[324.2,341.0],[323.5,340.5],[321.9,341.0],[320.3,341.1],[318.8,340.8],[316.9,340.2],[315.5,339.4],[308.4,335.6],[299.1,330.7],[297.5,329.8],[296.1,329.0],[294.6,328.3],[293.0,327.6],[291.3,327.2],[289.5,326.9],[287.7,326.8],[285.9,326.7],[183.5,326.6],[181.0,326.6],[180.0,326.1],[179.4,325.1],[179.2,323.7]]}},{"type":"Feature","properties":{"kind":"road","name":null,"on_campus":false,"highway":"footway","sport":null,"levels":null,"id":1082168823},"geometry":{"type":"LineString","coordinates":[[183.5,340.7],[183.5,331.5],[183.5,328.3]]}},{"type":"Feature","properties":{"kind":"road","name":null,"on_campus":false,"highway":"footway","sport":null,"levels":null,"id":1082168825},"geometry":{"type":"LineString","coordinates":[[179.9,241.9],[179.1,240.0],[178.9,144.9],[179.1,144.0]]}},{"type":"Feature","properties":{"kind":"road","name":null,"on_campus":false,"highway":"footway","sport":null,"levels":null,"id":1082168826},"geometry":{"type":"LineString","coordinates":[[179.2,323.7],[179.1,295.9]]}},{"type":"Feature","properties":{"kind":"road","name":null,"on_campus":false,"highway":"footway","sport":null,"levels":null,"id":1082168827},"geometry":{"type":"LineString","coordinates":[[179.1,295.9],[179.1,292.2],[179.1,289.7]]}},{"type":"Feature","properties":{"kind":"road","name":null,"on_campus":false,"highway":"footway","sport":null,"levels":null,"id":1082168828},"geometry":{"type":"LineString","coordinates":[[179.1,289.7],[179.1,259.5],[179.9,258.1]]}},{"type":"Feature","properties":{"kind":"road","name":null,"on_campus":false,"highway":"footway","sport":null,"levels":null,"id":1082168829},"geometry":{"type":"LineString","coordinates":[[179.9,256.0],[179.9,249.1],[179.9,244.0]]}},{"type":"Feature","properties":{"kind":"road","name":null,"on_campus":false,"highway":"footway","sport":null,"levels":null,"id":1082168831},"geometry":{"type":"LineString","coordinates":[[209.9,142.6],[211.7,142.6],[213.6,142.6]]}},{"type":"Feature","properties":{"kind":"road","name":null,"on_campus":false,"highway":"footway","sport":null,"levels":null,"id":1082168832},"geometry":{"type":"LineString","coordinates":[[213.6,142.6],[242.9,142.2],[244.0,142.3],[244.7,142.9],[245.1,143.8],[245.2,144.7]]}},{"type":"Feature","properties":{"kind":"road","name":null,"on_campus":false,"highway":"footway","sport":null,"levels":null,"id":1082168833},"geometry":{"type":"LineString","coordinates":[[247.5,144.7],[251.9,144.6],[255.3,144.6]]}},{"type":"Feature","properties":{"kind":"road","name":null,"on_campus":false,"highway":"footway","sport":null,"levels":null,"id":1082168834},"geometry":{"type":"LineString","coordinates":[[257.3,144.6],[257.5,143.6],[258.0,142.6],[258.9,142.1],[260.0,141.9],[289.8,141.5]]}},{"type":"Feature","properties":{"kind":"road","name":null,"on_campus":false,"highway":"footway","sport":null,"levels":null,"id":1082168835},"geometry":{"type":"LineString","coordinates":[[289.8,141.5],[291.6,141.5],[293.3,141.5]]}},{"type":"Feature","properties":{"kind":"road","name":null,"on_campus":false,"highway":"footway","sport":null,"levels":null,"id":1082168836},"geometry":{"type":"LineString","coordinates":[[293.3,141.5],[325.0,141.0],[325.7,141.7]]}},{"type":"Feature","properties":{"kind":"road","name":null,"on_campus":false,"highway":"footway","sport":null,"levels":null,"id":1082168837},"geometry":{"type":"LineString","coordinates":[[326.9,141.0],[332.3,140.7],[337.3,140.4]]}},{"type":"Feature","properties":{"kind":"road","name":null,"on_campus":false,"highway":"footway","sport":null,"levels":null,"id":1082168838},"geometry":{"type":"LineString","coordinates":[[338.2,141.4],[338.9,140.9],[339.9,140.8],[370.5,140.3]]}},{"type":"Feature","properties":{"kind":"road","name":null,"on_campus":false,"highway":"footway","sport":null,"levels":null,"id":1082168839},"geometry":{"type":"LineString","coordinates":[[370.5,140.3],[372.2,140.3],[373.6,140.3]]}},{"type":"Feature","properties":{"kind":"road","name":null,"on_campus":false,"highway":"footway","sport":null,"levels":null,"id":1082168840},"geometry":{"type":"LineString","coordinates":[[373.6,140.3],[403.9,139.9],[404.9,140.0],[405.7,140.5],[406.0,141.4]]}},{"type":"Feature","properties":{"kind":"road","name":null,"on_campus":false,"highway":"footway","sport":null,"levels":null,"id":1082465597},"geometry":{"type":"LineString","coordinates":[[325.7,141.7],[326.2,239.9],[326.2,243.2]]}},{"type":"Feature","properties":{"kind":"road","name":null,"on_campus":false,"highway":"footway","sport":null,"levels":null,"id":1082465599},"geometry":{"type":"LineString","coordinates":[[336.5,350.6],[330.2,345.7],[324.2,341.0]]}},{"type":"Feature","properties":{"kind":"road","name":null,"on_campus":false,"highway":"footway","sport":null,"levels":null,"id":1082465600},"geometry":{"type":"LineString","coordinates":[[338.2,141.4],[337.7,142.4],[338.1,239.7],[338.2,242.6]]}},{"type":"Feature","properties":{"kind":"road","name":null,"on_campus":false,"highway":"footway","sport":null,"levels":null,"id":1082465601},"geometry":{"type":"LineString","coordinates":[[338.3,265.0],[338.2,260.8],[339.1,260.7],[340.5,260.2],[341.7,259.2],[342.5,257.9],[342.9,256.5],[342.8,255.0],[342.2,253.6],[341.2,252.4],[339.9,251.7],[338.4,251.3],[338.2,251.3],[336.9,251.5],[335.4,252.1],[334.3,253.3],[333.5,254.7],[331.8,254.8],[328.0,257.1]]}},{"type":"Feature","properties":{"kind":"road","name":null,"on_campus":false,"highway":"footway","sport":null,"levels":null,"id":1082465602},"geometry":{"type":"LineString","coordinates":[[338.5,314.9],[338.6,351.8]]}},{"type":"Feature","properties":{"kind":"road","name":null,"on_campus":false,"highway":"footway","sport":null,"levels":null,"id":1082465603},"geometry":{"type":"LineString","coordinates":[[338.6,247.2],[338.2,251.3]]}},{"type":"Feature","properties":{"kind":"road","name":null,"on_campus":false,"highway":"footway","sport":null,"levels":null,"id":1082465604},"geometry":{"type":"LineString","coordinates":[[326.3,265.6],[326.5,302.6]]}},{"type":"Feature","properties":{"kind":"road","name":null,"on_campus":false,"highway":"footway","sport":null,"levels":null,"id":1082465605},"geometry":{"type":"LineString","coordinates":[[328.0,247.0],[334.3,253.3]]}},{"type":"Feature","properties":{"kind":"road","name":null,"on_campus":false,"highway":"footway","sport":null,"levels":null,"id":1082465606},"geometry":{"type":"LineString","coordinates":[[328.0,257.1],[326.9,259.1],[326.1,260.5]]}},{"type":"Feature","properties":{"kind":"road","name":null,"on_campus":false,"highway":"footway","sport":null,"levels":null,"id":1082465607},"geometry":{"type":"LineString","coordinates":[[326.2,243.2],[327.2,245.2],[328.0,247.0]]}},{"type":"Feature","properties":{"kind":"road","name":null,"on_campus":false,"highway":"footway","sport":null,"levels":null,"id":1082465609},"geometry":{"type":"LineString","coordinates":[[342.8,255.0],[345.0,254.4],[352.9,256.8]]}},{"type":"Feature","properties":{"kind":"road","name":null,"on_campus":false,"highway":"footway","sport":null,"levels":null,"id":1082465610},"geometry":{"type":"LineString","coordinates":[[352.9,256.8],[356.5,256.2],[359.5,255.7]]}},{"type":"Feature","properties":{"kind":"road","name":null,"on_campus":false,"highway":"footway","sport":null,"levels":null,"id":1082465611},"geometry":{"type":"LineString","coordinates":[[338.2,242.6],[338.2,244.8],[338.6,247.2]]}},{"type":"Feature","properties":{"kind":"road","name":null,"on_campus":false,"highway":"footway","sport":null,"levels":null,"id":1082465612},"geometry":{"type":"LineString","coordinates":[[338.3,265.0],[338.3,267.2],[338.4,271.3]]}},{"type":"Feature","properties":{"kind":"road","name":null,"on_campus":false,"highway":"footway","sport":null,"levels":null,"id":1082465613},"geometry":{"type":"LineString","coordinates":[[179.9,258.1],[245.9,257.3],[258.1,257.1],[296.6,256.6],[299.4,256.6],[302.5,256.8],[305.7,257.2],[308.8,257.7],[312.3,258.5],[315.6,259.5],[318.7,260.6],[321.4,261.8],[324.2,263.0],[325.5,264.1],[326.3,265.6]]}},{"type":"Feature","properties":{"kind":"road","name":null,"on_campus":false,"highway":"footway","sport":null,"levels":null,"id":1082465614},"geometry":{"type":"LineString","coordinates":[[328.4,265.6],[333.2,268.3],[338.4,271.3]]}},{"type":"Feature","properties":{"kind":"road","name":null,"on_campus":false,"highway":"footway","sport":null,"levels":null,"id":1082465615},"geometry":{"type":"LineString","coordinates":[[255.8,240.8],[258.0,240.8],[290.1,240.4]]}},{"type":"Feature","properties":{"kind":"road","name":null,"on_campus":false,"highway":"footway","sport":null,"levels":null,"id":1082465616},"geometry":{"type":"LineString","coordinates":[[328.1,239.9],[332.9,239.8],[336.1,239.7]]}},{"type":"Feature","properties":{"kind":"road","name":null,"on_campus":false,"highway":"footway","sport":null,"levels":null,"id":1082465625},"geometry":{"type":"LineString","coordinates":[[245.2,144.7],[245.8,241.0],[245.9,244.0]]}},{"type":"Feature","properties":{"kind":"road","name":null,"on_campus":false,"highway":"footway","sport":null,"levels":null,"id":1082465626},"geometry":{"type":"LineString","coordinates":[[257.3,144.6],[258.0,240.8],[258.0,243.6]]}},{"type":"Feature","properties":{"kind":"road","name":null,"on_campus":false,"highway":"footway","sport":null,"levels":null,"id":1082465636},"geometry":{"type":"LineString","coordinates":[[363.0,255.6],[363.1,256.8],[362.1,257.6],[361.2,258.5],[360.5,259.6],[360.0,260.8],[359.7,262.2],[359.8,263.6],[360.2,265.0],[360.9,266.2],[361.9,267.3],[363.2,268.2],[364.4,269.0],[365.9,269.8],[450.8,315.1]]}},{"type":"Feature","properties":{"kind":"road","name":null,"on_campus":false,"highway":"footway","sport":null,"levels":null,"id":1082465637},"geometry":{"type":"LineString","coordinates":[[179.9,241.9],[208.5,241.5]]}},{"type":"Feature","properties":{"kind":"road","name":null,"on_campus":false,"highway":"footway","sport":null,"levels":null,"id":1082465638},"geometry":{"type":"LineString","coordinates":[[208.5,241.5],[212.7,241.4],[214.0,241.4]]}},{"type":"Feature","properties":{"kind":"road","name":null,"on_campus":false,"highway":"footway","sport":null,"levels":null,"id":1082465639},"geometry":{"type":"LineString","coordinates":[[214.0,241.4],[245.8,241.0],[247.9,240.9]]}},{"type":"Feature","properties":{"kind":"road","name":null,"on_campus":false,"highway":"footway","sport":null,"levels":null,"id":1082465640},"geometry":{"type":"LineString","coordinates":[[247.9,240.9],[252.1,240.9],[255.8,240.8]]}},{"type":"Feature","properties":{"kind":"road","name":null,"on_campus":false,"highway":"footway","sport":null,"levels":null,"id":1082465641},"geometry":{"type":"LineString","coordinates":[[258.0,243.6],[258.0,248.3],[258.1,254.1]]}},{"type":"Feature","properties":{"kind":"road","name":null,"on_campus":false,"highway":"footway","sport":null,"levels":null,"id":1082465642},"geometry":{"type":"LineString","coordinates":[[258.1,254.1],[258.1,257.1]]}},{"type":"Feature","properties":{"kind":"road","name":null,"on_campus":false,"highway":"footway","sport":null,"levels":null,"id":1082465643},"geometry":{"type":"LineString","coordinates":[[245.9,253.9],[245.9,257.3]]}},{"type":"Feature","properties":{"kind":"road","name":null,"on_campus":false,"highway":"footway","sport":null,"levels":null,"id":1082465644},"geometry":{"type":"LineString","coordinates":[[245.9,244.0],[245.9,248.4],[245.9,253.9]]}},{"type":"Feature","properties":{"kind":"road","name":null,"on_campus":false,"highway":"footway","sport":null,"levels":null,"id":1082465645},"geometry":{"type":"LineString","coordinates":[[293.3,240.3],[326.2,239.9],[328.1,239.9]]}},{"type":"Feature","properties":{"kind":"road","name":null,"on_campus":false,"highway":"footway","sport":null,"levels":null,"id":1082465646},"geometry":{"type":"LineString","coordinates":[[290.1,240.4],[291.8,240.3],[293.3,240.3]]}},{"type":"Feature","properties":{"kind":"road","name":null,"on_campus":false,"highway":"footway","sport":null,"levels":null,"id":1082465647},"geometry":{"type":"LineString","coordinates":[[336.1,239.7],[338.1,239.7],[370.8,239.3]]}},{"type":"Feature","properties":{"kind":"road","name":null,"on_campus":false,"highway":"footway","sport":null,"levels":null,"id":1082465648},"geometry":{"type":"LineString","coordinates":[[370.8,239.3],[372.3,239.2],[373.8,239.2]]}},{"type":"Feature","properties":{"kind":"road","name":null,"on_campus":false,"highway":"footway","sport":null,"levels":null,"id":1082465649},"geometry":{"type":"LineString","coordinates":[[373.8,239.2],[406.4,238.8],[408.3,238.8]]}},{"type":"Feature","properties":{"kind":"road","name":null,"on_campus":false,"highway":"footway","sport":null,"levels":null,"id":1082465657},"geometry":{"type":"LineString","coordinates":[[359.5,255.7],[363.0,255.6],[406.5,255.0],[418.6,254.9],[451.1,254.4]]}},{"type":"Feature","properties":{"kind":"road","name":null,"on_campus":false,"highway":"footway","sport":null,"levels":null,"id":1082465759},"geometry":{"type":"LineString","coordinates":[[326.6,307.9],[326.7,336.0],[326.5,337.4],[325.8,338.7],[324.8,339.7],[323.5,340.5]]}},{"type":"Feature","properties":{"kind":"road","name":null,"on_campus":false,"highway":"footway","sport":null,"levels":null,"id":1082465760},"geometry":{"type":"LineString","coordinates":[[326.5,302.6],[326.6,305.9],[326.6,307.9]]}},{"type":"Feature","properties":{"kind":"road","name":null,"on_campus":false,"highway":"footway","sport":null,"levels":null,"id":1082465761},"geometry":{"type":"LineString","coordinates":[[339.3,272.3],[338.7,272.9],[338.4,273.9],[338.3,274.9],[338.5,310.0]]}},{"type":"Feature","properties":{"kind":"road","name":null,"on_campus":false,"highway":"footway","sport":null,"levels":null,"id":1082465762},"geometry":{"type":"LineString","coordinates":[[338.5,310.0],[338.5,312.1],[338.5,314.9]]}},{"type":"Feature","properties":{"kind":"road","name":"15th Avenue Northeast","on_campus":false,"highway":"secondary","sport":null,"levels":null,"id":1086101986},"geometry":{"type":"LineString","coordinates":[[172.1,249.2],[172.0,240.5],[171.7,202.0]]}},{"type":"Feature","properties":{"kind":"road","name":null,"on_campus":false,"highway":"footway","sport":null,"levels":null,"id":1097402527},"geometry":{"type":"LineString","coordinates":[[-17.8,139.6],[-18.7,132.1],[-19.4,125.8]]}},{"type":"Feature","properties":{"kind":"road","name":null,"on_campus":false,"highway":"footway","sport":null,"levels":null,"id":1097402528},"geometry":{"type":"LineString","coordinates":[[-15.8,141.8],[-17.4,143.0]]}},{"type":"Feature","properties":{"kind":"road","name":null,"on_campus":false,"highway":"footway","sport":null,"levels":null,"id":1097402529},"geometry":{"type":"LineString","coordinates":[[73.7,126.9],[73.9,133.5],[74.1,141.2]]}},{"type":"Feature","properties":{"kind":"road","name":null,"on_campus":false,"highway":"footway","sport":null,"levels":null,"id":1097402530},"geometry":{"type":"LineString","coordinates":[[73.8,145.0],[76.5,143.6]]}},{"type":"Feature","properties":{"kind":"road","name":null,"on_campus":false,"highway":"pedestrian","sport":null,"levels":null,"id":1177463195},"geometry":{"type":"LineString","coordinates":[[-129.9,58.1],[-128.8,67.0],[-121.9,66.3],[-122.4,58.0],[-129.9,58.1]]}},{"type":"Feature","properties":{"kind":"road","name":null,"on_campus":false,"highway":"steps","sport":null,"levels":null,"id":1177463209},"geometry":{"type":"LineString","coordinates":[[-138.4,36.4],[-138.5,33.4]]}},{"type":"Feature","properties":{"kind":"road","name":null,"on_campus":false,"highway":"footway","sport":null,"levels":null,"id":1238137772},"geometry":{"type":"LineString","coordinates":[[-133.5,27.6],[-138.6,27.6],[-138.5,33.4]]}},{"type":"Feature","properties":{"kind":"road","name":null,"on_campus":false,"highway":"service","sport":null,"levels":null,"id":1243600116},"geometry":{"type":"LineString","coordinates":[[-282.0,-248.0],[-281.6,-265.6]]}},{"type":"Feature","properties":{"kind":"building","name":null,"on_campus":false,"highway":null,"sport":null,"levels":null,"id":1243602470},"geometry":{"type":"Polygon","coordinates":[[[-281.4,-259.9],[-275.6,-259.7],[-275.9,-250.4],[-281.6,-250.6],[-281.4,-259.9]]]}},{"type":"Feature","properties":{"kind":"road","name":null,"on_campus":false,"highway":"footway","sport":null,"levels":null,"id":1259143180},"geometry":{"type":"LineString","coordinates":[[-241.8,39.2],[-240.0,39.2],[-238.2,39.2]]}},{"type":"Feature","properties":{"kind":"road","name":null,"on_campus":false,"highway":"footway","sport":null,"levels":null,"id":1259143181},"geometry":{"type":"LineString","coordinates":[[-243.4,39.2],[-241.8,39.2]]}},{"type":"Feature","properties":{"kind":"road","name":null,"on_campus":false,"highway":"footway","sport":null,"levels":null,"id":1259143182},"geometry":{"type":"LineString","coordinates":[[-231.6,-24.4],[-228.9,-24.4]]}},{"type":"Feature","properties":{"kind":"road","name":null,"on_campus":false,"highway":"footway","sport":null,"levels":null,"id":1259143183},"geometry":{"type":"LineString","coordinates":[[-242.6,-23.7],[-240.8,-23.8],[-238.9,-23.8]]}},{"type":"Feature","properties":{"kind":"road","name":null,"on_campus":false,"highway":"footway","sport":null,"levels":null,"id":1259143184},"geometry":{"type":"LineString","coordinates":[[-244.1,-23.7],[-242.6,-23.7]]}},{"type":"Feature","properties":{"kind":"road","name":null,"on_campus":false,"highway":"footway","sport":null,"levels":null,"id":1259143185},"geometry":{"type":"LineString","coordinates":[[-246.2,-23.7],[-244.1,-23.7]]}},{"type":"Feature","properties":{"kind":"road","name":null,"on_campus":false,"highway":"footway","sport":null,"levels":null,"id":1259143186},"geometry":{"type":"LineString","coordinates":[[-232.3,-40.6],[-230.2,-40.6]]}},{"type":"Feature","properties":{"kind":"road","name":null,"on_campus":false,"highway":"footway","sport":null,"levels":null,"id":1259143187},"geometry":{"type":"LineString","coordinates":[[-246.4,-39.7],[-244.3,-39.7]]}},{"type":"Feature","properties":{"kind":"road","name":"Roosevelt Way Northeast","on_campus":false,"highway":"primary","sport":null,"levels":null,"id":1259143188},"geometry":{"type":"LineString","coordinates":[[-236.7,-32.0],[-235.3,-25.3],[-235.3,-24.1],[-235.3,-22.3],[-234.8,25.8]]}},{"type":"Feature","properties":{"kind":"building","name":null,"on_campus":false,"highway":null,"sport":null,"levels":null,"id":1259509489},"geometry":{"type":"Polygon","coordinates":[[[-126.9,-131.9],[-122.6,-131.9],[-122.6,-123.9],[-136.1,-123.9],[-136.1,-131.9],[-132.1,-131.9],[-132.1,-133.1],[-126.8,-133.1],[-126.9,-131.9]]]}},{"type":"Feature","properties":{"kind":"building","name":null,"on_campus":false,"highway":null,"sport":null,"levels":null,"id":1259509494},"geometry":{"type":"Polygon","coordinates":[[[-244.9,278.7],[-245.0,287.7],[-245.4,287.7],[-276.0,287.3],[-283.6,287.3],[-283.5,278.3],[-277.5,278.3],[-244.9,278.7]]]}},{"type":"Feature","properties":{"kind":"building","name":null,"on_campus":false,"highway":null,"sport":null,"levels":null,"id":1259509495},"geometry":{"type":"Polygon","coordinates":[[[-244.8,269.3],[-244.9,278.7],[-277.5,278.3],[-277.4,268.9],[-269.1,269.0],[-244.8,269.3]]]}},{"type":"Feature","properties":{"kind":"building","name":null,"on_campus":false,"highway":null,"sport":null,"levels":null,"id":1259509496},"geometry":{"type":"Polygon","coordinates":[[[-244.7,260.2],[-244.8,269.3],[-269.1,269.0],[-269.0,260.0],[-253.2,260.1],[-244.7,260.2]]]}},{"type":"Feature","properties":{"kind":"building","name":null,"on_campus":false,"highway":null,"sport":null,"levels":"1","id":1259509497},"geometry":{"type":"Polygon","coordinates":[[[-244.7,260.2],[-244.6,246.4],[-252.8,246.3],[-252.9,248.7],[-265.2,248.6],[-265.3,257.5],[-253.2,257.6],[-253.2,260.1],[-244.7,260.2]]]}},{"type":"Feature","properties":{"kind":"road","name":"Roosevelt Way Northeast & Northeast 69th Street","on_campus":false,"highway":"platform","sport":null,"levels":null,"id":1269281283},"geometry":{"type":"LineString","coordinates":[[-248.9,-167.0],[-250.4,-166.9],[-250.5,-170.9],[-249.0,-170.9],[-248.1,-170.9],[-247.1,-170.9],[-247.1,-170.6],[-245.9,-170.6],[-245.9,-169.4],[-245.9,-168.2],[-245.8,-165.5],[-247.1,-165.5],[-248.0,-165.5],[-248.9,-165.5],[-248.9,-167.0]]}},{"type":"Feature","properties":{"kind":"road","name":null,"on_campus":false,"highway":"footway","sport":null,"levels":null,"id":1270302056},"geometry":{"type":"LineString","coordinates":[[-243.3,166.0],[-242.3,166.0]]}},{"type":"Feature","properties":{"kind":"road","name":null,"on_campus":false,"highway":"footway","sport":null,"levels":null,"id":1270302057},"geometry":{"type":"LineString","coordinates":[[-243.3,156.1],[-242.3,156.1]]}},{"type":"Feature","properties":{"kind":"road","name":null,"on_campus":false,"highway":"footway","sport":null,"levels":null,"id":1270302061},"geometry":{"type":"LineString","coordinates":[[-242.3,166.0],[-241.5,166.0],[-240.7,166.0]]}},{"type":"Feature","properties":{"kind":"road","name":"Roosevelt Station - Bay 5","on_campus":false,"highway":"platform","sport":null,"levels":null,"id":1270302062},"geometry":{"type":"LineString","coordinates":[[-240.7,152.5],[-240.7,151.8],[-240.2,151.2],[-239.5,151.0],[-238.8,151.2],[-238.3,151.8],[-238.3,152.5],[-238.3,170.4],[-238.3,171.1],[-238.8,171.7],[-239.5,171.9],[-240.2,171.7],[-240.7,171.1],[-240.7,170.4],[-240.7,166.9],[-240.7,166.0],[-240.7,165.1],[-240.7,157.0],[-240.7,156.1],[-240.7,155.2],[-240.7,152.5]]}},{"type":"Feature","properties":{"kind":"road","name":null,"on_campus":false,"highway":"footway","sport":null,"levels":null,"id":1270302066},"geometry":{"type":"LineString","coordinates":[[-242.3,156.1],[-241.5,156.1],[-240.7,156.1]]}},{"type":"Feature","properties":{"kind":"road","name":"Roosevelt Station - Bay 4","on_campus":false,"highway":"platform","sport":null,"levels":null,"id":1272407169},"geometry":{"type":"LineString","coordinates":[[-242.2,10.2],[-240.4,10.1],[-238.5,10.1],[-238.3,28.3],[-240.1,28.3],[-242.0,28.3],[-242.2,10.2]]}},{"type":"Feature","properties":{"kind":"building","name":null,"on_campus":false,"highway":null,"sport":null,"levels":null,"id":1274671624},"geometry":{"type":"Polygon","coordinates":[[[-102.9,-10.0],[-102.9,-4.8],[-104.7,-4.8],[-104.7,-10.0],[-102.9,-10.0]]]}},{"type":"Feature","properties":{"kind":"road","name":null,"on_campus":false,"highway":"footway","sport":null,"levels":null,"id":1274705467},"geometry":{"type":"LineString","coordinates":[[-197.0,54.6],[-194.5,54.6],[-192.1,54.6]]}},{"type":"Feature","properties":{"kind":"road","name":null,"on_campus":false,"highway":"footway","sport":null,"levels":null,"id":1274705468},"geometry":{"type":"LineString","coordinates":[[-229.0,55.4],[-227.9,54.6],[-197.0,54.6]]}},{"type":"Feature","properties":{"kind":"road","name":null,"on_campus":false,"highway":"service","sport":null,"levels":null,"id":1274705469},"geometry":{"type":"LineString","coordinates":[[-194.5,46.8],[-194.5,54.6]]}},{"type":"Feature","properties":{"kind":"road","name":null,"on_campus":false,"highway":"service","sport":null,"levels":null,"id":1274705470},"geometry":{"type":"LineString","coordinates":[[-194.5,54.6],[-194.5,71.7],[-189.6,80.6]]}},{"type":"Feature","properties":{"kind":"road","name":null,"on_campus":false,"highway":"footway","sport":null,"levels":null,"id":1295816114},"geometry":{"type":"LineString","coordinates":[[-245.7,39.2],[-243.4,39.2]]}},{"type":"Feature","properties":{"kind":"road","name":null,"on_campus":false,"highway":"footway","sport":null,"levels":null,"id":1295816115},"geometry":{"type":"LineString","coordinates":[[-248.0,45.7],[-248.0,42.0]]}},{"type":"Feature","properties":{"kind":"road","name":null,"on_campus":false,"highway":"footway","sport":null,"levels":null,"id":1298951185},"geometry":{"type":"LineString","coordinates":[[-263.4,-140.7],[-342.9,-142.0],[-347.3,-142.1],[-352.6,-142.1]]}},{"type":"Feature","properties":{"kind":"road","name":null,"on_campus":false,"highway":"footway","sport":null,"levels":null,"id":1298951186},"geometry":{"type":"LineString","coordinates":[[-263.7,-163.5],[-342.8,-165.0],[-347.2,-165.0],[-352.2,-165.1]]}},{"type":"Feature","properties":{"kind":"road","name":null,"on_campus":false,"highway":"footway","sport":null,"levels":null,"id":1298951188},"geometry":{"type":"LineString","coordinates":[[-259.6,-140.7],[-263.4,-140.7]]}},{"type":"Feature","properties":{"kind":"road","name":null,"on_campus":false,"highway":"footway","sport":null,"levels":null,"id":1298951189},"geometry":{"type":"LineString","coordinates":[[-259.2,-163.4],[-263.7,-163.5]]}},{"type":"Feature","properties":{"kind":"road","name":null,"on_campus":false,"highway":"footway","sport":null,"levels":null,"id":1299441379},"geometry":{"type":"LineString","coordinates":[[-231.9,-280.5],[-232.5,-279.8]]}},{"type":"Feature","properties":{"kind":"road","name":null,"on_campus":false,"highway":"footway","sport":null,"levels":null,"id":1299441380},"geometry":{"type":"LineString","coordinates":[[-233.9,-281.7],[-232.9,-281.8]]}},{"type":"Feature","properties":{"kind":"road","name":null,"on_campus":false,"highway":"footway","sport":null,"levels":null,"id":1299441381},"geometry":{"type":"LineString","coordinates":[[-250.2,-281.4],[-249.5,-280.8]]}},{"type":"Feature","properties":{"kind":"road","name":null,"on_campus":false,"highway":"footway","sport":null,"levels":null,"id":1299441382},"geometry":{"type":"LineString","coordinates":[[-249.4,-266.1],[-249.4,-264.8]]}},{"type":"Feature","properties":{"kind":"road","name":null,"on_campus":false,"highway":"footway","sport":null,"levels":null,"id":1299441383},"geometry":{"type":"LineString","coordinates":[[-249.3,-262.9],[-247.4,-262.9]]}},{"type":"Feature","properties":{"kind":"road","name":null,"on_campus":false,"highway":"footway","sport":null,"levels":null,"id":1299441384},"geometry":{"type":"LineString","coordinates":[[-234.1,-262.8],[-232.7,-262.8]]}},{"type":"Feature","properties":{"kind":"road","name":null,"on_campus":false,"highway":"footway","sport":null,"levels":null,"id":1299441385},"geometry":{"type":"LineString","coordinates":[[-232.7,-264.6],[-232.7,-265.8]]}},{"type":"Feature","properties":{"kind":"road","name":null,"on_campus":false,"highway":"footway","sport":null,"levels":null,"id":1299441386},"geometry":{"type":"LineString","coordinates":[[-248.8,-198.1],[-248.7,-196.5]]}},{"type":"Feature","properties":{"kind":"road","name":null,"on_campus":false,"highway":"footway","sport":null,"levels":null,"id":1299441387},"geometry":{"type":"LineString","coordinates":[[-248.2,-182.4],[-246.4,-183.1]]}},{"type":"Feature","properties":{"kind":"road","name":null,"on_campus":false,"highway":"footway","sport":null,"levels":null,"id":1299441388},"geometry":{"type":"LineString","coordinates":[[-250.7,-187.9],[-250.7,-186.3]]}},{"type":"Feature","properties":{"kind":"road","name":null,"on_campus":false,"highway":"footway","sport":null,"levels":null,"id":1299441389},"geometry":{"type":"LineString","coordinates":[[-233.8,-185.2],[-231.6,-185.2]]}},{"type":"Feature","properties":{"kind":"road","name":null,"on_campus":false,"highway":"footway","sport":null,"levels":null,"id":1299441390},"geometry":{"type":"LineString","coordinates":[[-231.7,-188.7],[-231.2,-186.9]]}},{"type":"Feature","properties":{"kind":"road","name":null,"on_campus":false,"highway":"footway","sport":null,"levels":null,"id":1299441391},"geometry":{"type":"LineString","coordinates":[[-230.2,-199.7],[-231.7,-197.2]]}},{"type":"Feature","properties":{"kind":"road","name":null,"on_campus":false,"highway":"footway","sport":null,"levels":null,"id":1299441392},"geometry":{"type":"LineString","coordinates":[[-245.3,-119.7],[-247.4,-119.7]]}},{"type":"Feature","properties":{"kind":"road","name":null,"on_campus":false,"highway":"footway","sport":null,"levels":null,"id":1299441393},"geometry":{"type":"LineString","coordinates":[[-247.6,-115.9],[-248.4,-117.4]]}},{"type":"Feature","properties":{"kind":"road","name":null,"on_campus":false,"highway":"footway","sport":null,"levels":null,"id":1299441394},"geometry":{"type":"LineString","coordinates":[[-233.2,-120.4],[-230.7,-120.6]]}},{"type":"Feature","properties":{"kind":"road","name":null,"on_campus":false,"highway":"footway","sport":null,"levels":null,"id":1299441395},"geometry":{"type":"LineString","coordinates":[[-230.7,-116.9],[-229.8,-118.4]]}},{"type":"Feature","properties":{"kind":"road","name":null,"on_campus":false,"highway":"footway","sport":null,"levels":null,"id":1299441396},"geometry":{"type":"LineString","coordinates":[[-248.4,-106.5],[-249.3,-104.3]]}},{"type":"Feature","properties":{"kind":"road","name":null,"on_campus":false,"highway":"footway","sport":null,"levels":null,"id":1299441397},"geometry":{"type":"LineString","coordinates":[[-245.7,-103.9],[-248.2,-103.2]]}},{"type":"Feature","properties":{"kind":"road","name":null,"on_campus":false,"highway":"footway","sport":null,"levels":null,"id":1299441398},"geometry":{"type":"LineString","coordinates":[[-232.9,-104.9],[-230.8,-105.0]]}},{"type":"Feature","properties":{"kind":"road","name":null,"on_campus":false,"highway":"footway","sport":null,"levels":null,"id":1299441399},"geometry":{"type":"LineString","coordinates":[[-230.5,-108.5],[-229.7,-106.8]]}},{"type":"Feature","properties":{"kind":"road","name":null,"on_campus":false,"highway":"footway","sport":null,"levels":null,"id":1299441400},"geometry":{"type":"LineString","coordinates":[[-240.0,39.2],[-240.1,28.3],[-240.4,10.1],[-240.8,-23.8]]}},{"type":"Feature","properties":{"kind":"road","name":null,"on_campus":false,"highway":"footway","sport":null,"levels":null,"id":1299441401},"geometry":{"type":"LineString","coordinates":[[-247.3,-23.7],[-247.4,-27.3]]}},{"type":"Feature","properties":{"kind":"road","name":null,"on_campus":false,"highway":"footway","sport":null,"levels":null,"id":1299441402},"geometry":{"type":"LineString","coordinates":[[-247.3,-38.6],[-247.3,-35.2]]}},{"type":"Feature","properties":{"kind":"road","name":null,"on_campus":false,"highway":"footway","sport":null,"levels":null,"id":1299441403},"geometry":{"type":"LineString","coordinates":[[-229.9,-40.2],[-229.9,-37.1]]}},{"type":"Feature","properties":{"kind":"road","name":null,"on_campus":false,"highway":"footway","sport":null,"levels":null,"id":1299441404},"geometry":{"type":"LineString","coordinates":[[-229.4,-28.0],[-227.2,-25.4]]}},{"type":"Feature","properties":{"kind":"road","name":null,"on_campus":false,"highway":"footway","sport":null,"levels":null,"id":1299441405},"geometry":{"type":"LineString","coordinates":[[-248.7,-196.5],[-238.2,-197.0],[-231.7,-197.2]]}},{"type":"Feature","properties":{"kind":"road","name":null,"on_campus":false,"highway":"footway","sport":null,"levels":null,"id":1299446024},"geometry":{"type":"LineString","coordinates":[[-99.9,-279.5],[-100.7,-279.5]]}},{"type":"Feature","properties":{"kind":"road","name":null,"on_campus":false,"highway":"footway","sport":null,"levels":null,"id":1299446025},"geometry":{"type":"LineString","coordinates":[[-99.3,-277.5],[-99.2,-278.5]]}},{"type":"Feature","properties":{"kind":"road","name":null,"on_campus":false,"highway":"footway","sport":null,"levels":null,"id":1299446026},"geometry":{"type":"LineString","coordinates":[[-118.7,-277.4],[-118.7,-278.3]]}},{"type":"Feature","properties":{"kind":"road","name":null,"on_campus":false,"highway":"footway","sport":null,"levels":null,"id":1299446027},"geometry":{"type":"LineString","coordinates":[[-116.6,-279.7],[-115.6,-279.7]]}},{"type":"Feature","properties":{"kind":"road","name":null,"on_campus":false,"highway":"footway","sport":null,"levels":null,"id":1299446028},"geometry":{"type":"LineString","coordinates":[[-120.1,-266.7],[-120.7,-265.7]]}},{"type":"Feature","properties":{"kind":"road","name":null,"on_campus":false,"highway":"footway","sport":null,"levels":null,"id":1299446029},"geometry":{"type":"LineString","coordinates":[[-104.0,-264.3],[-102.9,-264.3]]}},{"type":"Feature","properties":{"kind":"road","name":null,"on_campus":false,"highway":"footway","sport":null,"levels":null,"id":1299446030},"geometry":{"type":"LineString","coordinates":[[-100.8,-265.6],[-100.8,-266.3]]}},{"type":"Feature","properties":{"kind":"road","name":null,"on_campus":false,"highway":"footway","sport":null,"levels":null,"id":1299446031},"geometry":{"type":"LineString","coordinates":[[-121.3,-200.6],[-119.6,-199.2]]}},{"type":"Feature","properties":{"kind":"road","name":null,"on_campus":false,"highway":"footway","sport":null,"levels":null,"id":1299446032},"geometry":{"type":"LineString","coordinates":[[-119.9,-188.1],[-121.1,-185.7]]}},{"type":"Feature","properties":{"kind":"road","name":null,"on_campus":false,"highway":"footway","sport":null,"levels":null,"id":1299446033},"geometry":{"type":"LineString","coordinates":[[-104.5,-198.8],[-103.0,-200.8]]}},{"type":"Feature","properties":{"kind":"road","name":null,"on_campus":false,"highway":"footway","sport":null,"levels":null,"id":1299446034},"geometry":{"type":"LineString","coordinates":[[-102.0,-185.8],[-103.5,-185.8],[-104.3,-185.4],[-104.6,-184.7],[-103.9,-122.8],[-103.2,-121.6]]}},{"type":"Feature","properties":{"kind":"road","name":null,"on_campus":false,"highway":"footway","sport":null,"levels":null,"id":1299446035},"geometry":{"type":"LineString","coordinates":[[-104.1,-188.0],[-102.0,-185.8]]}},{"type":"Feature","properties":{"kind":"road","name":null,"on_campus":false,"highway":"footway","sport":null,"levels":null,"id":1299446036},"geometry":{"type":"LineString","coordinates":[[-119.6,-199.2],[-112.8,-199.0],[-104.5,-198.8]]}},{"type":"Feature","properties":{"kind":"road","name":null,"on_campus":false,"highway":"footway","sport":null,"levels":null,"id":1299446037},"geometry":{"type":"LineString","coordinates":[[-119.9,-188.1],[-112.8,-188.1],[-104.1,-188.0]]}},{"type":"Feature","properties":{"kind":"road","name":null,"on_campus":false,"highway":"footway","sport":null,"levels":null,"id":1299446038},"geometry":{"type":"LineString","coordinates":[[-104.1,-120.4],[-103.2,-121.6]]}},{"type":"Feature","properties":{"kind":"road","name":null,"on_campus":false,"highway":"footway","sport":null,"levels":null,"id":1299446039},"geometry":{"type":"LineString","coordinates":[[-118.7,-119.2],[-120.5,-120.9]]}},{"type":"Feature","properties":{"kind":"road","name":null,"on_campus":false,"highway":"footway","sport":null,"levels":null,"id":1299446040},"geometry":{"type":"LineString","coordinates":[[-105.2,-106.0],[-103.2,-106.1]]}},{"type":"Feature","properties":{"kind":"road","name":null,"on_campus":false,"highway":"footway","sport":null,"levels":null,"id":1299446041},"geometry":{"type":"LineString","coordinates":[[-118.2,-106.7],[-119.6,-105.5]]}},{"type":"Feature","properties":{"kind":"road","name":null,"on_campus":false,"highway":"footway","sport":null,"levels":null,"id":1299446042},"geometry":{"type":"LineString","coordinates":[[-117.6,-22.4],[-114.5,-22.5]]}},{"type":"Feature","properties":{"kind":"road","name":null,"on_campus":false,"highway":"footway","sport":null,"levels":null,"id":1299446043},"geometry":{"type":"LineString","coordinates":[[-120.3,-41.2],[-120.3,-37.0]]}},{"type":"Feature","properties":{"kind":"road","name":null,"on_campus":false,"highway":"footway","sport":null,"levels":null,"id":1299446044},"geometry":{"type":"LineString","coordinates":[[-120.2,-29.4],[-120.2,-28.1]]}},{"type":"Feature","properties":{"kind":"road","name":null,"on_campus":false,"highway":"footway","sport":null,"levels":null,"id":1299450297},"geometry":{"type":"LineString","coordinates":[[-231.2,38.7],[-228.2,38.7]]}},{"type":"Feature","properties":{"kind":"road","name":null,"on_campus":false,"highway":"footway","sport":null,"levels":null,"id":1299450298},"geometry":{"type":"LineString","coordinates":[[-229.0,43.6],[-228.2,41.2]]}},{"type":"Feature","properties":{"kind":"road","name":null,"on_campus":false,"highway":"footway","sport":null,"levels":null,"id":1299450299},"geometry":{"type":"LineString","coordinates":[[-229.0,53.6],[-229.0,55.4]]}},{"type":"Feature","properties":{"kind":"road","name":null,"on_campus":false,"highway":"footway","sport":null,"levels":null,"id":1299450300},"geometry":{"type":"LineString","coordinates":[[-102.4,54.0],[-100.4,55.2]]}},{"type":"Feature","properties":{"kind":"road","name":null,"on_campus":false,"highway":"footway","sport":null,"levels":null,"id":1299450301},"geometry":{"type":"LineString","coordinates":[[-22.4,-74.1],[-15.7,-74.1]]}},{"type":"Feature","properties":{"kind":"road","name":null,"on_campus":false,"highway":"footway","sport":null,"levels":null,"id":1299450302},"geometry":{"type":"LineString","coordinates":[[-22.2,-67.7],[-15.6,-67.7]]}},{"type":"Feature","properties":{"kind":"road","name":null,"on_campus":false,"highway":"footway","sport":null,"levels":null,"id":1299450303},"geometry":{"type":"LineString","coordinates":[[-22.2,-61.3],[-15.5,-61.4]]}},{"type":"Feature","properties":{"kind":"road","name":null,"on_campus":false,"highway":"footway","sport":null,"levels":null,"id":1299450304},"geometry":{"type":"LineString","coordinates":[[-18.5,58.3],[-17.8,123.4]]}},{"type":"Feature","properties":{"kind":"road","name":null,"on_campus":false,"highway":"footway","sport":null,"levels":null,"id":1299450305},"geometry":{"type":"LineString","coordinates":[[-4.1,60.7],[-5.7,59.6]]}},{"type":"Feature","properties":{"kind":"road","name":null,"on_campus":false,"highway":"footway","sport":null,"levels":null,"id":1299450306},"geometry":{"type":"LineString","coordinates":[[76.3,38.3],[75.2,39.6],[71.6,41.8]]}},{"type":"Feature","properties":{"kind":"road","name":null,"on_campus":false,"highway":"footway","sport":null,"levels":null,"id":1299450307},"geometry":{"type":"LineString","coordinates":[[71.6,41.8],[71.5,37.5]]}},{"type":"Feature","properties":{"kind":"road","name":null,"on_campus":false,"highway":"steps","sport":null,"levels":null,"id":1299450308},"geometry":{"type":"LineString","coordinates":[[71.6,43.2],[71.6,41.8]]}},{"type":"Feature","properties":{"kind":"road","name":null,"on_campus":false,"highway":"footway","sport":null,"levels":null,"id":1299450309},"geometry":{"type":"LineString","coordinates":[[69.1,61.3],[69.2,58.3]]}},{"type":"Feature","properties":{"kind":"road","name":null,"on_campus":false,"highway":"footway","sport":null,"levels":null,"id":1299450310},"geometry":{"type":"LineString","coordinates":[[75.8,61.3],[73.1,61.3]]}},{"type":"Feature","properties":{"kind":"road","name":null,"on_campus":false,"highway":"footway","sport":null,"levels":null,"id":1299450311},"geometry":{"type":"LineString","coordinates":[[89.6,56.6],[89.6,57.8]]}},{"type":"Feature","properties":{"kind":"road","name":null,"on_campus":false,"highway":"footway","sport":null,"levels":null,"id":1299450312},"geometry":{"type":"LineString","coordinates":[[88.8,61.5],[84.7,61.4]]}},{"type":"Feature","properties":{"kind":"road","name":null,"on_campus":false,"highway":"footway","sport":null,"levels":null,"id":1299453610},"geometry":{"type":"LineString","coordinates":[[157.3,-259.0],[159.0,-259.0]]}},{"type":"Feature","properties":{"kind":"road","name":null,"on_campus":false,"highway":"footway","sport":null,"levels":null,"id":1299453611},"geometry":{"type":"LineString","coordinates":[[157.2,-262.6],[157.3,-259.0]]}},{"type":"Feature","properties":{"kind":"road","name":null,"on_campus":false,"highway":"footway","sport":null,"levels":null,"id":1299453612},"geometry":{"type":"LineString","coordinates":[[157.1,-274.1],[156.7,-274.8]]}},{"type":"Feature","properties":{"kind":"road","name":null,"on_campus":false,"highway":"footway","sport":null,"levels":null,"id":1299453613},"geometry":{"type":"LineString","coordinates":[[173.7,-270.3],[173.6,-272.4]]}},{"type":"Feature","properties":{"kind":"road","name":null,"on_campus":false,"highway":"footway","sport":null,"levels":null,"id":1299453614},"geometry":{"type":"LineString","coordinates":[[172.2,-272.4],[173.6,-272.4]]}},{"type":"Feature","properties":{"kind":"road","name":null,"on_campus":false,"highway":"footway","sport":null,"levels":null,"id":1299453615},"geometry":{"type":"LineString","coordinates":[[173.8,-257.3],[173.8,-259.1]]}},{"type":"Feature","properties":{"kind":"road","name":null,"on_campus":false,"highway":"footway","sport":null,"levels":null,"id":1299453616},"geometry":{"type":"LineString","coordinates":[[92.8,-109.4],[92.8,-114.4]]}},{"type":"Feature","properties":{"kind":"road","name":null,"on_campus":false,"highway":"footway","sport":null,"levels":null,"id":1299453617},"geometry":{"type":"LineString","coordinates":[[92.8,-106.5],[92.8,-109.4]]}},{"type":"Feature","properties":{"kind":"road","name":null,"on_campus":false,"highway":"footway","sport":null,"levels":null,"id":1299453618},"geometry":{"type":"LineString","coordinates":[[158.1,-193.7],[158.1,-191.9]]}},{"type":"Feature","properties":{"kind":"road","name":null,"on_campus":false,"highway":"footway","sport":null,"levels":null,"id":1299453619},"geometry":{"type":"LineString","coordinates":[[158.2,-178.8],[158.2,-181.1]]}},{"type":"Feature","properties":{"kind":"road","name":null,"on_campus":false,"highway":"footway","sport":null,"levels":null,"id":1299453620},"geometry":{"type":"LineString","coordinates":[[160.4,-174.6],[158.9,-174.6]]}},{"type":"Feature","properties":{"kind":"road","name":null,"on_campus":false,"highway":"footway","sport":null,"levels":null,"id":1299453621},"geometry":{"type":"LineString","coordinates":[[159.0,-120.9],[159.0,-122.2]]}},{"type":"Feature","properties":{"kind":"road","name":null,"on_campus":false,"highway":"footway","sport":null,"levels":null,"id":1299453622},"geometry":{"type":"LineString","coordinates":[[159.1,-113.2],[159.1,-111.9]]}},{"type":"Feature","properties":{"kind":"road","name":null,"on_campus":false,"highway":"footway","sport":null,"levels":null,"id":1299453623},"geometry":{"type":"LineString","coordinates":[[175.5,-57.5],[176.6,-57.5]]}},{"type":"Feature","properties":{"kind":"road","name":null,"on_campus":false,"highway":"footway","sport":null,"levels":null,"id":1299453624},"geometry":{"type":"LineString","coordinates":[[160.3,-56.7],[161.9,-56.7]]}},{"type":"Feature","properties":{"kind":"road","name":null,"on_campus":false,"highway":"footway","sport":null,"levels":null,"id":1299453625},"geometry":{"type":"LineString","coordinates":[[174.6,-75.2],[176.4,-75.2]]}},{"type":"Feature","properties":{"kind":"road","name":null,"on_campus":false,"highway":"footway","sport":null,"levels":null,"id":1299453626},"geometry":{"type":"LineString","coordinates":[[177.4,-69.9],[177.3,-72.5]]}},{"type":"Feature","properties":{"kind":"road","name":null,"on_campus":false,"highway":"footway","sport":null,"levels":null,"id":1299453627},"geometry":{"type":"LineString","coordinates":[[158.4,57.3],[158.4,59.2]]}},{"type":"Feature","properties":{"kind":"road","name":null,"on_campus":false,"highway":"footway","sport":null,"levels":null,"id":1299453628},"geometry":{"type":"LineString","coordinates":[[156.3,47.2],[157.3,48.5]]}},{"type":"Feature","properties":{"kind":"road","name":null,"on_campus":false,"highway":"footway","sport":null,"levels":null,"id":1299453629},"geometry":{"type":"LineString","coordinates":[[161.6,44.3],[160.4,43.7]]}},{"type":"Feature","properties":{"kind":"road","name":null,"on_campus":false,"highway":"footway","sport":null,"levels":null,"id":1299453630},"geometry":{"type":"LineString","coordinates":[[159.0,-122.2],[160.2,-122.2]]}},{"type":"Feature","properties":{"kind":"road","name":null,"on_campus":false,"highway":"footway","sport":null,"levels":null,"id":1300120256},"geometry":{"type":"LineString","coordinates":[[240.9,-71.8],[241.7,-70.3]]}},{"type":"Feature","properties":{"kind":"road","name":null,"on_campus":false,"highway":"footway","sport":null,"levels":null,"id":1300120257},"geometry":{"type":"LineString","coordinates":[[242.7,-74.2],[244.3,-73.6]]}},{"type":"Feature","properties":{"kind":"road","name":null,"on_campus":false,"highway":"footway","sport":null,"levels":null,"id":1300120258},"geometry":{"type":"LineString","coordinates":[[256.0,-71.9],[255.4,-70.5]]}},{"type":"Feature","properties":{"kind":"road","name":null,"on_campus":false,"highway":"footway","sport":null,"levels":null,"id":1300120259},"geometry":{"type":"LineString","coordinates":[[252.6,-73.7],[254.2,-74.3]]}},{"type":"Feature","properties":{"kind":"road","name":null,"on_campus":false,"highway":"footway","sport":null,"levels":null,"id":1300120262},"geometry":{"type":"LineString","coordinates":[[321.2,-74.6],[321.2,-71.3]]}},{"type":"Feature","properties":{"kind":"road","name":null,"on_campus":false,"highway":"footway","sport":null,"levels":null,"id":1300120263},"geometry":{"type":"LineString","coordinates":[[321.2,-74.6],[324.2,-74.6]]}},{"type":"Feature","properties":{"kind":"road","name":null,"on_campus":false,"highway":"footway","sport":null,"levels":null,"id":1300120264},"geometry":{"type":"LineString","coordinates":[[336.5,-74.8],[336.5,-71.5]]}},{"type":"Feature","properties":{"kind":"road","name":null,"on_campus":false,"highway":"footway","sport":null,"levels":null,"id":1300120265},"geometry":{"type":"LineString","coordinates":[[333.2,-74.7],[336.5,-74.8]]}},{"type":"Feature","properties":{"kind":"road","name":null,"on_campus":false,"highway":"footway","sport":null,"levels":null,"id":1300120266},"geometry":{"type":"LineString","coordinates":[[336.6,-63.0],[336.7,-59.8]]}},{"type":"Feature","properties":{"kind":"road","name":null,"on_campus":false,"highway":"footway","sport":null,"levels":null,"id":1300120267},"geometry":{"type":"LineString","coordinates":[[333.3,-59.7],[336.7,-59.8]]}},{"type":"Feature","properties":{"kind":"road","name":null,"on_campus":false,"highway":"footway","sport":null,"levels":null,"id":1300120268},"geometry":{"type":"LineString","coordinates":[[321.4,-59.5],[324.6,-59.6]]}},{"type":"Feature","properties":{"kind":"road","name":null,"on_campus":false,"highway":"footway","sport":null,"levels":null,"id":1300120269},"geometry":{"type":"LineString","coordinates":[[321.3,-62.7],[321.4,-59.5]]}},{"type":"Feature","properties":{"kind":"road","name":null,"on_campus":false,"highway":"footway","sport":null,"levels":null,"id":1301223056},"geometry":{"type":"LineString","coordinates":[[-244.5,119.1],[-242.6,119.1]]}},{"type":"Feature","properties":{"kind":"road","name":null,"on_campus":false,"highway":"footway","sport":null,"levels":null,"id":1301223057},"geometry":{"type":"LineString","coordinates":[[-245.5,122.9],[-245.5,121.2]]}},{"type":"Feature","properties":{"kind":"road","name":null,"on_campus":false,"highway":"footway","sport":null,"levels":null,"id":1301223058},"geometry":{"type":"LineString","coordinates":[[-230.3,119.1],[-228.4,119.1]]}},{"type":"Feature","properties":{"kind":"road","name":null,"on_campus":false,"highway":"footway","sport":null,"levels":null,"id":1301223059},"geometry":{"type":"LineString","coordinates":[[-228.2,139.9],[-228.2,138.4]]}},{"type":"Feature","properties":{"kind":"road","name":null,"on_campus":false,"highway":"footway","sport":null,"levels":null,"id":1301223060},"geometry":{"type":"LineString","coordinates":[[-242.6,141.5],[-244.0,141.8]]}},{"type":"Feature","properties":{"kind":"road","name":null,"on_campus":false,"highway":"footway","sport":null,"levels":null,"id":1301223061},"geometry":{"type":"LineString","coordinates":[[-228.1,228.3],[-228.0,229.9]]}},{"type":"Feature","properties":{"kind":"road","name":null,"on_campus":false,"highway":"footway","sport":null,"levels":null,"id":1301223062},"geometry":{"type":"LineString","coordinates":[[-245.6,231.3],[-243.9,228.6]]}},{"type":"Feature","properties":{"kind":"road","name":null,"on_campus":false,"highway":"footway","sport":null,"levels":null,"id":1301223063},"geometry":{"type":"LineString","coordinates":[[-240.9,215.1],[-243.6,214.1]]}},{"type":"Feature","properties":{"kind":"road","name":null,"on_campus":false,"highway":"footway","sport":null,"levels":null,"id":1301223064},"geometry":{"type":"LineString","coordinates":[[-227.7,217.7],[-227.7,219.6]]}},{"type":"Feature","properties":{"kind":"road","name":null,"on_campus":false,"highway":"footway","sport":null,"levels":null,"id":1301223065},"geometry":{"type":"LineString","coordinates":[[-187.0,140.0],[-187.0,142.0]]}},{"type":"Feature","properties":{"kind":"road","name":null,"on_campus":false,"highway":"footway","sport":null,"levels":null,"id":1301223066},"geometry":{"type":"LineString","coordinates":[[-245.2,319.1],[-246.0,320.7]]}},{"type":"Feature","properties":{"kind":"road","name":null,"on_campus":false,"highway":"footway","sport":null,"levels":null,"id":1301223067},"geometry":{"type":"LineString","coordinates":[[-228.0,306.3],[-229.0,307.4]]}},{"type":"Feature","properties":{"kind":"road","name":null,"on_campus":false,"highway":"footway","sport":null,"levels":null,"id":1301223068},"geometry":{"type":"LineString","coordinates":[[-228.7,322.4],[-227.9,322.9]]}},{"type":"Feature","properties":{"kind":"road","name":null,"on_campus":false,"highway":"footway","sport":null,"levels":null,"id":1301223069},"geometry":{"type":"LineString","coordinates":[[-166.7,160.7],[-167.9,158.6],[-171.7,158.5],[-178.9,151.4]]}},{"type":"Feature","properties":{"kind":"road","name":null,"on_campus":false,"highway":"footway","sport":null,"levels":null,"id":1301223070},"geometry":{"type":"LineString","coordinates":[[-175.3,168.3],[-175.2,190.6],[-175.2,199.6]]}},{"type":"Feature","properties":{"kind":"road","name":null,"on_campus":false,"highway":"footway","sport":null,"levels":null,"id":1301223071},"geometry":{"type":"LineString","coordinates":[[-166.0,185.4],[-172.4,189.0]]}},{"type":"Feature","properties":{"kind":"road","name":null,"on_campus":false,"highway":"footway","sport":null,"levels":null,"id":1301223072},"geometry":{"type":"LineString","coordinates":[[-163.7,165.8],[-166.7,160.7]]}},{"type":"Feature","properties":{"kind":"road","name":null,"on_campus":false,"highway":"steps","sport":null,"levels":null,"id":1301223073},"geometry":{"type":"LineString","coordinates":[[-175.2,199.6],[-167.6,212.4]]}},{"type":"Feature","properties":{"kind":"road","name":null,"on_campus":false,"highway":"steps","sport":null,"levels":null,"id":1301223074},"geometry":{"type":"LineString","coordinates":[[-171.1,168.4],[-168.9,168.4]]}},{"type":"Feature","properties":{"kind":"road","name":null,"on_campus":false,"highway":"footway","sport":null,"levels":null,"id":1301223075},"geometry":{"type":"LineString","coordinates":[[-177.9,158.7],[-178.3,160.0],[-175.4,162.9],[-175.3,168.3],[-171.1,168.4]]}},{"type":"Feature","properties":{"kind":"road","name":null,"on_campus":false,"highway":"footway","sport":null,"levels":null,"id":1301223076},"geometry":{"type":"LineString","coordinates":[[-168.9,168.4],[-167.2,167.6],[-163.7,165.8]]}},{"type":"Feature","properties":{"kind":"road","name":null,"on_campus":false,"highway":"footway","sport":null,"levels":null,"id":1301223077},"geometry":{"type":"LineString","coordinates":[[-167.2,167.6],[-169.0,165.8]]}},{"type":"Feature","properties":{"kind":"road","name":null,"on_campus":false,"highway":"steps","sport":null,"levels":null,"id":1301223078},"geometry":{"type":"LineString","coordinates":[[-178.9,151.4],[-182.1,154.5]]}},{"type":"Feature","properties":{"kind":"road","name":null,"on_campus":false,"highway":"footway","sport":null,"levels":null,"id":1301223079},"geometry":{"type":"LineString","coordinates":[[-172.4,189.0],[-175.2,190.6]]}},{"type":"Feature","properties":{"kind":"road","name":null,"on_campus":false,"highway":"footway","sport":null,"levels":null,"id":1301223080},"geometry":{"type":"LineString","coordinates":[[-161.9,229.8],[-161.9,231.5],[-161.9,238.2],[-161.9,245.0],[-161.9,259.8]]}},{"type":"Feature","properties":{"kind":"road","name":null,"on_campus":false,"highway":"footway","sport":null,"levels":null,"id":1301223081},"geometry":{"type":"LineString","coordinates":[[-162.0,216.4],[-161.9,219.4]]}},{"type":"Feature","properties":{"kind":"road","name":null,"on_campus":false,"highway":"footway","sport":null,"levels":null,"id":1301223082},"geometry":{"type":"LineString","coordinates":[[-161.9,219.4],[-161.9,223.1],[-161.9,228.2]]}},{"type":"Feature","properties":{"kind":"road","name":null,"on_campus":false,"highway":"footway","sport":null,"levels":null,"id":1301223083},"geometry":{"type":"LineString","coordinates":[[-161.9,228.2],[-161.9,229.8]]}},{"type":"Feature","properties":{"kind":"road","name":null,"on_campus":false,"highway":"footway","sport":null,"levels":null,"id":1301223084},"geometry":{"type":"LineString","coordinates":[[-168.7,244.9],[-163.5,245.0]]}},{"type":"Feature","properties":{"kind":"road","name":null,"on_campus":false,"highway":"footway","sport":null,"levels":null,"id":1301223085},"geometry":{"type":"LineString","coordinates":[[-168.7,238.1],[-163.6,238.2]]}},{"type":"Feature","properties":{"kind":"road","name":null,"on_campus":false,"highway":"footway","sport":null,"levels":null,"id":1301223086},"geometry":{"type":"LineString","coordinates":[[-163.5,245.0],[-161.9,245.0]]}},{"type":"Feature","properties":{"kind":"road","name":null,"on_campus":false,"highway":"footway","sport":null,"levels":null,"id":1301223087},"geometry":{"type":"LineString","coordinates":[[-163.6,238.2],[-161.9,238.2]]}},{"type":"Feature","properties":{"kind":"road","name":null,"on_campus":false,"highway":"footway","sport":null,"levels":null,"id":1301223089},"geometry":{"type":"LineString","coordinates":[[-167.6,212.4],[-166.1,214.8],[-165.2,216.4]]}},{"type":"Feature","properties":{"kind":"road","name":null,"on_campus":false,"highway":"footway","sport":null,"levels":null,"id":1301226717},"geometry":{"type":"LineString","coordinates":[[-112.7,141.6],[-114.5,141.6]]}},{"type":"Feature","properties":{"kind":"road","name":null,"on_campus":false,"highway":"footway","sport":null,"levels":null,"id":1301226718},"geometry":{"type":"LineString","coordinates":[[-116.8,120.4],[-116.8,122.8]]}},{"type":"Feature","properties":{"kind":"road","name":null,"on_campus":false,"highway":"footway","sport":null,"levels":null,"id":1301226719},"geometry":{"type":"LineString","coordinates":[[-100.8,118.9],[-102.3,119.2]]}},{"type":"Feature","properties":{"kind":"road","name":null,"on_campus":false,"highway":"footway","sport":null,"levels":null,"id":1301226720},"geometry":{"type":"LineString","coordinates":[[-99.8,122.7],[-98.9,121.4]]}},{"type":"Feature","properties":{"kind":"road","name":null,"on_campus":false,"highway":"footway","sport":null,"levels":null,"id":1301226721},"geometry":{"type":"LineString","coordinates":[[-100.7,140.0],[-99.6,140.9]]}},{"type":"Feature","properties":{"kind":"road","name":null,"on_campus":false,"highway":"footway","sport":null,"levels":null,"id":1301226722},"geometry":{"type":"LineString","coordinates":[[-117.4,163.1],[-118.3,163.1]]}},{"type":"Feature","properties":{"kind":"road","name":null,"on_campus":false,"highway":"footway","sport":null,"levels":null,"id":1301226723},"geometry":{"type":"LineString","coordinates":[[-102.3,215.1],[-100.7,214.8]]}},{"type":"Feature","properties":{"kind":"road","name":null,"on_campus":false,"highway":"footway","sport":null,"levels":null,"id":1301226724},"geometry":{"type":"LineString","coordinates":[[-112.7,215.1],[-114.6,215.1]]}},{"type":"Feature","properties":{"kind":"road","name":null,"on_campus":false,"highway":"footway","sport":null,"levels":null,"id":1301226725},"geometry":{"type":"LineString","coordinates":[[-102.2,232.1],[-100.7,232.4]]}},{"type":"Feature","properties":{"kind":"road","name":null,"on_campus":false,"highway":"footway","sport":null,"levels":null,"id":1301226726},"geometry":{"type":"LineString","coordinates":[[-116.4,228.2],[-116.4,229.9]]}},{"type":"Feature","properties":{"kind":"road","name":null,"on_campus":false,"highway":"footway","sport":null,"levels":null,"id":1301226727},"geometry":{"type":"LineString","coordinates":[[-143.0,322.9],[-142.9,333.6],[-142.8,343.2]]}},{"type":"Feature","properties":{"kind":"road","name":null,"on_campus":false,"highway":"footway","sport":null,"levels":null,"id":1301226728},"geometry":{"type":"LineString","coordinates":[[-141.6,333.6],[-136.7,336.3]]}},{"type":"Feature","properties":{"kind":"road","name":null,"on_campus":false,"highway":"footway","sport":null,"levels":null,"id":1301226729},"geometry":{"type":"LineString","coordinates":[[-142.9,333.6],[-141.6,333.6]]}},{"type":"Feature","properties":{"kind":"road","name":null,"on_campus":false,"highway":"footway","sport":null,"levels":null,"id":1301226730},"geometry":{"type":"LineString","coordinates":[[-116.8,306.3],[-115.8,307.4]]}},{"type":"Feature","properties":{"kind":"road","name":null,"on_campus":false,"highway":"footway","sport":null,"levels":null,"id":1301226731},"geometry":{"type":"LineString","coordinates":[[-99.0,306.7],[-100.4,308.6]]}},{"type":"Feature","properties":{"kind":"road","name":null,"on_campus":false,"highway":"footway","sport":null,"levels":null,"id":1301226732},"geometry":{"type":"LineString","coordinates":[[-115.8,321.9],[-116.8,322.9]]}},{"type":"Feature","properties":{"kind":"road","name":null,"on_campus":false,"highway":"footway","sport":null,"levels":null,"id":1301226733},"geometry":{"type":"LineString","coordinates":[[-100.4,320.8],[-98.4,322.9]]}},{"type":"Feature","properties":{"kind":"road","name":null,"on_campus":false,"highway":"footway","sport":null,"levels":null,"id":1301226734},"geometry":{"type":"LineString","coordinates":[[-115.8,307.4],[-107.4,308.1],[-100.4,308.6]]}},{"type":"Feature","properties":{"kind":"road","name":null,"on_campus":false,"highway":"footway","sport":null,"levels":null,"id":1301226735},"geometry":{"type":"LineString","coordinates":[[-115.8,321.9],[-115.8,314.8],[-115.8,307.4]]}},{"type":"Feature","properties":{"kind":"road","name":null,"on_campus":false,"highway":"footway","sport":null,"levels":null,"id":1301226736},"geometry":{"type":"LineString","coordinates":[[-100.4,308.6],[-100.4,314.8],[-100.4,320.8]]}},{"type":"Feature","properties":{"kind":"road","name":null,"on_campus":false,"highway":"footway","sport":null,"levels":null,"id":1301560168},"geometry":{"type":"LineString","coordinates":[[-19.4,125.8],[-19.4,124.4]]}},{"type":"Feature","properties":{"kind":"road","name":null,"on_campus":false,"highway":"footway","sport":null,"levels":null,"id":1301560169},"geometry":{"type":"LineString","coordinates":[[-16.1,122.2],[-14.4,122.6]]}},{"type":"Feature","properties":{"kind":"road","name":null,"on_campus":false,"highway":"footway","sport":null,"levels":null,"id":1301560170},"geometry":{"type":"LineString","coordinates":[[-6.6,122.8],[-2.7,122.9]]}},{"type":"Feature","properties":{"kind":"road","name":null,"on_campus":false,"highway":"footway","sport":null,"levels":null,"id":1301560171},"geometry":{"type":"LineString","coordinates":[[-17.8,139.6],[-18.4,141.0]]}},{"type":"Feature","properties":{"kind":"road","name":null,"on_campus":false,"highway":"footway","sport":null,"levels":null,"id":1301560172},"geometry":{"type":"LineString","coordinates":[[-5.4,142.2],[-2.9,142.2]]}},{"type":"Feature","properties":{"kind":"road","name":null,"on_campus":false,"highway":"footway","sport":null,"levels":null,"id":1301560173},"geometry":{"type":"LineString","coordinates":[[-17.1,217.8],[-17.1,219.2]]}},{"type":"Feature","properties":{"kind":"road","name":null,"on_campus":false,"highway":"footway","sport":null,"levels":null,"id":1301560174},"geometry":{"type":"LineString","coordinates":[[-17.0,228.1],[-17.0,229.8]]}},{"type":"Feature","properties":{"kind":"road","name":null,"on_campus":false,"highway":"footway","sport":null,"levels":null,"id":1301560175},"geometry":{"type":"LineString","coordinates":[[-19.2,306.7],[-19.2,309.4]]}},{"type":"Feature","properties":{"kind":"road","name":null,"on_campus":false,"highway":"footway","sport":null,"levels":null,"id":1301560176},"geometry":{"type":"LineString","coordinates":[[-19.1,319.4],[-19.1,322.9]]}},{"type":"Feature","properties":{"kind":"road","name":null,"on_campus":false,"highway":"footway","sport":null,"levels":null,"id":1301560177},"geometry":{"type":"LineString","coordinates":[[1.3,319.0],[-0.3,317.0]]}},{"type":"Feature","properties":{"kind":"road","name":null,"on_campus":false,"highway":"footway","sport":null,"levels":null,"id":1301560178},"geometry":{"type":"LineString","coordinates":[[-1.1,303.0],[0.0,305.9]]}},{"type":"Feature","properties":{"kind":"road","name":null,"on_campus":false,"highway":"footway","sport":null,"levels":null,"id":1301560179},"geometry":{"type":"LineString","coordinates":[[74.1,141.2],[73.1,142.8]]}},{"type":"Feature","properties":{"kind":"road","name":null,"on_campus":false,"highway":"footway","sport":null,"levels":null,"id":1301560180},"geometry":{"type":"LineString","coordinates":[[73.1,125.1],[73.7,126.9]]}},{"type":"Feature","properties":{"kind":"road","name":null,"on_campus":false,"highway":"footway","sport":null,"levels":null,"id":1301560181},"geometry":{"type":"LineString","coordinates":[[77.1,123.8],[75.4,123.4]]}},{"type":"Feature","properties":{"kind":"road","name":null,"on_campus":false,"highway":"footway","sport":null,"levels":null,"id":1301560182},"geometry":{"type":"LineString","coordinates":[[85.7,143.9],[88.2,144.0]]}},{"type":"Feature","properties":{"kind":"road","name":null,"on_campus":false,"highway":"footway","sport":null,"levels":null,"id":1301560183},"geometry":{"type":"LineString","coordinates":[[86.8,123.7],[84.9,123.8]]}},{"type":"Feature","properties":{"kind":"road","name":null,"on_campus":false,"highway":"footway","sport":null,"levels":null,"id":1301573452},"geometry":{"type":"LineString","coordinates":[[161.1,141.7],[161.1,142.8]]}},{"type":"Feature","properties":{"kind":"road","name":null,"on_campus":false,"highway":"footway","sport":null,"levels":null,"id":1301573453},"geometry":{"type":"LineString","coordinates":[[180.4,143.1],[180.4,142.0]]}},{"type":"Feature","properties":{"kind":"road","name":null,"on_campus":false,"highway":"footway","sport":null,"levels":null,"id":1301573454},"geometry":{"type":"LineString","coordinates":[[180.3,128.4],[180.3,127.1]]}},{"type":"Feature","properties":{"kind":"road","name":null,"on_campus":false,"highway":"footway","sport":null,"levels":null,"id":1301573455},"geometry":{"type":"LineString","coordinates":[[161.0,126.6],[161.0,128.0]]}},{"type":"Feature","properties":{"kind":"road","name":null,"on_campus":false,"highway":"footway","sport":null,"levels":null,"id":1301573456},"geometry":{"type":"LineString","coordinates":[[164.1,126.1],[162.9,125.6]]}},{"type":"Feature","properties":{"kind":"road","name":null,"on_campus":false,"highway":"footway","sport":null,"levels":null,"id":1301573457},"geometry":{"type":"LineString","coordinates":[[162.8,239.0],[164.9,239.0]]}},{"type":"Feature","properties":{"kind":"road","name":null,"on_campus":false,"highway":"footway","sport":null,"levels":null,"id":1301573458},"geometry":{"type":"LineString","coordinates":[[162.8,239.0],[162.9,241.8]]}},{"type":"Feature","properties":{"kind":"road","name":null,"on_campus":false,"highway":"footway","sport":null,"levels":null,"id":1301573459},"geometry":{"type":"LineString","coordinates":[[163.5,254.7],[163.6,256.2]]}},{"type":"Feature","properties":{"kind":"road","name":null,"on_campus":false,"highway":"footway","sport":null,"levels":null,"id":1301573460},"geometry":{"type":"LineString","coordinates":[[163.6,256.2],[165.0,256.2]]}},{"type":"Feature","properties":{"kind":"road","name":null,"on_campus":false,"highway":"footway","sport":null,"levels":null,"id":1301573461},"geometry":{"type":"LineString","coordinates":[[179.9,258.1],[179.9,256.0]]}},{"type":"Feature","properties":{"kind":"road","name":null,"on_campus":false,"highway":"footway","sport":null,"levels":null,"id":1301573462},"geometry":{"type":"LineString","coordinates":[[178.4,258.2],[179.9,258.1]]}},{"type":"Feature","properties":{"kind":"road","name":null,"on_campus":false,"highway":"footway","sport":null,"levels":null,"id":1301573463},"geometry":{"type":"LineString","coordinates":[[165.0,256.2],[172.1,257.2],[178.4,258.2]]}},{"type":"Feature","properties":{"kind":"road","name":null,"on_campus":false,"highway":"footway","sport":null,"levels":null,"id":1301573464},"geometry":{"type":"LineString","coordinates":[[179.9,244.0],[179.9,241.9]]}},{"type":"Feature","properties":{"kind":"road","name":null,"on_campus":false,"highway":"footway","sport":null,"levels":null,"id":1301573465},"geometry":{"type":"LineString","coordinates":[[178.4,241.9],[179.9,241.9]]}},{"type":"Feature","properties":{"kind":"road","name":null,"on_campus":false,"highway":"footway","sport":null,"levels":null,"id":1301573466},"geometry":{"type":"LineString","coordinates":[[164.9,239.0],[172.0,240.5],[178.4,241.9]]}},{"type":"Feature","properties":{"kind":"road","name":null,"on_campus":false,"highway":"footway","sport":null,"levels":null,"id":1301573467},"geometry":{"type":"LineString","coordinates":[[245.2,144.7],[247.5,144.7]]}},{"type":"Feature","properties":{"kind":"road","name":null,"on_campus":false,"highway":"footway","sport":null,"levels":null,"id":1301573468},"geometry":{"type":"LineString","coordinates":[[255.3,144.6],[257.3,144.6]]}},{"type":"Feature","properties":{"kind":"road","name":null,"on_campus":false,"highway":"footway","sport":null,"levels":null,"id":1301573469},"geometry":{"type":"LineString","coordinates":[[245.4,124.0],[247.0,124.8]]}},{"type":"Feature","properties":{"kind":"road","name":null,"on_campus":false,"highway":"footway","sport":null,"levels":null,"id":1301573470},"geometry":{"type":"LineString","coordinates":[[255.4,124.8],[257.1,123.9]]}},{"type":"Feature","properties":{"kind":"road","name":null,"on_campus":false,"highway":"footway","sport":null,"levels":null,"id":1301573471},"geometry":{"type":"LineString","coordinates":[[325.7,141.7],[326.9,141.0]]}},{"type":"Feature","properties":{"kind":"road","name":null,"on_campus":false,"highway":"footway","sport":null,"levels":null,"id":1301573472},"geometry":{"type":"LineString","coordinates":[[337.3,140.4],[338.2,141.4]]}},{"type":"Feature","properties":{"kind":"road","name":null,"on_campus":false,"highway":"footway","sport":null,"levels":null,"id":1301573473},"geometry":{"type":"LineString","coordinates":[[325.7,122.8],[327.4,123.6]]}},{"type":"Feature","properties":{"kind":"road","name":null,"on_campus":false,"highway":"footway","sport":null,"levels":null,"id":1301573474},"geometry":{"type":"LineString","coordinates":[[335.7,123.4],[337.3,122.6]]}},{"type":"Feature","properties":{"kind":"road","name":null,"on_campus":false,"highway":"footway","sport":null,"levels":null,"id":1301573475},"geometry":{"type":"LineString","coordinates":[[338.4,271.3],[339.3,272.3]]}},{"type":"Feature","properties":{"kind":"road","name":null,"on_campus":false,"highway":"footway","sport":null,"levels":null,"id":1301573476},"geometry":{"type":"LineString","coordinates":[[328.4,265.6],[326.3,265.6]]}},{"type":"Feature","properties":{"kind":"road","name":null,"on_campus":false,"highway":"footway","sport":null,"levels":null,"id":1301573477},"geometry":{"type":"LineString","coordinates":[[326.1,260.5],[324.2,263.0]]}},{"type":"Feature","properties":{"kind":"road","name":null,"on_campus":false,"highway":"footway","sport":null,"levels":null,"id":1303394270},"geometry":{"type":"LineString","coordinates":[[-242.4,397.6],[-244.4,397.2]]}},{"type":"Feature","properties":{"kind":"road","name":null,"on_campus":false,"highway":"footway","sport":null,"levels":null,"id":1303402113},"geometry":{"type":"LineString","coordinates":[[159.7,335.6],[158.5,332.4]]}},{"type":"Feature","properties":{"kind":"road","name":null,"on_campus":false,"highway":"footway","sport":null,"levels":null,"id":1303402114},"geometry":{"type":"LineString","coordinates":[[164.3,326.0],[165.5,326.0]]}},{"type":"Feature","properties":{"kind":"road","name":null,"on_campus":false,"highway":"footway","sport":null,"levels":null,"id":1303402115},"geometry":{"type":"LineString","coordinates":[[179.2,323.7],[178.2,323.6]]}},{"type":"Feature","properties":{"kind":"road","name":null,"on_campus":false,"highway":"footway","sport":null,"levels":null,"id":1303402116},"geometry":{"type":"LineString","coordinates":[[183.5,328.3],[183.5,326.6]]}},{"type":"Feature","properties":{"kind":"road","name":null,"on_campus":false,"highway":"footway","sport":null,"levels":null,"id":1303402117},"geometry":{"type":"LineString","coordinates":[[159.9,344.5],[160.1,346.0]]}},{"type":"Feature","properties":{"kind":"road","name":null,"on_campus":false,"highway":"footway","sport":null,"levels":null,"id":1303402118},"geometry":{"type":"LineString","coordinates":[[183.5,343.0],[183.5,340.7]]}},{"type":"Feature","properties":{"kind":"road","name":null,"on_campus":false,"highway":"footway","sport":null,"levels":null,"id":1303402119},"geometry":{"type":"LineString","coordinates":[[183.5,343.0],[194.3,340.7],[214.5,338.1],[229.7,337.7],[265.5,337.8],[276.6,338.5],[302.6,342.7]]}},{"type":"Feature","properties":{"kind":"road","name":null,"on_campus":false,"highway":"footway","sport":null,"levels":null,"id":1303402120},"geometry":{"type":"LineString","coordinates":[[302.6,342.7],[304.8,340.2],[307.7,336.9]]}},{"type":"Feature","properties":{"kind":"road","name":null,"on_campus":false,"highway":"footway","sport":null,"levels":null,"id":1303402121},"geometry":{"type":"LineString","coordinates":[[307.7,336.9],[308.4,335.6]]}},{"type":"Feature","properties":{"kind":"road","name":null,"on_campus":false,"highway":"service","sport":null,"levels":null,"id":1304048590},"geometry":{"type":"LineString","coordinates":[[-182.0,353.9],[-143.1,354.0],[-133.0,349.4]]}},{"type":"Feature","properties":{"kind":"road","name":"Roosevelt Way Northeast","on_campus":false,"highway":"primary","sport":null,"levels":null,"id":1308741267},"geometry":{"type":"LineString","coordinates":[[-234.8,25.8],[-234.7,37.6],[-234.7,39.0],[-234.6,40.7],[-235.7,48.1]]}},{"type":"Feature","properties":{"kind":"road","name":"12th Avenue Northeast","on_campus":false,"highway":"primary","sport":null,"levels":null,"id":1308741268},"geometry":{"type":"LineString","coordinates":[[-111.1,-7.4],[-111.3,-19.5],[-111.4,-22.5],[-111.6,-32.7]]}},{"type":"Feature","properties":{"kind":"road","name":null,"on_campus":false,"highway":"cycleway","sport":null,"levels":null,"id":1332003891},"geometry":{"type":"LineString","coordinates":[[-241.3,321.2],[-241.3,323.1],[-241.3,397.6],[-241.3,404.3],[-241.2,414.9],[-241.2,456.4],[-241.1,477.8]]}},{"type":"Feature","properties":{"kind":"road","name":null,"on_campus":false,"highway":"cycleway","sport":null,"levels":null,"id":1332003892},"geometry":{"type":"LineString","coordinates":[[-241.2,308.2],[-241.3,315.1],[-241.3,321.2]]}},{"type":"Feature","properties":{"kind":"road","name":null,"on_campus":false,"highway":"service","sport":null,"levels":null,"id":1378616909},"geometry":{"type":"LineString","coordinates":[[-192.9,246.8],[-203.1,246.8]]}},{"type":"Feature","properties":{"kind":"road","name":null,"on_campus":false,"highway":"service","sport":null,"levels":null,"id":1378616910},"geometry":{"type":"LineString","coordinates":[[-194.6,280.2],[-192.0,280.2]]}},{"type":"Feature","properties":{"kind":"road","name":null,"on_campus":false,"highway":"service","sport":null,"levels":null,"id":1378616911},"geometry":{"type":"LineString","coordinates":[[-149.5,314.9],[-149.5,308.6]]}},{"type":"Feature","properties":{"kind":"road","name":null,"on_campus":false,"highway":"service","sport":null,"levels":null,"id":1378616912},"geometry":{"type":"LineString","coordinates":[[-149.5,272.6],[-149.5,269.8],[-151.0,269.8],[-172.2,269.8],[-192.8,269.8],[-194.6,269.8]]}},{"type":"Feature","properties":{"kind":"road","name":null,"on_campus":false,"highway":"service","sport":null,"levels":null,"id":1378616913},"geometry":{"type":"LineString","coordinates":[[-149.5,308.6],[-149.5,306.7],[-149.5,303.9]]}},{"type":"Feature","properties":{"kind":"building","name":null,"on_campus":false,"highway":null,"sport":null,"levels":"1","id":1378616914},"geometry":{"type":"Polygon","coordinates":[[[-145.4,282.1],[-145.4,286.4],[-139.9,286.4],[-139.9,282.1],[-145.4,282.1]]]}},{"type":"Feature","properties":{"kind":"road","name":"Northeast 65th Street","on_campus":false,"highway":"secondary","sport":null,"levels":null,"id":1385031262},"geometry":{"type":"LineString","coordinates":[[-108.9,130.9],[-100.2,131.0],[-83.4,131.2],[-79.7,131.3],[-68.1,131.4],[-52.1,131.6],[-44.4,131.8],[-18.7,132.1],[-9.2,132.2]]}},{"type":"Feature","properties":{"kind":"road","name":"Northeast 65th Street","on_campus":false,"highway":"secondary","sport":null,"levels":null,"id":1385031263},"geometry":{"type":"LineString","coordinates":[[-9.2,132.2],[-2.9,132.3],[20.9,132.8]]}},{"type":"Feature","properties":{"kind":"road","name":"Northeast 65th Street","on_campus":false,"highway":"secondary","sport":null,"levels":null,"id":1411099226},"geometry":{"type":"LineString","coordinates":[[129.3,134.0],[161.1,134.3],[171.1,134.4]]}},{"type":"Feature","properties":{"kind":"road","name":"15th Avenue Northeast","on_campus":false,"highway":"secondary","sport":null,"levels":null,"id":1411417586},"geometry":{"type":"LineString","coordinates":[[171.7,202.0],[171.6,184.2]]}},{"type":"Feature","properties":{"kind":"road","name":"Northeast 65th Street","on_campus":false,"highway":"secondary","sport":null,"levels":null,"id":1415318467},"geometry":{"type":"LineString","coordinates":[[332.2,133.1],[372.2,132.4]]}},{"type":"Feature","properties":{"kind":"road","name":"Northeast 65th Street","on_campus":false,"highway":"secondary","sport":null,"levels":null,"id":1415321001},"geometry":{"type":"LineString","coordinates":[[372.2,132.4],[385.2,132.2],[387.2,132.2]]}},{"type":"Feature","properties":{"kind":"road","name":null,"on_campus":false,"highway":"footway","sport":null,"levels":null,"id":1428122255},"geometry":{"type":"LineString","coordinates":[[-243.8,246.1],[-244.7,246.0],[-265.5,245.9],[-267.7,244.9]]}},{"type":"Feature","properties":{"kind":"road","name":null,"on_campus":false,"highway":"footway","sport":null,"levels":null,"id":1428122256},"geometry":{"type":"LineString","coordinates":[[-244.3,360.9],[-245.5,360.9],[-267.4,360.3]]}},{"type":"Feature","properties":{"kind":"road","name":null,"on_campus":false,"highway":"footway","sport":null,"levels":null,"id":1543068815},"geometry":{"type":"LineString","coordinates":[[-2.3,139.7],[-2.9,132.3],[-3.4,125.8]]}},{"type":"Feature","properties":{"kind":"road","name":null,"on_campus":false,"highway":"footway","sport":null,"levels":null,"id":1543068816},"geometry":{"type":"LineString","coordinates":[[-2.3,139.7],[-1.7,141.1]]}},{"type":"Feature","properties":{"kind":"road","name":null,"on_campus":false,"highway":"footway","sport":null,"levels":null,"id":1543068817},"geometry":{"type":"LineString","coordinates":[[-3.4,125.8],[-2.4,124.2]]}},{"type":"Feature","properties":{"kind":"parking","name":null,"on_campus":false,"highway":null,"sport":null,"levels":null,"id":1543068818},"geometry":{"type":"Polygon","coordinates":[[[1.6,146.3],[31.2,146.7],[30.9,164.7],[2.9,164.5],[1.6,146.3]]]}},{"type":"Feature","properties":{"kind":"road","name":null,"on_campus":false,"highway":"service","sport":null,"levels":null,"id":1543068819},"geometry":{"type":"LineString","coordinates":[[35.7,156.0],[5.7,155.6]]}},{"type":"Feature","properties":{"kind":"building","name":null,"on_campus":false,"highway":null,"sport":null,"levels":null,"id":1554048077},"geometry":{"type":"Polygon","coordinates":[[[233.1,118.7],[232.5,118.7],[232.5,125.0],[242.9,124.9],[242.9,115.0],[241.5,115.0],[241.5,114.7],[241.9,114.7],[241.9,109.9],[241.5,109.9],[241.5,106.7],[239.2,106.7],[239.2,105.4],[234.9,105.4],[234.9,106.8],[233.0,106.8],[233.1,118.7]]]}}]}